[
	{ "s": "У", "p": [202, 183, 168, 201, 198, 191, 188, 200, 192, 190, 189, 33] },
	{ "s": "У́", "p": [183] },
	{ "s": "УБАВИ", "p": [183] },
	{ "s": "УБЕДЕН", "p": [188] },
	{ "s": "УБЕДИ", "p": [202] },
	{ "s": "УБЕДИХ", "p": [191] },
	{ "s": "УБЕДЯ", "p": [183] },
	{ "s": "УБЕЖДАВА", "p": [199] },
	{ "s": "УБЕЖДЕНИЯ", "p": [202] },
	{ "s": "УБИ", "p": [190, 183, 46] },
	{ "s": "УБИВА", "p": [181, 128, 56] },
	{ "s": "УБИВАМ", "p": [157] },
	{ "s": "УБИВАНЕТО", "p": [191] },
	{ "s": "УБИВАХА", "p": [60] },
	{ "s": "УБИВАШ", "p": [186] },
	{ "s": "УБИВАШЕ", "p": [184, 202, 201] },
	{ "s": "УБИЕЦ", "p": [188] },
	{ "s": "УБИЕЦА", "p": [183] },
	{ "s": "УБИЕЦЪТ", "p": [190, 79] },
	{ "s": "УБИИЙСТВЕНА", "p": [202] },
	{ "s": "УБИИТЕ", "p": [186] },
	{ "s": "УБИЙСТВЕН", "p": [180, 128] },
	{ "s": "УБИЙСТВЕНА", "p": [10] },
	{ "s": "УБИЙСТВЕНИТЕ", "p": [191] },
	{ "s": "УБИЙСТВЕНО", "p": [202] },
	{ "s": "УБИЙСТВО", "p": [191, 184] },
	{ "s": "УБИЙЦИ", "p": [190] },
	{ "s": "УБИТ", "p": [65] },
	{ "s": "УБИТИ", "p": [201] },
	{ "s": "УБИХМЕ", "p": [186] },
	{ "s": "УБИЯТ", "p": [127] },
	{ "s": "УБОЖДАШ", "p": [186] },
	{ "s": "УВАЖАВАЩ", "p": [192] },
	{ "s": "УВАЖАЕМА", "p": [63] },
	{ "s": "УВАЖАТ", "p": [192] },
	{ "s": "УВАЖЕНИЕТО", "p": [193] },
	{ "s": "УВЕДОМЯ", "p": [199] },
	{ "s": "УВЕДОМЯВАШЕ", "p": [202] },
	{ "s": "УВЕРЕНА", "p": [192] },
	{ "s": "УВЕХНАЛ", "p": [183] },
	{ "s": "УВЕХНАЛО", "p": [171] },
	{ "s": "УВИ", "p": [98, 13] },
	{ "s": "УВИВЕН", "p": [163] },
	{ "s": "УВИСНА", "p": [193, 183, 139, 10] },
	{ "s": "УВИСНАЛА", "p": [6] },
	{ "s": "УВЯХВАЩИЯ", "p": [201] },
	{ "s": "УВЯХНАЛИ", "p": [183] },
	{ "s": "УГАСВА", "p": [6] },
	{ "s": "УГАСВАМ", "p": [95] },
	{ "s": "УГАСВАМЕ", "p": [146] },
	{ "s": "УГАСВАНЕ", "p": [100] },
	{ "s": "УГАСВАЩИ", "p": [23] },
	{ "s": "УГАСНА", "p": [183, 23] },
	{ "s": "УГАСНЕ", "p": [197, 183] },
	{ "s": "УГАСНЕМ", "p": [38] },
	{ "s": "УГОВОРИХА", "p": [201] },
	{ "s": "УГОВОРКА", "p": [24] },
	{ "s": "УГРИЖЕНИ", "p": [186] },
	{ "s": "УГРИЗЕНИЯ", "p": [194] },
	{ "s": "УДАВЕН", "p": [183] },
	{ "s": "УДАВЕНАТА", "p": [111] },
	{ "s": "УДАВЕНИ", "p": [144] },
	{ "s": "УДАВИ", "p": [45] },
	{ "s": "УДАВЯ", "p": [183] },
	{ "s": "УДАРЕН", "p": [194] },
	{ "s": "УДАРИ", "p": [111] },
	{ "s": "УДАРИЛ", "p": [202] },
	{ "s": "УДИВИТЕЛНА", "p": [194] },
	{ "s": "УДИВИТЕЛНО", "p": [199] },
	{ "s": "УДОБЕН", "p": [147] },
	{ "s": "УДОБНИ", "p": [200] },
	{ "s": "УДОБНО", "p": [202, 198, 39] },
	{ "s": "УДРЯЛ", "p": [198] },
	{ "s": "УДЪРЖАМЕ", "p": [38] },
	{ "s": "УЕБСАЙТ", "p": [1] },
	{ "s": "УЖ", "p": [186, 202, 199, 198, 194, 191, 185, 172, 167, 145, 101, 98, 82, 60, 33] },
	{ "s": "УЖАС", "p": [168] },
	{ "s": "УЖАСЕН", "p": [186] },
	{ "s": "УЖАСЕНА", "p": [201] },
	{ "s": "УЖАСНА", "p": [73] },
	{ "s": "УЖАСЯВАЩО", "p": [198, 192] },
	{ "s": "УИЛМАААААААААААА", "p": [139] },
	{ "s": "УКАЗАНИЯ", "p": [193] },
	{ "s": "УКОР", "p": [127] },
	{ "s": "УКРИВА", "p": [183] },
	{ "s": "УКРИВАНЕТО", "p": [191] },
	{ "s": "УЛИЦАТА", "p": [205, 194, 192, 191] },
	{ "s": "УЛИЦИ", "p": [202, 191] },
	{ "s": "УЛИЦИТЕ", "p": [191] },
	{ "s": "УЛИЧАВАНЕ", "p": [191] },
	{ "s": "УЛИЧНИТЕ", "p": [100] },
	{ "s": "УЛИЧНО", "p": [191] },
	{ "s": "УЛИЧНОТО", "p": [194] },
	{ "s": "УЛТРАСИ", "p": [189] },
	{ "s": "УЛУЦИ", "p": [188] },
	{ "s": "УМЕЛО", "p": [202, 192] },
	{ "s": "УМЕН", "p": [52] },
	{ "s": "УМЕНИЯ", "p": [197] },
	{ "s": "УМИРА", "p": [183] },
	{ "s": "УМИРАЙТЕ", "p": [186] },
	{ "s": "УМИРАМ", "p": [40] },
	{ "s": "УМИРАНЕ", "p": [183, 143, 79] },
	{ "s": "УМИРАТ", "p": [190] },
	{ "s": "УМНА", "p": [201, 141] },
	{ "s": "УМОРЕНА", "p": [185] },
	{ "s": "УМОРИХА", "p": [191] },
	{ "s": "УМОРУ", "p": [183] },
	{ "s": "УМОРЯТ", "p": [191] },
	{ "s": "УМРА", "p": [52] },
	{ "s": "УМРЕ", "p": [69] },
	{ "s": "УМРЕЛИ", "p": [189, 183] },
	{ "s": "УМРЕЛИТЕ", "p": [189] },
	{ "s": "УМРЕШ", "p": [208, 184, 183] },
	{ "s": "УМРЯ", "p": [195, 193, 192, 19] },
	{ "s": "УМРЯЛ", "p": [189, 145] },
	{ "s": "УМРЯЛО", "p": [186] },
	{ "s": "УМРЯЛОТО", "p": [183] },
	{ "s": "УМРЯХА", "p": [189, 19] },
	{ "s": "УМРЯХМЕ", "p": [162] },
	{ "s": "УМЪРСЯВА", "p": [202] },
	{ "s": "УНИ", "p": [201] },
	{ "s": "УНИВАМ", "p": [186] },
	{ "s": "УНИЖЕНИЯ", "p": [36] },
	{ "s": "УНИЗИТЕЛНО", "p": [157] },
	{ "s": "УНИКАЛЕН", "p": [202, 201] },
	{ "s": "УНИКАЛНА", "p": [191] },
	{ "s": "УНИКАЛНИ", "p": [201] },
	{ "s": "УНИКАЛНИЯ", "p": [201] },
	{ "s": "УНИЛО", "p": [165, 81] },
	{ "s": "УНИФОРМА", "p": [192] },
	{ "s": "УНИФОРМЕНИТЕ", "p": [194] },
	{ "s": "УПАДЪК", "p": [188, 105] },
	{ "s": "УПАДЪКЪТ", "p": [106] },
	{ "s": "УПЛАХА", "p": [150] },
	{ "s": "УПОМЕНАВАН", "p": [200] },
	{ "s": "УПОР", "p": [127, 119] },
	{ "s": "УПОРАВЛЯВАЩОТО", "p": [194] },
	{ "s": "УПОРИТО", "p": [183, 202, 193] },
	{ "s": "УПОРИТОСТ", "p": [192] },
	{ "s": "УПОРИТОСТТА", "p": [193] },
	{ "s": "УПОТРЕБА", "p": [185] },
	{ "s": "УПОТРЕБЕНО", "p": [183] },
	{ "s": "УПОТРЕБИ", "p": [201] },
	{ "s": "УПРАВЛЕНИЯ", "p": [191] },
	{ "s": "УПРАВЛЯВАЩИТЕ", "p": [194] },
	{ "s": "УПРАЖНЕНИЯ", "p": [198] },
	{ "s": "УПРАЖНЕНИЯТА", "p": [198] },
	{ "s": "УПРАЖНЯВАШ", "p": [199] },
	{ "s": "УПРЕКА", "p": [118] },
	{ "s": "УПРЕКВАМЕ", "p": [146] },
	{ "s": "УПРЕКНЕШ", "p": [24] },
	{ "s": "УРЕДИЛ", "p": [201] },
	{ "s": "УРЕЖДАМ", "p": [61] },
	{ "s": "УРИ", "p": [186] },
	{ "s": "УРОДЛИВО", "p": [45] },
	{ "s": "УРОНЕНИ", "p": [185] },
	{ "s": "УСВОИХ", "p": [74] },
	{ "s": "УСЕТ", "p": [184] },
	{ "s": "УСЕТИХ", "p": [175] },
	{ "s": "УСЕТИШ", "p": [183, 52] },
	{ "s": "УСЕЩА", "p": [107] },
	{ "s": "УСЕЩАМ", "p": [198] },
	{ "s": "УСЕЩАНЕ", "p": [24] },
	{ "s": "УСЕЩАШ", "p": [198, 185] },
	{ "s": "УСИЛЕНО", "p": [186] },
	{ "s": "УСКОРЕНИЕ", "p": [191] },
	{ "s": "УСКОРЕНО", "p": [56] },
	{ "s": "УСКОРЯВАМЕ", "p": [190] },
	{ "s": "УСЛОВНА", "p": [24] },
	{ "s": "УСЛОВНОСТИ", "p": [192] },
	{ "s": "УСЛУГА", "p": [193, 183] },
	{ "s": "УСЛУЖИ", "p": [202] },
	{ "s": "УСЛУЖЛИВ", "p": [186] },
	{ "s": "УСМИВКА", "p": [185, 84, 202, 201, 186, 167, 164, 82, 71, 9] },
	{ "s": "УСМИВКАТА", "p": [185, 71, 204, 160, 83] },
	{ "s": "УСМИВКИ", "p": [186, 185, 183, 138, 64, 45, 32] },
	{ "s": "УСМИХВАМ", "p": [185] },
	{ "s": "УСМИХВАМЕ", "p": [66] },
	{ "s": "УСМИХВАШ", "p": [186, 185, 84, 83] },
	{ "s": "УСМИХНА", "p": [193, 183] },
	{ "s": "УСМИХНАТ", "p": [186, 160] },
	{ "s": "УСМИХНАТА", "p": [71, 186, 57] },
	{ "s": "УСМЪРТИЛИ", "p": [197] },
	{ "s": "УСПЕЕШ", "p": [52] },
	{ "s": "УСПЕНИЕ", "p": [75] },
	{ "s": "УСПЕШНО", "p": [200, 194] },
	{ "s": "УСПЯ", "p": [202, 193, 188] },
	{ "s": "УСПЯВАТ", "p": [188] },
	{ "s": "УСПЯЛ", "p": [193] },
	{ "s": "УСТА", "p": [201, 202, 186, 71] },
	{ "s": "УСТАНОВИЛ", "p": [201] },
	{ "s": "УСТАНОВЯВАМ", "p": [183] },
	{ "s": "УСТАТА", "p": [202, 192, 121, 90, 63] },
	{ "s": "УСТИ", "p": [191] },
	{ "s": "УСТИТЕ", "p": [20] },
	{ "s": "УСТНАТА", "p": [201] },
	{ "s": "УСТНИ", "p": [158, 148] },
	{ "s": "УСТНИТЕ", "p": [160, 129] },
	{ "s": "УСТОЙЧИВОСТ", "p": [202] },
	{ "s": "УСТОЯВАМ", "p": [183] },
	{ "s": "УСТОЯВАТ", "p": [44] },
	{ "s": "УСТРЕМА", "p": [20] },
	{ "s": "УСТРЕМЕН", "p": [156] },
	{ "s": "УСТРЕМЕНА", "p": [77] },
	{ "s": "УСТРОЕН", "p": [192] },
	{ "s": "УСЪРДНО", "p": [200] },
	{ "s": "УТАИХ", "p": [53] },
	{ "s": "УТАЙКА", "p": [120, 56] },
	{ "s": "УТАЯВА", "p": [87] },
	{ "s": "УТВЪРДЕНИ", "p": [192, 47] },
	{ "s": "УТВЪРДИ", "p": [192] },
	{ "s": "УТВЪРДЯ", "p": [63] },
	{ "s": "УТВЪРЖДАВА", "p": [192] },
	{ "s": "УТВЪРЖДАВАНЕТО", "p": [192] },
	{ "s": "УТЕХА", "p": [201, 105] },
	{ "s": "УТЕХАТА", "p": [186] },
	{ "s": "УТОЛИШ", "p": [188] },
	{ "s": "УТОЛЯВАМ", "p": [186] },
	{ "s": "УТОПИЧНО", "p": [192] },
	{ "s": "УТРЕ", "p": [192, 180, 172, 144, 98, 73, 7] },
	{ "s": "УТРЕПАНИ", "p": [104] },
	{ "s": "УТРЕТО", "p": [208] },
	{ "s": "УТРИН", "p": [173] },
	{ "s": "УТРИНИ", "p": [104] },
	{ "s": "УТРО", "p": [160, 185, 183, 144, 83] },
	{ "s": "УТРОБА", "p": [186, 161, 118, 98, 82] },
	{ "s": "УТРОБАТА", "p": [201] },
	{ "s": "УТРОБИ", "p": [124] },
	{ "s": "УТРОТО", "p": [105] },
	{ "s": "УФ", "p": [198] },
	{ "s": "УХАЕ", "p": [186, 73] },
	{ "s": "УХАЕШ", "p": [72, 83] },
	{ "s": "УХАЕШЕ", "p": [6] },
	{ "s": "УХАЖОРИ", "p": [201] },
	{ "s": "УХАЖОРУ", "p": [183] },
	{ "s": "УХАННО", "p": [102, 78] },
	{ "s": "УХИЛЕН", "p": [186] },
	{ "s": "УХИЛЕНИ", "p": [198] },
	{ "s": "УХО", "p": [200] },
	{ "s": "УХОТО", "p": [185] },
	{ "s": "УЦЕЛИ", "p": [47] },
	{ "s": "УЦЕЛИЛИ", "p": [191] },
	{ "s": "УЧАСТВАЛИ", "p": [189] },
	{ "s": "УЧАСТИЕ", "p": [191] },
	{ "s": "УЧАСТТА", "p": [197] },
	{ "s": "УЧЕЛИ", "p": [191] },
	{ "s": "УЧЕНИЕ", "p": [119] },
	{ "s": "УЧЕНИЧКА", "p": [190] },
	{ "s": "УЧЕХ", "p": [147] },
	{ "s": "УЧТИВО", "p": [43] },
	{ "s": "УЧУДИ", "p": [202] },
	{ "s": "УШЕНЦЕТО", "p": [202] },
	{ "s": "УШИТЕ", "p": [185, 193] }
]