[
	{ "s": "I", "p": [206, 209, 204, 208, 205, 191, 49, 207, 65] },
	{ "s": "I'D", "p": [204] },
	{ "s": "I'LL", "p": [204, 209, 208] },
	{ "s": "I'M", "p": [49] },
	{ "s": "IF", "p": [204, 206] },
	{ "s": "II", "p": [64, 15, 131] },
	{ "s": "III", "p": [191] },
	{ "s": "IMPORTANT", "p": [209] },
	{ "s": "IN", "p": [207, 206, 209, 208, 205, 204, 202] },
	{ "s": "INCITING", "p": [205] },
	{ "s": "INCLUSIVE", "p": [142] },
	{ "s": "INFANTS", "p": [208] },
	{ "s": "INSANE", "p": [206] },
	{ "s": "INSIDE", "p": [206] },
	{ "s": "INTERNATIONAL", "p": [195] },
	{ "s": "INTO", "p": [208, 209, 206] },
	{ "s": "INVITING", "p": [205] },
	{ "s": "IS", "p": [209, 207, 208, 205, 204, 151] },
	{ "s": "IT", "p": [209, 206, 208, 207, 204, 194] },
	{ "s": "IT-СФЕРАТА", "p": [194] },
	{ "s": "ITS", "p": [209] },
	{ "s": "IT’S", "p": [209] },
	{ "s": "I’LL", "p": [209] }
]