[
	{ "s": "RACE", "p": [209] },
	{ "s": "RAY", "p": [204] },
	{ "s": "RE", "p": [209, 208] },
	{ "s": "REALITY", "p": [209] },
	{ "s": "REFUSE", "p": [207] },
	{ "s": "RELIEF", "p": [209] },
	{ "s": "RELIEVING", "p": [209] },
	{ "s": "RETURN", "p": [204] },
	{ "s": "REVERSING", "p": [209] },
	{ "s": "RGMO", "p": [135] },
	{ "s": "RHYMES", "p": [209] },
	{ "s": "RIBS", "p": [208] },
	{ "s": "RIDE", "p": [204] },
	{ "s": "RIGHT", "p": [209] },
	{ "s": "RISE", "p": [205] },
	{ "s": "ROAD", "p": [209] },
	{ "s": "ROLLING", "p": [205] },
	{ "s": "ROMANCE", "p": [209] },
	{ "s": "ROOM", "p": [204] },
	{ "s": "ROT", "p": [209] },
	{ "s": "ROTTEN", "p": [209] },
	{ "s": "ROTTING", "p": [208] }
]