[
	{ "s": "0", "p": [60] },
	{ "s": "0.00", "p": [60] },
	{ "s": "00", "p": [60] },
	{ "s": "01", "p": [183, 186, 178, 134, 115, 36, 21, 11] },
	{ "s": "01.10.2011", "p": [183] },
	{ "s": "01.12.2006", "p": [186] },
	{ "s": "02", "p": [183, 184, 186, 209, 35, 27, 3] },
	{ "s": "02.06.2016", "p": [209] },
	{ "s": "02.08.2009", "p": [35] },
	{ "s": "03", "p": [183, 184, 140, 139, 106, 102, 37, 20, 6] },
	{ "s": "03.03.2008", "p": [184] },
	{ "s": "03.05.2016", "p": [183] },
	{ "s": "03.11.2015", "p": [183] },
	{ "s": "04", "p": [183, 103, 184, 116, 33, 4] },
	{ "s": "04.04.2008", "p": [103] },
	{ "s": "04.12.2008", "p": [184] },
	{ "s": "05", "p": [183, 184, 147, 145, 191, 138, 135, 128, 51, 32, 31, 30, 18] },
	{ "s": "05.05.2008", "p": [184, 147, 145] },
	{ "s": "05.10.2011", "p": [183] },
	{ "s": "06", "p": [183, 144, 209, 186, 184, 132, 108, 100, 32, 27, 23, 14, 9] },
	{ "s": "06.02.2009", "p": [27] },
	{ "s": "06.05.2012", "p": [183] },
	{ "s": "06.06.2008", "p": [144] },
	{ "s": "06.11.2012", "p": [183] },
	{ "s": "06:30", "p": [32] },
	{ "s": "07", "p": [183, 186, 184, 45, 190, 137, 136, 30, 29, 26, 25, 18, 13, 6] },
	{ "s": "07.02.2006", "p": [186] },
	{ "s": "07.05.2009", "p": [30] },
	{ "s": "07.05.2010", "p": [18] },
	{ "s": "07.07.2008", "p": [184, 45] },
	{ "s": "07.27.2009", "p": [29] },
	{ "s": "08", "p": [184, 183, 44, 100, 43, 28, 188, 186, 133, 99, 35, 11] },
	{ "s": "08.01.2011", "p": [11] },
	{ "s": "08.08.08", "p": [44] },
	{ "s": "08.08.2008", "p": [184, 183, 100, 43] },
	{ "s": "08.10.2011", "p": [188] },
	{ "s": "09", "p": [184, 183, 185, 117, 95, 90, 80, 22, 21, 15] },
	{ "s": "09.01.2010", "p": [21] },
	{ "s": "09.03.2009", "p": [183] },
	{ "s": "09.09.2008", "p": [184] },
	{ "s": "09.12.2012", "p": [80] },
	{ "s": "0БИЧ", "p": [60] }
]