[
	{ "s": "S", "p": [208, 209, 205, 207, 206, 204, 192, 146] },
	{ "s": "SAID", "p": [206] },
	{ "s": "SAIL", "p": [204] },
	{ "s": "SAINTS", "p": [209] },
	{ "s": "SAME", "p": [207] },
	{ "s": "SAND", "p": [209, 205] },
	{ "s": "SANDMAN", "p": [206, 49] },
	{ "s": "SANG", "p": [192] },
	{ "s": "SAY", "p": [10, 209] },
	{ "s": "SAYING", "p": [209] },
	{ "s": "SCAN", "p": [164] },
	{ "s": "SCARS", "p": [208] },
	{ "s": "SCATTER", "p": [209] },
	{ "s": "SCREAM", "p": [208] },
	{ "s": "SCREEN", "p": [208] },
	{ "s": "SE", "p": [202] },
	{ "s": "SEA", "p": [207, 206] },
	{ "s": "SECOND", "p": [209] },
	{ "s": "SEE", "p": [206, 208, 207, 205, 204] },
	{ "s": "SEED", "p": [209] },
	{ "s": "SEEMED", "p": [209] },
	{ "s": "SEND", "p": [206] },
	{ "s": "SENDER", "p": [206] },
	{ "s": "SENDING", "p": [206] },
	{ "s": "SENT", "p": [206] },
	{ "s": "SEPARATE", "p": [205] },
	{ "s": "SERPENTS", "p": [209] },
	{ "s": "SEVERING", "p": [209] },
	{ "s": "SHADOW", "p": [204] },
	{ "s": "SHADOWS", "p": [206] },
	{ "s": "SHAKEN", "p": [209] },
	{ "s": "SHAKING", "p": [209] },
	{ "s": "SHALL", "p": [209] },
	{ "s": "SHAMEFULLY", "p": [209] },
	{ "s": "SHATTERED", "p": [209] },
	{ "s": "SHATTERING", "p": [209] },
	{ "s": "SHE", "p": [206] },
	{ "s": "SHE'S", "p": [206] },
	{ "s": "SHIT", "p": [208] },
	{ "s": "SHOULD", "p": [209] },
	{ "s": "SHOVE", "p": [209] },
	{ "s": "SIDE", "p": [208, 204] },
	{ "s": "SIDE,WOMAN", "p": [204] },
	{ "s": "SIN", "p": [209] },
	{ "s": "SINGS", "p": [205] },
	{ "s": "SINS", "p": [208] },
	{ "s": "SKY", "p": [207, 205, 204] },
	{ "s": "SLIEVERY", "p": [202] },
	{ "s": "SLIPS", "p": [207] },
	{ "s": "SLOWLY", "p": [204] },
	{ "s": "SMILE", "p": [209, 204] },
	{ "s": "SMILES", "p": [209] },
	{ "s": "SMOTHERED", "p": [209] },
	{ "s": "SO", "p": [209, 206, 208, 205] },
	{ "s": "SOME", "p": [209] },
	{ "s": "SOMEONE", "p": [208] },
	{ "s": "SOMETHING", "p": [205] },
	{ "s": "SONG", "p": [209, 207, 204] },
	{ "s": "SOOTHING", "p": [209] },
	{ "s": "SORROW", "p": [183] },
	{ "s": "SOULS", "p": [209] },
	{ "s": "SOUND", "p": [206, 209] },
	{ "s": "SOWING", "p": [209] },
	{ "s": "SPACE", "p": [204] },
	{ "s": "SPEAKS", "p": [205] },
	{ "s": "SPEARS", "p": [209] },
	{ "s": "SPEED", "p": [209] },
	{ "s": "SPEEDING", "p": [209] },
	{ "s": "SPELL", "p": [209] },
	{ "s": "SPIKED", "p": [209] },
	{ "s": "SPLATTERED", "p": [209] },
	{ "s": "SPLINTERS", "p": [208] },
	{ "s": "SPOKEN", "p": [209] },
	{ "s": "SPREAD", "p": [208] },
	{ "s": "SQUEALS", "p": [209] },
	{ "s": "STABBED", "p": [209] },
	{ "s": "STAND", "p": [146] },
	{ "s": "STARTS", "p": [205] },
	{ "s": "STAY", "p": [204] },
	{ "s": "STEALING", "p": [209] },
	{ "s": "STICKING", "p": [208] },
	{ "s": "STILL", "p": [209, 204] },
	{ "s": "STIRRING", "p": [209] },
	{ "s": "STIRS", "p": [205] },
	{ "s": "STOLEN", "p": [209] },
	{ "s": "STONES", "p": [209] },
	{ "s": "STOOD", "p": [204] },
	{ "s": "STOP", "p": [209, 204] },
	{ "s": "STRANGERS", "p": [209, 205] },
	{ "s": "STREAMING", "p": [205] },
	{ "s": "STREET", "p": [205] },
	{ "s": "STRENGTH", "p": [206] },
	{ "s": "STUCK", "p": [209] },
	{ "s": "SUBMARINE", "p": [205] },
	{ "s": "SUCH", "p": [204] },
	{ "s": "SUDDEN", "p": [209] },
	{ "s": "SUGAR", "p": [208] },
	{ "s": "SUMMER", "p": [204] },
	{ "s": "SUN", "p": [205, 204] },
	{ "s": "SUNG", "p": [209] },
	{ "s": "SUNLIGHT", "p": [205] },
	{ "s": "SWAM", "p": [206] },
	{ "s": "SWIM", "p": [206] }
]