[
	{ "s": "3", "p": [33, 44, 198, 193, 191, 190, 183, 87] },
	{ "s": "3,2,1", "p": [33] },
	{ "s": "3.10.2007", "p": [87] },
	{ "s": "30", "p": [183, 139, 136, 117, 32] },
	{ "s": "30.03.2009", "p": [139] },
	{ "s": "30.07.2012", "p": [136] },
	{ "s": "30.09.2020", "p": [117] },
	{ "s": "30.11.2014", "p": [183] },
	{ "s": "300", "p": [192] },
	{ "s": "31", "p": [134, 6] },
	{ "s": "31.01.2012", "p": [134] },
	{ "s": "31.07.2014", "p": [6] },
	{ "s": "375", "p": [191] },
	{ "s": "3Х4", "p": [189] }
]