[
	{ "s": "LABYRINTHS", "p": [205] },
	{ "s": "LACK", "p": [209] },
	{ "s": "LADY", "p": [192] },
	{ "s": "LAND", "p": [205] },
	{ "s": "LAST", "p": [183] },
	{ "s": "LASTS", "p": [207] },
	{ "s": "LEAD", "p": [205] },
	{ "s": "LEADING", "p": [209] },
	{ "s": "LEADS", "p": [209] },
	{ "s": "LEAST", "p": [209] },
	{ "s": "LEAVE", "p": [209] },
	{ "s": "LEAVES", "p": [209] },
	{ "s": "LEAVING", "p": [209] },
	{ "s": "LEFT", "p": [208, 209, 204] },
	{ "s": "LET", "p": [209] },
	{ "s": "LETTING", "p": [209] },
	{ "s": "LIFE", "p": [208, 209] },
	{ "s": "LIGHT", "p": [205] },
	{ "s": "LIKE", "p": [209, 204, 49, 208] },
	{ "s": "LITTLE", "p": [209] },
	{ "s": "LL", "p": [204, 209, 208] },
	{ "s": "LONG", "p": [204] },
	{ "s": "LOOK", "p": [206, 204, 108, 49] },
	{ "s": "LOOSE", "p": [209] },
	{ "s": "LOSING", "p": [209] },
	{ "s": "LOVE", "p": [209, 204] },
	{ "s": "LOVED", "p": [208] },
	{ "s": "LOVING", "p": [209, 204] },
	{ "s": "LULLABYES", "p": [205] },
	{ "s": "LUNG", "p": [209] }
]