[
	{ "s": "1", "p": [44, 33, 207, 194, 190, 183, 6] },
	{ "s": "1,27", "p": [194] },
	{ "s": "1.08.2011", "p": [183] },
	{ "s": "10", "p": [183, 188, 182, 38, 184, 129, 87, 78, 23, 9] },
	{ "s": "10-15", "p": [188] },
	{ "s": "10.06.2009", "p": [23] },
	{ "s": "10.06.2011", "p": [9] },
	{ "s": "10.07.2009", "p": [183] },
	{ "s": "10.07.2012", "p": [183] },
	{ "s": "10.09.2008", "p": [184] },
	{ "s": "10.10.2008", "p": [38] },
	{ "s": "10.16.2012", "p": [183] },
	{ "s": "100", "p": [194, 160] },
	{ "s": "11", "p": [183, 184, 189, 115, 114, 42, 40, 24, 17, 13, 8, 7] },
	{ "s": "11.01.2009", "p": [115] },
	{ "s": "11.06.2012", "p": [183] },
	{ "s": "11.07.2009", "p": [13] },
	{ "s": "11.09.2009", "p": [183] },
	{ "s": "11.11.2009", "p": [183] },
	{ "s": "12", "p": [183, 186, 9, 191, 184, 101, 99, 96, 80, 57, 56, 39, 34, 17, 16, 6] },
	{ "s": "12-50", "p": [191] },
	{ "s": "12.03.2011", "p": [6] },
	{ "s": "12.08.2006", "p": [186] },
	{ "s": "12.08.2008", "p": [99] },
	{ "s": "12.08.2012", "p": [183] },
	{ "s": "12.11.2009", "p": [17] },
	{ "s": "12.11.2011", "p": [183] },
	{ "s": "12.12.2009", "p": [183] },
	{ "s": "12.12.2011", "p": [9] },
	{ "s": "12.19.2009", "p": [183] },
	{ "s": "13", "p": [190, 184, 183, 129] },
	{ "s": "13-ГОДИШНО", "p": [190] },
	{ "s": "13.10.2007", "p": [129] },
	{ "s": "13.11.2008", "p": [184] },
	{ "s": "13.12.2009", "p": [183] },
	{ "s": "1300", "p": [191] },
	{ "s": "14", "p": [183, 191, 138, 135, 15] },
	{ "s": "14.05.2009", "p": [191, 183] },
	{ "s": "14.05.2011", "p": [183, 138, 135] },
	{ "s": "14.07.2016", "p": [183] },
	{ "s": "14.09.2009", "p": [15] },
	{ "s": "15", "p": [194, 188, 183, 116, 56, 32, 20, 8] },
	{ "s": "15.03.2008", "p": [20] },
	{ "s": "15.04.2013", "p": [116] },
	{ "s": "15.05.2009", "p": [32] },
	{ "s": "15.05.2011", "p": [183] },
	{ "s": "15.11.2011", "p": [8] },
	{ "s": "15.12.2008", "p": [56] },
	{ "s": "1500", "p": [191] },
	{ "s": "16", "p": [183, 140, 100, 22] },
	{ "s": "16.03.2009", "p": [140] },
	{ "s": "16.04.2015", "p": [183] },
	{ "s": "16.06.2009", "p": [100] },
	{ "s": "16.07.2009", "p": [183] },
	{ "s": "16.09.2009", "p": [22] },
	{ "s": "17", "p": [190, 95, 39, 34, 31, 14] },
	{ "s": "17-ГОДИШНО", "p": [190] },
	{ "s": "17.05.2009", "p": [31] },
	{ "s": "17.06.2011", "p": [14] },
	{ "s": "17.09.2009", "p": [95] },
	{ "s": "17.12.2008", "p": [39, 34] },
	{ "s": "176", "p": [194] },
	{ "s": "18", "p": [183, 189, 102, 78, 42] },
	{ "s": "18.02.2009", "p": [183] },
	{ "s": "18.03.2008", "p": [102] },
	{ "s": "18.03.2010", "p": [183] },
	{ "s": "18.10.2007", "p": [78] },
	{ "s": "18.11.2008", "p": [42] },
	{ "s": "18.11.2009", "p": [189] },
	{ "s": "19", "p": [190, 185, 183, 108] },
	{ "s": "19.06.2011", "p": [108] },
	{ "s": "19.07.2009", "p": [190] },
	{ "s": "19.09.2007", "p": [185] },
	{ "s": "1959", "p": [204] }
]