[
	{ "s": "E", "p": [202, 26] },
	{ "s": "EACH", "p": [209] },
	{ "s": "EARTH", "p": [207] },
	{ "s": "ECHO", "p": [205] },
	{ "s": "ECHOES", "p": [205] },
	{ "s": "EDEN", "p": [209] },
	{ "s": "EM", "p": [209] },
	{ "s": "EMAIL", "p": [210] },
	{ "s": "EMOTION", "p": [209] },
	{ "s": "EMOTIONS", "p": [209] },
	{ "s": "EMPTY", "p": [206, 204] },
	{ "s": "END", "p": [200] },
	{ "s": "ENDLESS", "p": [207] },
	{ "s": "ENGLISH", "p": [209] },
	{ "s": "ENOUGH", "p": [209] },
	{ "s": "ESCAPE", "p": [208] },
	{ "s": "EVE", "p": [209] },
	{ "s": "EVEN", "p": [206] },
	{ "s": "EVER", "p": [204] },
	{ "s": "EVERYDAY", "p": [205] },
	{ "s": "EVERYONE", "p": [208] },
	{ "s": "EVERYTHING", "p": [208, 207, 209, 206, 205] },
	{ "s": "EVES", "p": [209] },
	{ "s": "EYES", "p": [208, 207, 205, 206, 204] },
	{ "s": "EСТЕТИЧНО", "p": [163] }
]