[
	{ "s": "О", "p": [199, 107, 200, 186, 87] },
	{ "s": "О́", "p": [183] },
	{ "s": "ОАЗИСЕН", "p": [145] },
	{ "s": "ОАЗИСИ", "p": [177] },
	{ "s": "ОБАГРЕНА", "p": [124, 84] },
	{ "s": "ОБАДИ", "p": [202, 191, 134] },
	{ "s": "ОБАДИХ", "p": [199] },
	{ "s": "ОБАДЯ", "p": [191] },
	{ "s": "ОБАЖДАНЕ", "p": [202, 24] },
	{ "s": "ОБАЧЕ", "p": [202, 200, 199, 197, 192, 189, 183, 8] },
	{ "s": "ОБВИВКАТА", "p": [183] },
	{ "s": "ОБВИНЕНИЯ", "p": [46] },
	{ "s": "ОБВИНЯВАНЕ", "p": [158] },
	{ "s": "ОБВИНЯЕМ", "p": [36] },
	{ "s": "ОБВИТ", "p": [180] },
	{ "s": "ОБГРАЖДАНЕ", "p": [202] },
	{ "s": "ОБГЪРНА", "p": [162] },
	{ "s": "ОБГЪРНАЛО", "p": [200] },
	{ "s": "ОБДУХВА", "p": [136] },
	{ "s": "ОБЕДИНЕН", "p": [191] },
	{ "s": "ОБЕЗВКУСЕН", "p": [57] },
	{ "s": "ОБЕЗОРЪЖАВАЩ", "p": [192] },
	{ "s": "ОБЕЗРИТМЕНИ", "p": [157] },
	{ "s": "ОБЕЗСМИСЛЕНА", "p": [194] },
	{ "s": "ОБЕЗСТРЕЛЕН", "p": [57] },
	{ "s": "ОБЕЗСЪРЧЕНИ", "p": [170] },
	{ "s": "ОБЕЗУМЯЛА", "p": [201] },
	{ "s": "ОБЕЗЦВЕТЕНА", "p": [170] },
	{ "s": "ОБЕЗЦВЕТЕНИ", "p": [49] },
	{ "s": "ОБЕЗЧОВЧЕН", "p": [61] },
	{ "s": "ОБЕКТИ", "p": [31] },
	{ "s": "ОБЕКТЪТ", "p": [31] },
	{ "s": "ОБЕЛВАШЕ", "p": [135] },
	{ "s": "ОБЕЛЕНИ", "p": [121] },
	{ "s": "ОБЕЛИ", "p": [208] },
	{ "s": "ОБЕМНО", "p": [202] },
	{ "s": "ОБЕЩАНИЯ", "p": [186, 105] },
	{ "s": "ОБЕЩАХ", "p": [53] },
	{ "s": "ОБИДЕНОТО", "p": [59] },
	{ "s": "ОБИДИ", "p": [36] },
	{ "s": "ОБИДНО", "p": [186] },
	{ "s": "ОБИЖДАМ", "p": [183] },
	{ "s": "ОБИКАЛЯ", "p": [205] },
	{ "s": "ОБИКНА", "p": [183, 150, 48] },
	{ "s": "ОБИКНАТ", "p": [83] },
	{ "s": "ОБИКНАХ", "p": [147, 75] },
	{ "s": "ОБИКНЕШ", "p": [87] },
	{ "s": "ОБИКНОВЕН", "p": [173] },
	{ "s": "ОБИКНОВЕНА", "p": [199] },
	{ "s": "ОБИКНОВЕНАТА", "p": [188] },
	{ "s": "ОБИКНОВЕНИ", "p": [169] },
	{ "s": "ОБИКНОВЕНО", "p": [199, 192, 191] },
	{ "s": "ОБИЛНИ", "p": [202] },
	{ "s": "ОБИЛНО", "p": [200] },
	{ "s": "ОБИЛНОТО", "p": [194] },
	{ "s": "ОБИТАЕМА", "p": [197] },
	{ "s": "ОБИЧ", "p": [184, 69, 185, 149, 202, 186, 183, 168, 161, 145, 142, 112, 103, 84, 70, 57, 48, 43, 22] },
	{ "s": "ОБИЧА", "p": [202, 58, 15] },
	{ "s": "ОБИЧАЙ", "p": [183] },
	{ "s": "ОБИЧАЛ", "p": [201, 194, 188, 157] },
	{ "s": "ОБИЧАЛИ", "p": [35] },
	{ "s": "ОБИЧАМ", "p": [183, 65, 185, 76, 184, 67, 18, 8, 164, 79, 74, 42, 19, 11, 200, 199, 194, 166, 143, 135, 134, 95, 91, 78, 73, 72, 69, 63, 60, 29, 12, 9] },
	{ "s": "ОБИЧАМЕ", "p": [183, 160, 126, 66, 58, 27, 11] },
	{ "s": "ОБИЧАН", "p": [160, 133] },
	{ "s": "ОБИЧАНА", "p": [202] },
	{ "s": "ОБИЧАНЕ", "p": [184, 37, 25, 15] },
	{ "s": "ОБИЧАНЕТО", "p": [183, 23] },
	{ "s": "ОБИЧАНО", "p": [65] },
	{ "s": "ОБИЧАТ", "p": [76, 201] },
	{ "s": "ОБИЧАХ", "p": [60, 183, 192, 145, 71, 70, 16] },
	{ "s": "ОБИЧАХА", "p": [198, 6] },
	{ "s": "ОБИЧАХМЕ", "p": [20] },
	{ "s": "ОБИЧАШ", "p": [183, 199, 191, 167, 146, 81, 27, 17, 11, 3] },
	{ "s": "ОБИЧАШ...ЗНАЕШ", "p": [183] },
	{ "s": "ОБИЧАШЕ", "p": [183, 201, 139] },
	{ "s": "ОБИЧАЩ", "p": [52] },
	{ "s": "ОБИЧАЩИ", "p": [160] },
	{ "s": "ОБИЧНО", "p": [37] },
	{ "s": "ОБИЧТА", "p": [208, 56] },
	{ "s": "ОБКОВ", "p": [186] },
	{ "s": "ОБКРАЧА", "p": [186] },
	{ "s": "ОБЛАГОДЕТЕЛСТВАНА", "p": [193] },
	{ "s": "ОБЛАДАЕ", "p": [186] },
	{ "s": "ОБЛАДАЯ", "p": [183] },
	{ "s": "ОБЛАСТТА", "p": [200] },
	{ "s": "ОБЛАЦИ", "p": [186, 185, 9] },
	{ "s": "ОБЛАЧНО", "p": [62] },
	{ "s": "ОБЛЕЧЕ", "p": [186] },
	{ "s": "ОБЛЕЧЕНO", "p": [136] },
	{ "s": "ОБЛЕЩЕНИ", "p": [79] },
	{ "s": "ОБЛИВА", "p": [183, 9] },
	{ "s": "ОБЛИЗВАЙ", "p": [183] },
	{ "s": "ОБЛИКА", "p": [193] },
	{ "s": "ОБЛИЦОВКИ", "p": [200] },
	{ "s": "ОБЛИЧАМ", "p": [83, 69] },
	{ "s": "ОБЛИЧАШ", "p": [186, 82] },
	{ "s": "ОБЛОГ", "p": [132] },
	{ "s": "ОБОБЩЕНИЕ", "p": [200] },
	{ "s": "ОБОЖАВАМ", "p": [201] },
	{ "s": "ОБОЗНАЧЕНО", "p": [1] },
	{ "s": "ОБОСНОВАВАНИ", "p": [31] },
	{ "s": "ОБРАБОТЕНИ", "p": [200] },
	{ "s": "ОБРАБОТКА", "p": [200] },
	{ "s": "ОБРАЗ", "p": [192, 54] },
	{ "s": "ОБРАЗИ", "p": [93] },
	{ "s": "ОБРАЗНА", "p": [184] },
	{ "s": "ОБРАЗОВАНИЕ", "p": [191, 194] },
	{ "s": "ОБРАЗЦОВ", "p": [195] },
	{ "s": "ОБРАТ", "p": [148] },
	{ "s": "ОБРАТЕН", "p": [33] },
	{ "s": "ОБРАТНАТА", "p": [33] },
	{ "s": "ОБРАТНО", "p": [206, 194] },
	{ "s": "ОБРАТНОТО", "p": [192, 188, 161] },
	{ "s": "ОБРЕДНО", "p": [56] },
	{ "s": "ОБРЕКОХМЕ", "p": [62] },
	{ "s": "ОБРЕМЕНЕН", "p": [191] },
	{ "s": "ОБРЕЧЕ", "p": [183] },
	{ "s": "ОБРЕЧЕН", "p": [199, 162, 93] },
	{ "s": "ОБРЕЧЕНА", "p": [192, 185, 167, 63] },
	{ "s": "ОБРЕЧЕНИ", "p": [122] },
	{ "s": "ОБРЕЧЕНО", "p": [66, 32] },
	{ "s": "ОБРЕЧЕНОТО", "p": [195] },
	{ "s": "ОБРИЧАМ", "p": [112] },
	{ "s": "ОБРУЛЕНИ", "p": [67] },
	{ "s": "ОБРЪЧА", "p": [181] },
	{ "s": "ОБРЪЩЕНИЕТО", "p": [191] },
	{ "s": "ОБСЕБЕН", "p": [183] },
	{ "s": "ОБСЕБЕНА", "p": [5] },
	{ "s": "ОБСЛУЖВАНЕ", "p": [191] },
	{ "s": "ОБСЛУЖИЛ", "p": [199] },
	{ "s": "ОБСТОЯТЕЛСТВА", "p": [200] },
	{ "s": "ОБСТОЯТЕЛСТВАТА", "p": [200] },
	{ "s": "ОБСЪДИМ", "p": [24] },
	{ "s": "ОБСЪЖДАТ", "p": [199] },
	{ "s": "ОБСЪЖДАШ", "p": [185] },
	{ "s": "ОБСЪЖДАШЕ", "p": [194] },
	{ "s": "ОБУВАМ", "p": [83] },
	{ "s": "ОБУВКИТЕ", "p": [194, 185] },
	{ "s": "ОБУСЛОВЕНИ", "p": [1] },
	{ "s": "ОБУЧАВАН", "p": [186] },
	{ "s": "ОБУЩА", "p": [122] },
	{ "s": "ОБХВАЩАНЕ", "p": [184] },
	{ "s": "ОБХОЖДАМ", "p": [166] },
	{ "s": "ОБШИВКА", "p": [183] },
	{ "s": "ОБЩ", "p": [199] },
	{ "s": "ОБЩА", "p": [126, 103] },
	{ "s": "ОБЩЕСТВЕН", "p": [191] },
	{ "s": "ОБЩЕСТВО", "p": [194, 193, 183, 103] },
	{ "s": "ОБЩИНАТА", "p": [194] },
	{ "s": "ОБЩИНСКИ", "p": [191] },
	{ "s": "ОБЩИТЕ", "p": [24] },
	{ "s": "ОБЩО", "p": [199, 188, 184, 103, 10] },
	{ "s": "ОБЪРКАНО", "p": [199] },
	{ "s": "ОБЪРНА", "p": [191] },
	{ "s": "ОБЪРНАХМЕ", "p": [198, 15] },
	{ "s": "ОБЪРНЕ", "p": [191] },
	{ "s": "ОБЪРНЕМ", "p": [198] },
	{ "s": "ОБЪРНЕШ", "p": [204, 186, 134] },
	{ "s": "ОБЯВИ", "p": [202] },
	{ "s": "ОБЯД", "p": [185] },
	{ "s": "ОБЯЗДИШ", "p": [185] },
	{ "s": "ОБЯСНИЛИ", "p": [191] },
	{ "s": "ОБЯСНЯ", "p": [183] },
	{ "s": "ОБЯСНЯВАЙ", "p": [199] },
	{ "s": "ОБЯСНЯВАТ", "p": [192] },
	{ "s": "ОБЯСНЯВАШ", "p": [199] },
	{ "s": "ОБЯСНЯВАШЕ", "p": [201] },
	{ "s": "ОБЯТИЯ", "p": [89] },
	{ "s": "ОВАЦИИ", "p": [192] },
	{ "s": "ОВАЦИИТЕ", "p": [192] },
	{ "s": "ОВЕРЛОГЪТ", "p": [84] },
	{ "s": "ОВЕХТЯЛА", "p": [114] },
	{ "s": "ОВКУСЯ", "p": [80] },
	{ "s": "ОВЛАЖНЯВАЩ", "p": [200] },
	{ "s": "ОВОЩНО", "p": [110] },
	{ "s": "ОГЛЕДА", "p": [190] },
	{ "s": "ОГЛЕДАЛА", "p": [86] },
	{ "s": "ОГЛЕДАЛО", "p": [183, 109, 49] },
	{ "s": "ОГЛЕДАЛОТО", "p": [185, 109, 184, 183, 181, 159, 151, 83, 67, 61] },
	{ "s": "ОГЛЕДАХ", "p": [150] },
	{ "s": "ОГЛЕЖДАМ", "p": [86, 83, 61] },
	{ "s": "ОГЛОЗГАНИ", "p": [161, 58] },
	{ "s": "ОГНЕНА", "p": [185] },
	{ "s": "ОГНЕСТРЕЛНО", "p": [190] },
	{ "s": "ОГНЕУПОРЕН", "p": [13] },
	{ "s": "ОГНИВО", "p": [118] },
	{ "s": "ОГНИЩЕН", "p": [183] },
	{ "s": "ОГРАБВАНЕ", "p": [105] },
	{ "s": "ОГРАБВАТ", "p": [188] },
	{ "s": "ОГРАБИШ", "p": [52] },
	{ "s": "ОГРАДАТА", "p": [120, 186] },
	{ "s": "ОГРАНИЧЕНИЯ", "p": [193] },
	{ "s": "ОГРАНИЧИ", "p": [193] },
	{ "s": "ОГРОМЕН", "p": [71] },
	{ "s": "ОГРОМНА", "p": [166] },
	{ "s": "ОГРОМНАТА", "p": [191] },
	{ "s": "ОГРОМНИ", "p": [183] },
	{ "s": "ОГРОМНИЯ", "p": [193] },
	{ "s": "ОГРОМНО", "p": [194, 191, 185, 67] },
	{ "s": "ОГРОМНОТО", "p": [63] },
	{ "s": "ОГЪН", "p": [183, 168, 119, 95, 13] },
	{ "s": "ОГЪНЯ", "p": [61] },
	{ "s": "ОДЕАЛО", "p": [186] },
	{ "s": "ОДЕЖДА", "p": [103] },
	{ "s": "ОДЕЖДИ", "p": [150] },
	{ "s": "ОДЕЯЛО", "p": [191] },
	{ "s": "ОДОБРЯВАТ", "p": [192] },
	{ "s": "ОДРАСКА", "p": [191] },
	{ "s": "ОЕТИТЕ", "p": [193] },
	{ "s": "ОЖЕНИ", "p": [201] },
	{ "s": "ОЖЕСТОЧЕНА", "p": [202] },
	{ "s": "ОЖЪНИ", "p": [208] },
	{ "s": "ОЗАРЕН", "p": [138] },
	{ "s": "ОЗНАЧАВА", "p": [194, 199, 192, 191, 190, 100] },
	{ "s": "ОЗОВАХА", "p": [200] },
	{ "s": "ОЗЪБИ", "p": [199] },
	{ "s": "ОКАЖЕ", "p": [201, 183] },
	{ "s": "ОКАЗА", "p": [200] },
	{ "s": "ОКАЗАЛ", "p": [201] },
	{ "s": "ОКАЗВА", "p": [191] },
	{ "s": "ОКАЗВАТ", "p": [183] },
	{ "s": "ОКАЗВАШЕ", "p": [202] },
	{ "s": "ОКАПАЛИ", "p": [181] },
	{ "s": "ОКАПАХА", "p": [102, 20] },
	{ "s": "ОКАПВАНЕ", "p": [66] },
	{ "s": "ОКАПВАТ", "p": [89] },
	{ "s": "ОКЕАНСКИ", "p": [201] },
	{ "s": "ОКИ", "p": [202] },
	{ "s": "ОКО", "p": [200, 191] },
	{ "s": "ОКОВИ", "p": [110] },
	{ "s": "ОКОВИТЕ", "p": [186, 185, 27] },
	{ "s": "ОКОЛНИТЕ", "p": [201] },
	{ "s": "ОКОЛО", "p": [205, 202, 201] },
	{ "s": "ОКОНЧАТЕЛНО", "p": [27, 202] },
	{ "s": "ОКОТО", "p": [183, 83] },
	{ "s": "ОКРАДЕНАТА", "p": [194] },
	{ "s": "ОКРАСКА", "p": [51] },
	{ "s": "ОКРАСКАТА", "p": [161] },
	{ "s": "ОКРЪЖНОСТ", "p": [183] },
	{ "s": "ОКРЪЖНОСТИ", "p": [183] },
	{ "s": "ОКТОМВРИ", "p": [198] },
	{ "s": "ОКТОПОДА", "p": [191] },
	{ "s": "ОКУЛЯРНОСТ", "p": [37] },
	{ "s": "ОКУЦЯЛО", "p": [30] },
	{ "s": "ОЛИОТО", "p": [194] },
	{ "s": "ОЛКОВА", "p": [199] },
	{ "s": "ОЛОВНА", "p": [186] },
	{ "s": "ОЛТАРА", "p": [118] },
	{ "s": "ОЛТАРИ", "p": [200] },
	{ "s": "ОЛЮШКВАЙКИ", "p": [111] },
	{ "s": "ОМАЕ", "p": [186] },
	{ "s": "ОМАЛИЯ", "p": [154] },
	{ "s": "ОМЕРЗЕНОСТ", "p": [201] },
	{ "s": "ОМЕШАЛО", "p": [205] },
	{ "s": "ОМЕШАНИ", "p": [106] },
	{ "s": "ОМОТАВАШ", "p": [31] },
	{ "s": "ОМРАЗА", "p": [201, 183, 151, 148, 103, 46, 45, 10] },
	{ "s": "ОМРАЗНА", "p": [186] },
	{ "s": "ОМРАЗНО", "p": [183, 35] },
	{ "s": "ОМУРТАГ", "p": [191] },
	{ "s": "ОМЪРЛУШЕН", "p": [114] },
	{ "s": "ОМЪРСИМ", "p": [47] },
	{ "s": "ОНА", "p": [192] },
	{ "s": "ОНАЗИ", "p": [186, 183, 190, 157] },
	{ "s": "ОНАЯ", "p": [202, 200] },
	{ "s": "ОНЕЗ", "p": [43] },
	{ "s": "ОНЕЗИ", "p": [202, 201, 193, 192, 188, 103, 27] },
	{ "s": "ОНЗИ", "p": [202, 183, 160, 104] },
	{ "s": "ОНИ", "p": [110] },
	{ "s": "ОНИЯ", "p": [197] },
	{ "s": "ОНКОБОЛЕН", "p": [119] },
	{ "s": "ОНЛАЙН", "p": [199, 1] },
	{ "s": "ОНОВА", "p": [197, 193, 188] },
	{ "s": "ОНЯ", "p": [183, 199, 194, 191, 188, 186] },
	{ "s": "ООООООООООО", "p": [188] },
	{ "s": "ОПАЗВАЙ", "p": [186] },
	{ "s": "ОПАКОВКА", "p": [73] },
	{ "s": "ОПАКОВКИ", "p": [185] },
	{ "s": "ОПАРИ", "p": [13] },
	{ "s": "ОПАСНО", "p": [186, 82] },
	{ "s": "ОПАСНОСТ", "p": [191] },
	{ "s": "ОПАШКАТА", "p": [183, 185] },
	{ "s": "ОПЕЛ", "p": [194] },
	{ "s": "ОПЕЛО", "p": [19] },
	{ "s": "ОПЕРАТОР", "p": [188] },
	{ "s": "ОПЕРАТОРИТЕ", "p": [191] },
	{ "s": "ОПЕРАЦИИ", "p": [191] },
	{ "s": "ОПЕРАЦИЯ", "p": [191] },
	{ "s": "ОПЕРИРА", "p": [191] },
	{ "s": "ОПЕРИРАН", "p": [191, 134] },
	{ "s": "ОПЕТНЯВА", "p": [190] },
	{ "s": "ОПИВАНЕ", "p": [202] },
	{ "s": "ОПИПВАНЕ", "p": [164] },
	{ "s": "ОПИРА", "p": [188] },
	{ "s": "ОПИРАЩИЯ", "p": [200] },
	{ "s": "ОПИСАЛ", "p": [33] },
	{ "s": "ОПИТ", "p": [202, 206, 195, 192, 190, 189] },
	{ "s": "ОПИТАЛО", "p": [205] },
	{ "s": "ОПИТАХ", "p": [183, 37, 53] },
	{ "s": "ОПИТАХА", "p": [191] },
	{ "s": "ОПИТВА", "p": [205] },
	{ "s": "ОПИТВАМ", "p": [194, 183] },
	{ "s": "ОПИТВАТ", "p": [189] },
	{ "s": "ОПИТВАШЕ", "p": [202, 194] },
	{ "s": "ОПИТИ", "p": [192] },
	{ "s": "ОПИТИТЕ", "p": [202, 191] },
	{ "s": "ОПИТНИ", "p": [186] },
	{ "s": "ОПИТНО", "p": [26] },
	{ "s": "ОПИТЪТ", "p": [199] },
	{ "s": "ОПИША", "p": [17] },
	{ "s": "ОПИЯНЕНИЕ", "p": [185] },
	{ "s": "ОПЛАКВА", "p": [189] },
	{ "s": "ОПЛАКВАЛ", "p": [201] },
	{ "s": "ОПЛАКВАШЕ", "p": [202] },
	{ "s": "ОПЛЕТЕНИ", "p": [108] },
	{ "s": "ОПНАЛИ", "p": [194] },
	{ "s": "ОПНАТ", "p": [189] },
	{ "s": "ОПОЗНАЛ", "p": [193] },
	{ "s": "ОПОРА", "p": [98] },
	{ "s": "ОПОРИ", "p": [198] },
	{ "s": "ОПОРОЧАВА", "p": [192] },
	{ "s": "ОПРАВДАВАНЕ", "p": [101] },
	{ "s": "ОПРАВДАНИЯ", "p": [186, 183] },
	{ "s": "ОПРАВЯТ", "p": [189] },
	{ "s": "ОПРЕДЕЛЕНИ", "p": [202, 198, 193] },
	{ "s": "ОПРЕДЕЛЕНО", "p": [192] },
	{ "s": "ОПРОВЕРЖЕНИЕ", "p": [185] },
	{ "s": "ОПРОПАСТИХА", "p": [202] },
	{ "s": "ОПРОЩАВАЩО", "p": [164] },
	{ "s": "ОПРЪСКА", "p": [194] },
	{ "s": "ОПРЪСКАЙ", "p": [185] },
	{ "s": "ОПРЯ", "p": [190] },
	{ "s": "ОПУШВА", "p": [116] },
	{ "s": "ОПУШЕН", "p": [184] },
	{ "s": "ОПЪНАТИ", "p": [184] },
	{ "s": "ОРАЗМЕРЕНА", "p": [77] },
	{ "s": "ОРГАЗМЕНО", "p": [76] },
	{ "s": "ОРГАЗЪМ", "p": [183, 148, 131, 46] },
	{ "s": "ОРГАН", "p": [202, 200, 192] },
	{ "s": "ОРГАНИ", "p": [194, 2] },
	{ "s": "ОРГАНИЗМА", "p": [200] },
	{ "s": "ОРГАНИТЕ", "p": [191] },
	{ "s": "ОРДЬОВРИ", "p": [192] },
	{ "s": "ОРДЬОВЪР", "p": [192] },
	{ "s": "ОРЕБРЕНИ", "p": [184] },
	{ "s": "ОРИГИНАЛЕН", "p": [204] },
	{ "s": "ОРИГИНАЛНИЯТ", "p": [204, 200] },
	{ "s": "ОРИЕНТАЛСКИ", "p": [202] },
	{ "s": "ОРИС", "p": [63] },
	{ "s": "ОРИСАНА", "p": [204] },
	{ "s": "ОРИСАНИ", "p": [183] },
	{ "s": "ОРИСИЯ", "p": [99, 30] },
	{ "s": "ОРЛИ", "p": [186, 82] },
	{ "s": "ОРОНЕНИ", "p": [88] },
	{ "s": "ОРФЕЙ", "p": [87] },
	{ "s": "ОРХИДЕЯ", "p": [185] },
	{ "s": "ОРЪЖИЕ", "p": [190] },
	{ "s": "ОРЪЖИЕТО", "p": [190] },
	{ "s": "ОРЪЖИЯ", "p": [191] },
	{ "s": "ОРЪФЛЯЦИ", "p": [194] },
	{ "s": "ОСАКАТЕНО", "p": [98] },
	{ "s": "ОСАНКА", "p": [84, 104] },
	{ "s": "ОСАНКАТА", "p": [183, 102] },
	{ "s": "ОСВЕЖAВАЩА", "p": [170] },
	{ "s": "ОСВЕН", "p": [202, 207, 201, 200, 198, 193, 1] },
	{ "s": "ОСВЕТИШ", "p": [156] },
	{ "s": "ОСВЕТЛЕНИЕ", "p": [183] },
	{ "s": "ОСВЕТЯВА", "p": [185, 22] },
	{ "s": "ОСВЕТЯВАХМЕ", "p": [38] },
	{ "s": "ОСВЕТЯВАШЕ", "p": [198] },
	{ "s": "ОСВИРКВАТ", "p": [192] },
	{ "s": "ОСВОБОДИ", "p": [202] },
	{ "s": "ОСЕДЛАЕШ", "p": [185] },
	{ "s": "ОСЕЯН", "p": [202] },
	{ "s": "ОСИ", "p": [31] },
	{ "s": "ОСИГУРИЛИ", "p": [191] },
	{ "s": "ОСКУБАНА", "p": [115, 25] },
	{ "s": "ОСМАНСКА", "p": [189] },
	{ "s": "ОСМАНСКОТО", "p": [189] },
	{ "s": "ОСМЕЛИЛ", "p": [191] },
	{ "s": "ОСМИВАТ", "p": [192] },
	{ "s": "ОСМИСЛИ", "p": [193] },
	{ "s": "ОСМИСЛЯ", "p": [183] },
	{ "s": "ОСМИСЛЯНЕ", "p": [47] },
	{ "s": "ОСНОВА", "p": [188, 186] },
	{ "s": "ОСНОВАНИ", "p": [191] },
	{ "s": "ОСНОВАНИЕ", "p": [186, 183] },
	{ "s": "ОСНОВНОТО", "p": [186] },
	{ "s": "ОСОБА", "p": [63] },
	{ "s": "ОСОБЕН", "p": [202] },
	{ "s": "ОСОБЕНИ", "p": [202, 197] },
	{ "s": "ОСОБЕНО", "p": [199, 198, 201, 195, 194, 192, 190, 133, 1] },
	{ "s": "ОСОБЕНОСТИ", "p": [192] },
	{ "s": "ОСТАВА", "p": [192, 118, 20] },
	{ "s": "ОСТАВАМ", "p": [183, 145, 89, 22] },
	{ "s": "ОСТАВАТ", "p": [191, 121] },
	{ "s": "ОСТАВАШ", "p": [192, 183] },
	{ "s": "ОСТАВЕНАТА", "p": [191] },
	{ "s": "ОСТАВЕНИТЕ", "p": [183] },
	{ "s": "ОСТАВИ", "p": [56, 45, 41] },
	{ "s": "ОСТАВИЛА", "p": [194] },
	{ "s": "ОСТАВИХ", "p": [208] },
	{ "s": "ОСТАВИШ", "p": [109] },
	{ "s": "ОСТАВЯ", "p": [198, 192, 28] },
	{ "s": "ОСТАВЯМ", "p": [194] },
	{ "s": "ОСТАВЯМЕ", "p": [100] },
	{ "s": "ОСТАВЯНЕ", "p": [155] },
	{ "s": "ОСТАВЯШ", "p": [186, 3] },
	{ "s": "ОСТАНА", "p": [150, 201, 183, 202, 199, 193, 111, 56, 30] },
	{ "s": "ОСТАНАЛАТА", "p": [193] },
	{ "s": "ОСТАНАЛИ", "p": [201] },
	{ "s": "ОСТАНАЛИТЕ", "p": [198, 193] },
	{ "s": "ОСТАНАЛО", "p": [191] },
	{ "s": "ОСТАНАХ", "p": [199, 183, 50, 147, 103, 46] },
	{ "s": "ОСТАНАХА", "p": [192, 119, 111] },
	{ "s": "ОСТАНАХМЕ", "p": [66] },
	{ "s": "ОСТАНЕ", "p": [200] },
	{ "s": "ОСТАНЕШ", "p": [204, 200, 185, 40] },
	{ "s": "ОСТАНИ", "p": [13] },
	{ "s": "ОСТАНКИ", "p": [106] },
	{ "s": "ОСТАРЕЛИТЕ", "p": [191] },
	{ "s": "ОСТАРЯВА", "p": [86] },
	{ "s": "ОСТАРЯВАМЕ", "p": [183, 100] },
	{ "s": "ОСТАРЯВАНЕ", "p": [100, 98] },
	{ "s": "ОСТАРЯВАЩИ", "p": [44] },
	{ "s": "ОСТАРЯЛОТО", "p": [109] },
	{ "s": "ОСТАТЪЦИ", "p": [208, 102] },
	{ "s": "ОСТАТЪЧНА", "p": [183, 120] },
	{ "s": "ОСТРА", "p": [183] },
	{ "s": "ОСТРИЕ", "p": [164] },
	{ "s": "ОСТРО", "p": [10] },
	{ "s": "ОСТЪР", "p": [117] },
	{ "s": "ОСТЪРГАН", "p": [161] },
	{ "s": "ОСТЪРГАНИ", "p": [103] },
	{ "s": "ОСТЪРГАХ", "p": [154] },
	{ "s": "ОСЧЕТОВОДЯВА", "p": [195] },
	{ "s": "ОСЪДЕНИ", "p": [191] },
	{ "s": "ОСЪДИ", "p": [46] },
	{ "s": "ОСЪДИМИ", "p": [190] },
	{ "s": "ОСЪЗНАВА", "p": [192] },
	{ "s": "ОСЪЗНАВАНЕ", "p": [185, 33] },
	{ "s": "ОСЪЗНАВАТ", "p": [192] },
	{ "s": "ОСЪЗНАЕ", "p": [192] },
	{ "s": "ОСЪЗНАТО", "p": [106] },
	{ "s": "ОСЪЩЕСТВИ", "p": [199, 193] },
	{ "s": "ОТ", "p": [183, 191, 202, 192, 185, 193, 201, 194, 200, 109, 103, 188, 184, 186, 98, 208, 204, 198, 190, 151, 45, 197, 148, 106, 199, 189, 128, 111, 84, 50, 46, 33, 195, 168, 164, 144, 141, 131, 127, 105, 99, 87, 71, 57, 1, 205, 178, 177, 174, 160, 145, 140, 138, 129, 124, 107, 104, 94, 93, 92, 91, 79, 72, 53, 52, 30, 21, 18, 17, 15, 14, 206, 187, 179, 175, 169, 167, 166, 161, 159, 158, 157, 156, 155, 154, 153, 149, 147, 143, 142, 139, 134, 122, 121, 120, 119, 117, 112, 110, 96, 95, 90, 88, 83, 82, 81, 76, 65, 63, 61, 58, 56, 54, 49, 48, 40, 38, 37, 32, 28, 24, 22, 20, 10, 9, 8, 5] },
	{ "s": "ОТБЕЛЯЗА", "p": [199] },
	{ "s": "ОТБЛЪСНЕ", "p": [202] },
	{ "s": "ОТБОЙ", "p": [199] },
	{ "s": "ОТБОР", "p": [194, 192] },
	{ "s": "ОТБОРА", "p": [194, 191] },
	{ "s": "ОТБОРА-РЕЛИГИЯ", "p": [191] },
	{ "s": "ОТБРОЯВАХ", "p": [81] },
	{ "s": "ОТБЯГВАМЕ", "p": [24] },
	{ "s": "ОТВАРЯ", "p": [192, 139] },
	{ "s": "ОТВАРЯМ", "p": [205] },
	{ "s": "ОТВАРЯМЕ", "p": [183] },
	{ "s": "ОТВЕДЕ", "p": [183] },
	{ "s": "ОТВЕДНЪЖ", "p": [10] },
	{ "s": "ОТВЕЖДА", "p": [14] },
	{ "s": "ОТВЕРСТИЯ", "p": [91] },
	{ "s": "ОТВЕС", "p": [183] },
	{ "s": "ОТВЕТНА", "p": [201] },
	{ "s": "ОТВИКВАНЕТО", "p": [186] },
	{ "s": "ОТВОДНЯВАНЕ", "p": [58] },
	{ "s": "ОТВОР", "p": [71] },
	{ "s": "ОТВОРЕНИ", "p": [191, 186, 157] },
	{ "s": "ОТВОРИ", "p": [157, 56] },
	{ "s": "ОТВОРИЛ", "p": [206] },
	{ "s": "ОТВОРИХА", "p": [201] },
	{ "s": "ОТВОРЯ", "p": [193, 185] },
	{ "s": "ОТВОРЯТ", "p": [191] },
	{ "s": "ОТВРАТИТЕЛЕН", "p": [191] },
	{ "s": "ОТВРАТИТЕЛНА", "p": [194] },
	{ "s": "ОТВРАТИТЕЛНО", "p": [191] },
	{ "s": "ОТВРАЩАВАХА", "p": [202] },
	{ "s": "ОТВРАЩАВАЩА", "p": [188] },
	{ "s": "ОТВРАЩАВАЩО", "p": [199] },
	{ "s": "ОТВРЪЩАЙ", "p": [93] },
	{ "s": "ОТВЪД", "p": [183, 27, 3] },
	{ "s": "ОТВЪН", "p": [192] },
	{ "s": "ОТВЪНКА", "p": [183] },
	{ "s": "ОТВЪРНА", "p": [193, 194] },
	{ "s": "ОТВЪРНАТ", "p": [184] },
	{ "s": "ОТВЪРНАХ", "p": [199] },
	{ "s": "ОТВЪТРЕ", "p": [183, 172, 169] },
	{ "s": "ОТГЛЕДА", "p": [191] },
	{ "s": "ОТГЛЕДАМ", "p": [103] },
	{ "s": "ОТГЛЕДАН", "p": [103] },
	{ "s": "ОТГЛЕЖДАМ", "p": [194] },
	{ "s": "ОТГЛЕЖДАМЕ", "p": [188, 66] },
	{ "s": "ОТГЛЕЖДАН", "p": [122] },
	{ "s": "ОТГЛЕЖДАНИ", "p": [26] },
	{ "s": "ОТГОВАРЯЩА", "p": [201] },
	{ "s": "ОТГОВОР", "p": [100] },
	{ "s": "ОТГОВОРИ", "p": [199] },
	{ "s": "ОТГОВОРИТЕ", "p": [191] },
	{ "s": "ОТГОВОРНО", "p": [192] },
	{ "s": "ОТГОВОРНОСТ", "p": [184, 200, 192, 191, 70] },
	{ "s": "ОТГОВОРЯ", "p": [188] },
	{ "s": "ОТГОРЕ", "p": [207, 194] },
	{ "s": "ОТДАВНА", "p": [183, 202, 201, 200, 197, 192, 107, 99, 33, 15] },
	{ "s": "ОТДАДЕ", "p": [202, 200] },
	{ "s": "ОТДАЛЕЧИХМЕ", "p": [15] },
	{ "s": "ОТДАМ", "p": [194] },
	{ "s": "ОТДЕ", "p": [96] },
	{ "s": "ОТДЕЛЕНИ", "p": [183] },
	{ "s": "ОТДЕЛНИ", "p": [33] },
	{ "s": "ОТДЕЛНО", "p": [194] },
	{ "s": "ОТДЕЛЯ", "p": [192] },
	{ "s": "ОТДЕЛЯШЕ", "p": [201] },
	{ "s": "ОТДОЛУ", "p": [84] },
	{ "s": "ОТДРЪПНАХ", "p": [194] },
	{ "s": "ОТДУШНИКА", "p": [198] },
	{ "s": "ОТДЯСНО", "p": [198] },
	{ "s": "ОТЕГЧИТЕЛНО", "p": [149] },
	{ "s": "ОТЕКВА", "p": [161] },
	{ "s": "ОТЕКВАШЕ", "p": [198] },
	{ "s": "ОТЕКНА", "p": [48] },
	{ "s": "ОТЕНЪК", "p": [95] },
	{ "s": "ОТЕСНЯ", "p": [183] },
	{ "s": "ОТЕЧЕ", "p": [27] },
	{ "s": "ОТЗАД", "p": [99, 192, 33] },
	{ "s": "ОТИВА", "p": [35, 194, 185, 183, 137] },
	{ "s": "ОТИВАЙ", "p": [93, 35, 33] },
	{ "s": "ОТИВАМЕ", "p": [32] },
	{ "s": "ОТИВАТ", "p": [191] },
	{ "s": "ОТИВАХ", "p": [198, 16] },
	{ "s": "ОТИВАШ", "p": [93] },
	{ "s": "ОТИВАШЕ", "p": [197] },
	{ "s": "ОТИДЕ", "p": [201, 192, 202, 198] },
	{ "s": "ОТИДЕШ", "p": [204] },
	{ "s": "ОТИДОХ", "p": [194] },
	{ "s": "ОТИДОХА", "p": [202] },
	{ "s": "ОТИЧАМ", "p": [19] },
	{ "s": "ОТИШЪЛ", "p": [207, 162] },
	{ "s": "ОТКАЖА", "p": [204] },
	{ "s": "ОТКАЖЕШ", "p": [186] },
	{ "s": "ОТКАЗА", "p": [191, 183] },
	{ "s": "ОТКАЗАЛ", "p": [191] },
	{ "s": "ОТКАЗАНИЯТ", "p": [137] },
	{ "s": "ОТКАЗВА", "p": [191] },
	{ "s": "ОТКАЗВАТ", "p": [192, 191] },
	{ "s": "ОТКАЗИ", "p": [191] },
	{ "s": "ОТКАКТО", "p": [15, 193, 190, 183, 106, 24] },
	{ "s": "ОТКАРА", "p": [202] },
	{ "s": "ОТКЛОНИХ", "p": [192] },
	{ "s": "ОТКЛОНЯТ", "p": [191] },
	{ "s": "ОТКЛЮЧИ", "p": [157] },
	{ "s": "ОТКОГА", "p": [156] },
	{ "s": "ОТКОЛКОТО", "p": [202, 192, 191, 189] },
	{ "s": "ОТКОПЧАВАМ", "p": [84] },
	{ "s": "ОТКОС", "p": [79, 185] },
	{ "s": "ОТКРАДВА", "p": [128] },
	{ "s": "ОТКРАДНАХ", "p": [68] },
	{ "s": "ОТКРАЙ", "p": [198] },
	{ "s": "ОТКРИ", "p": [202, 157] },
	{ "s": "ОТКРИТО", "p": [193] },
	{ "s": "ОТКРИЯ", "p": [183] },
	{ "s": "ОТКРОВЕНИЕ", "p": [92] },
	{ "s": "ОТКРОВЕНИЕТО", "p": [184] },
	{ "s": "ОТКРОВЕНИЯ", "p": [183] },
	{ "s": "ОТКРОВЕНО", "p": [191] },
	{ "s": "ОТКРОЯВАШЕ", "p": [202] },
	{ "s": "ОТКУПИШ", "p": [207] },
	{ "s": "ОТКЪДЕ", "p": [199, 188, 206, 192] },
	{ "s": "ОТКЪМ", "p": [194, 138, 81] },
	{ "s": "ОТКЪРМЕН", "p": [184] },
	{ "s": "ОТКЪРМЕНО", "p": [120] },
	{ "s": "ОТКЪСВАМ", "p": [185] },
	{ "s": "ОТКЪСЛЕЧНИ", "p": [202] },
	{ "s": "ОТКЪСНА", "p": [46] },
	{ "s": "ОТКЪСНИ", "p": [208] },
	{ "s": "ОТЛАГАМЕ", "p": [128] },
	{ "s": "ОТЛЕТЯ", "p": [186] },
	{ "s": "ОТЛИВ", "p": [48] },
	{ "s": "ОТЛИТАТ", "p": [183] },
	{ "s": "ОТЛИЧАВАШЕ", "p": [201] },
	{ "s": "ОТЛИЧИТЕЛНО", "p": [149] },
	{ "s": "ОТЛИЧНО", "p": [185] },
	{ "s": "ОТЛОЖА", "p": [56] },
	{ "s": "ОТЛОЖИ", "p": [56] },
	{ "s": "ОТЛОМКА", "p": [202, 194, 148] },
	{ "s": "ОТЛОМКИ", "p": [185] },
	{ "s": "ОТЛОМЪЦИ", "p": [183] },
	{ "s": "ОТЛЮСПВА", "p": [184, 38] },
	{ "s": "ОТЛЮСПЕНИ", "p": [103] },
	{ "s": "ОТЛЮСПЕНО", "p": [103] },
	{ "s": "ОТЛЮСПИХ", "p": [154] },
	{ "s": "ОТЛЯВО", "p": [183, 198, 23] },
	{ "s": "ОТМЕРВАЩА", "p": [177] },
	{ "s": "ОТМИ", "p": [148] },
	{ "s": "ОТМИВА", "p": [194, 185, 88] },
	{ "s": "ОТМИВАЩА", "p": [30] },
	{ "s": "ОТМИНАЛИ", "p": [165] },
	{ "s": "ОТМИХМЕ", "p": [15] },
	{ "s": "ОТМЪСТИ", "p": [202] },
	{ "s": "ОТНАСЯ", "p": [193, 141] },
	{ "s": "ОТНАСЯХА", "p": [201] },
	{ "s": "ОТНАЧАЛО", "p": [195] },
	{ "s": "ОТНЕ", "p": [201] },
	{ "s": "ОТНЕЙДЕ", "p": [202] },
	{ "s": "ОТНЕЛ", "p": [190] },
	{ "s": "ОТНЕМАНИ", "p": [183] },
	{ "s": "ОТНЕТО", "p": [184] },
	{ "s": "ОТНОВО", "p": [185, 194, 190, 189, 186, 122, 111, 202, 199, 198, 193, 148, 144, 142, 134, 132, 105, 104, 91, 90, 86, 85, 83, 74] },
	{ "s": "ОТНОСИТЕЛНО", "p": [202] },
	{ "s": "ОТНОШЕНИЕ", "p": [200, 202, 191] },
	{ "s": "ОТНОШЕНИЯ", "p": [202, 201, 190] },
	{ "s": "ОТПАДЪЦИ", "p": [194, 191, 106] },
	{ "s": "ОТПЕЧАТЪК", "p": [91] },
	{ "s": "ОТПЕЧАТЪЦИ", "p": [194, 164, 102, 100, 24] },
	{ "s": "ОТПЛАВАМ", "p": [178] },
	{ "s": "ОТПЛЕСНА", "p": [192] },
	{ "s": "ОТПРЕД", "p": [33] },
	{ "s": "ОТПРЕДИ", "p": [183, 192, 141, 139] },
	{ "s": "ОТПРИЩВА", "p": [183] },
	{ "s": "ОТПРИЩВАМ", "p": [204] },
	{ "s": "ОТПРИЩЯТ", "p": [192] },
	{ "s": "ОТПУСКАШ", "p": [181] },
	{ "s": "ОТПУСНАХ", "p": [206] },
	{ "s": "ОТПУШВА", "p": [195] },
	{ "s": "ОТРАZЕН", "p": [109] },
	{ "s": "ОТРАЖЕНИЕ", "p": [109] },
	{ "s": "ОТРАЖЕНИЕТО", "p": [183] },
	{ "s": "ОТРАЗЕНО", "p": [183] },
	{ "s": "ОТРАЗЯВА", "p": [185, 183] },
	{ "s": "ОТРАЗЯВАТ", "p": [166, 92] },
	{ "s": "ОТРАЗЯВАХ", "p": [183] },
	{ "s": "ОТРАЗЯВАШ", "p": [185, 109] },
	{ "s": "ОТРЕЗВИТЕЛНО", "p": [146] },
	{ "s": "ОТРЕЗВИХ", "p": [154] },
	{ "s": "ОТРЕКА", "p": [103] },
	{ "s": "ОТРИТНА", "p": [48] },
	{ "s": "ОТРИЦАНИЕ", "p": [184, 183, 95] },
	{ "s": "ОТРИЧА", "p": [189] },
	{ "s": "ОТРИЧАНА", "p": [194] },
	{ "s": "ОТРОВА", "p": [127] },
	{ "s": "ОТРОВАТА", "p": [10] },
	{ "s": "ОТРОВЕН", "p": [193, 142] },
	{ "s": "ОТРОВЕНИ", "p": [186, 67] },
	{ "s": "ОТРОВИ", "p": [208] },
	{ "s": "ОТРОВИЛИ", "p": [191] },
	{ "s": "ОТРОВНА", "p": [186, 148, 80] },
	{ "s": "ОТРОВНО", "p": [202, 109, 71] },
	{ "s": "ОТРОНВАШЕ", "p": [201] },
	{ "s": "ОТСЕЧЕНО", "p": [90] },
	{ "s": "ОТСИЧАЙ", "p": [36] },
	{ "s": "ОТСКУБНАТ", "p": [142] },
	{ "s": "ОТСЛАБВА", "p": [183] },
	{ "s": "ОТСЛАБВАНЕ", "p": [105] },
	{ "s": "ОТСРЕЩА", "p": [192, 104] },
	{ "s": "ОТСТЪПИХ", "p": [199] },
	{ "s": "ОТСЪДИ", "p": [183] },
	{ "s": "ОТСЪСТВАМ", "p": [183] },
	{ "s": "ОТСЪСТВАШ", "p": [183] },
	{ "s": "ОТСЪСТВИЕ", "p": [195] },
	{ "s": "ОТСЪСТВИЕТО", "p": [201, 59, 6] },
	{ "s": "ОТТАМ", "p": [200, 183] },
	{ "s": "ОТТАТЪК", "p": [120] },
	{ "s": "ОТТЕНЪК", "p": [193] },
	{ "s": "ОТТИЧАМЕ", "p": [58] },
	{ "s": "ОТТОГАВА", "p": [200, 75, 10] },
	{ "s": "ОТТУК", "p": [186, 92, 30] },
	{ "s": "ОТХАПВАШ", "p": [188] },
	{ "s": "ОТХОДНИТЕ", "p": [200] },
	{ "s": "ОТЧАЯНИ", "p": [183] },
	{ "s": "ОТЧАЯНО", "p": [202, 165, 27] },
	{ "s": "ОТЧАЯХ", "p": [135] },
	{ "s": "ОТЧЕТЛИВА", "p": [157] },
	{ "s": "ОТЧЕТЛИВО", "p": [157] },
	{ "s": "ОТШЕЛНИК", "p": [183] },
	{ "s": "ОТШУМЯ", "p": [200] },
	{ "s": "ОТШУМЯВА", "p": [87] },
	{ "s": "ОТЪЖДЕСТВЯВАЛ", "p": [201] },
	{ "s": "ОТЪРВАНИ", "p": [103] },
	{ "s": "ОТЪРСИ", "p": [109] },
	{ "s": "ОФ", "p": [192] },
	{ "s": "ОФЕРТА", "p": [201] },
	{ "s": "ОФЕРТИРАТ", "p": [191] },
	{ "s": "ОФЕРТИТЕ", "p": [202] },
	{ "s": "ОФИЦИАЛНАТА", "p": [202] },
	{ "s": "ОФИЦИАЛНО", "p": [190] },
	{ "s": "ОФОРМЕНИТЕ", "p": [201] },
	{ "s": "ОХКАНЕ", "p": [160] },
	{ "s": "ОХЛАЖДАШ", "p": [186] },
	{ "s": "ОХЛУЗЕН", "p": [61] },
	{ "s": "ОХЛЮВ", "p": [104] },
	{ "s": "ОХОТА", "p": [65] },
	{ "s": "ОХРАНЕНИ", "p": [194] },
	{ "s": "ОХРАНИТЕЛ", "p": [190] },
	{ "s": "ОЦВЕТЕНИ", "p": [49] },
	{ "s": "ОЦВЕТИЛ", "p": [202] },
	{ "s": "ОЦВЕТЯВА", "p": [73] },
	{ "s": "ОЦЕЛЕЕ", "p": [137] },
	{ "s": "ОЦЕЛЯВА", "p": [191] },
	{ "s": "ОЦЕЛЯВАНЕ", "p": [194, 193, 100, 98] },
	{ "s": "ОЦЕЛЯЛ", "p": [151] },
	{ "s": "ОЦЕНЕНИ", "p": [73] },
	{ "s": "ОЦЕНКА", "p": [186] },
	{ "s": "ОЦЕНКИ", "p": [186, 141] },
	{ "s": "ОЦЕТ", "p": [70] },
	{ "s": "ОЧАКВА", "p": [188] },
	{ "s": "ОЧАКВАЙ", "p": [186] },
	{ "s": "ОЧАКВАМЕ", "p": [146] },
	{ "s": "ОЧАКВАНЕ", "p": [160, 139, 22] },
	{ "s": "ОЧАКВАТ", "p": [107, 63] },
	{ "s": "ОЧАКВАХ", "p": [141] },
	{ "s": "ОЧАКВАШЕ", "p": [193] },
	{ "s": "ОЧАРОВАНИЕ", "p": [188] },
	{ "s": "ОЧЕВАДНО", "p": [191] },
	{ "s": "ОЧЕВИДЕН", "p": [201] },
	{ "s": "ОЧЕВИДНА", "p": [157] },
	{ "s": "ОЧЕВИДНАТА", "p": [194] },
	{ "s": "ОЧЕРНЯЩИ", "p": [186] },
	{ "s": "ОЧИ", "p": [140, 208, 186, 183, 205, 202, 201, 199, 185, 173, 150, 100, 99, 75, 71, 57, 33] },
	{ "s": "ОЧИТЕ", "p": [183, 207, 67, 185, 166, 24, 206, 205, 204, 201, 200, 199, 195, 192, 191, 160, 159, 155, 128, 110, 99, 96, 92, 84, 73, 69, 66, 50, 46, 20, 10, 6] },
	{ "s": "ОЧИЧКИ", "p": [201, 183] },
	{ "s": "ОЧИЧКИТЕ", "p": [201] },
	{ "s": "ОЧНА", "p": [201] },
	{ "s": "ОЧУКАНА", "p": [160] },
	{ "s": "ОЩАВЕНИ", "p": [200] },
	{ "s": "ОЩЕ", "p": [192, 45, 194, 202, 198, 197, 188, 183, 205, 199, 193, 189, 184, 160, 138, 118, 110, 75, 25, 13, 5] },
	{ "s": "ОЩЕТИ", "p": [191] }
]