[
	{ "s": "F", "p": [151] },
	{ "s": "F*CK", "p": [151] },
	{ "s": "FACE", "p": [209, 204] },
	{ "s": "FACEBOOK", "p": [108] },
	{ "s": "FAKE", "p": [209] },
	{ "s": "FALL", "p": [209, 205, 146] },
	{ "s": "FALLEN", "p": [209] },
	{ "s": "FALLING", "p": [209] },
	{ "s": "FALSE", "p": [209] },
	{ "s": "FAR", "p": [209, 208, 206] },
	{ "s": "FAT", "p": [192] },
	{ "s": "FEAR", "p": [208] },
	{ "s": "FEASTS", "p": [209] },
	{ "s": "FEATHERS", "p": [209] },
	{ "s": "FEELINGS", "p": [209] },
	{ "s": "FILL", "p": [206] },
	{ "s": "FLESH", "p": [209] },
	{ "s": "FLEW", "p": [204] },
	{ "s": "FLIES", "p": [205] },
	{ "s": "FLOATED", "p": [206] },
	{ "s": "FLOATING", "p": [209, 206] },
	{ "s": "FLOYD", "p": [205, 146] },
	{ "s": "FLUTE", "p": [209] },
	{ "s": "FLY", "p": [209] },
	{ "s": "FLYING", "p": [209] },
	{ "s": "FOLDING", "p": [209] },
	{ "s": "FOLKS", "p": [192] },
	{ "s": "FOR", "p": [209, 208, 207, 204] },
	{ "s": "FORBIDDEN", "p": [209] },
	{ "s": "FOREIGN", "p": [209] },
	{ "s": "FOREVER", "p": [209, 207] },
	{ "s": "FORGING", "p": [209] },
	{ "s": "FORGIVEN", "p": [209] },
	{ "s": "FORTUNE", "p": [209] },
	{ "s": "FROM", "p": [209, 208, 204] },
	{ "s": "FRUITS", "p": [209] },
	{ "s": "FUEL", "p": [209] },
	{ "s": "FULL", "p": [204] }
]