[
	{ "s": "Х", "p": [194, 168] },
	{ "s": "ХАБЕНЕ", "p": [198] },
	{ "s": "ХАЛАТА", "p": [198] },
	{ "s": "ХАЛОСТНА", "p": [183] },
	{ "s": "ХАЛЮЦИНИРАШЕ", "p": [48] },
	{ "s": "ХАНЪМИ", "p": [46] },
	{ "s": "ХАОС", "p": [183, 184, 151] },
	{ "s": "ХАОСЪТ", "p": [151] },
	{ "s": "ХАПЕМЕ", "p": [183] },
	{ "s": "ХАПЕШЕ", "p": [16] },
	{ "s": "ХАПКА", "p": [142] },
	{ "s": "ХАПКАТА", "p": [106] },
	{ "s": "ХАПНА", "p": [192] },
	{ "s": "ХАПЧЕ", "p": [54, 126] },
	{ "s": "ХАРАКТЕР", "p": [190, 199] },
	{ "s": "ХАРАКТЕРИ", "p": [160] },
	{ "s": "ХАРЕСА", "p": [202, 186, 141] },
	{ "s": "ХАРЕСАХ", "p": [150, 135, 53] },
	{ "s": "ХАРЕСВАЛО", "p": [198] },
	{ "s": "ХАРЕСВАМ", "p": [76, 184] },
	{ "s": "ХАРЕСВАТ", "p": [76] },
	{ "s": "ХАРЕСВАХА", "p": [193] },
	{ "s": "ХАРЕСВАХТЕ", "p": [185] },
	{ "s": "ХАРЕСВАШЕ", "p": [198] },
	{ "s": "ХАРИЗМА", "p": [57] },
	{ "s": "ХАРМОНИЧНИ", "p": [184] },
	{ "s": "ХАРМОНИЧНО", "p": [183] },
	{ "s": "ХАРМОНИЯ", "p": [200, 191, 185] },
	{ "s": "ХАРМОНИЯТА", "p": [57] },
	{ "s": "ХАРТИЯ", "p": [182, 81] },
	{ "s": "ХАРЧ", "p": [183] },
	{ "s": "ХВАЛБИ", "p": [161] },
	{ "s": "ХВАЛЕБСТВЕНИ", "p": [192] },
	{ "s": "ХВАЛЕБСТВИЯ", "p": [192] },
	{ "s": "ХВАНА", "p": [205, 201, 24] },
	{ "s": "ХВАНАХ", "p": [194] },
	{ "s": "ХВАТКА", "p": [201] },
	{ "s": "ХВАЩА", "p": [24] },
	{ "s": "ХВЪРЛИ", "p": [193] },
	{ "s": "ХВЪРЛЯЙ", "p": [28] },
	{ "s": "ХВЪРЛЯМ", "p": [96, 94, 85] },
	{ "s": "ХВЪРЛЯТ", "p": [193] },
	{ "s": "ХВЪРЛЯХА", "p": [191] },
	{ "s": "ХВЪРЛЯШЕ", "p": [6] },
	{ "s": "ХЕПАТИТ", "p": [191] },
	{ "s": "ХЕРМЕТИЧНОСТ", "p": [96] },
	{ "s": "ХЕРОИН", "p": [191] },
	{ "s": "ХЕРЦОВЕТЕ", "p": [183] },
	{ "s": "ХИБРИДЪТ", "p": [186] },
	{ "s": "ХИГИЕНАТА", "p": [195] },
	{ "s": "ХИЕНИ", "p": [186] },
	{ "s": "ХИКС", "p": [183] },
	{ "s": "ХИЛЯДИ", "p": [63, 197, 119] },
	{ "s": "ХИЛЯДИТЕ", "p": [197, 184, 183] },
	{ "s": "ХИМЕРА", "p": [185] },
	{ "s": "ХИМИЗИРАНИТЕ", "p": [26] },
	{ "s": "ХИМИКАЛ", "p": [183] },
	{ "s": "ХИРУРГ", "p": [197] },
	{ "s": "ХИРУРГИЧЕСКИ", "p": [124] },
	{ "s": "ХИРУРГЪТ", "p": [197] },
	{ "s": "ХИТРЯШКИЯ", "p": [192] },
	{ "s": "ХИЧ", "p": [201, 189] },
	{ "s": "ХИЩНИ", "p": [148] },
	{ "s": "ХИЩНИТЕ", "p": [53] },
	{ "s": "ХИЩНО", "p": [186, 82] },
	{ "s": "ХЛАД", "p": [180, 186, 175, 84, 53] },
	{ "s": "ХЛАДЕН", "p": [115, 114, 48] },
	{ "s": "ХЛАДНА", "p": [186, 4] },
	{ "s": "ХЛАДНИТЕ", "p": [145] },
	{ "s": "ХЛАДНО", "p": [194, 186, 143] },
	{ "s": "ХЛАДНОКРЪВНО", "p": [194] },
	{ "s": "ХЛАДНОТО", "p": [200] },
	{ "s": "ХЛАДОДНЕВИЕ", "p": [185] },
	{ "s": "ХЛАПАК", "p": [103] },
	{ "s": "ХЛАПАЦИ", "p": [184, 38] },
	{ "s": "ХЛАПЕ", "p": [192] },
	{ "s": "ХЛЕБ", "p": [175] },
	{ "s": "ХЛЕНЧАТ", "p": [183] },
	{ "s": "ХЛИПВАНЕ", "p": [164] },
	{ "s": "ХЛИПО", "p": [134] },
	{ "s": "ХЛИПО-СРИЧКИ", "p": [134] },
	{ "s": "ХЛОПАНЕ", "p": [37] },
	{ "s": "ХЛУЕ", "p": [27] },
	{ "s": "ХЛЯБА", "p": [107] },
	{ "s": "ХОБИ", "p": [1] },
	{ "s": "ХОБИТО", "p": [131] },
	{ "s": "ХОБОТА", "p": [65] },
	{ "s": "ХОБОТЧЕТО", "p": [183] },
	{ "s": "ХОД", "p": [33] },
	{ "s": "ХОДА", "p": [202] },
	{ "s": "ХОДЕШЕ", "p": [200] },
	{ "s": "ХОДИШ", "p": [43] },
	{ "s": "ХОЛАНДСКИ", "p": [194] },
	{ "s": "ХОМЕОСТАЗА", "p": [45] },
	{ "s": "ХОМОТИТЕ", "p": [107] },
	{ "s": "ХОНОРАРИТЕ", "p": [186] },
	{ "s": "ХОРА", "p": [192, 191, 193, 201, 197, 190, 112] },
	{ "s": "ХОРАТА", "p": [193, 202, 197, 195, 194, 191, 188, 128, 127, 109, 31, 26] },
	{ "s": "ХОРИЗОНТЪТ", "p": [93] },
	{ "s": "ХОРМОНИ", "p": [202, 183, 102] },
	{ "s": "ХОРОСКОП", "p": [23] },
	{ "s": "ХОРСКИЯТ", "p": [184] },
	{ "s": "ХОРСКОТО", "p": [119] },
	{ "s": "ХОСПИС", "p": [191] },
	{ "s": "ХОТ", "p": [182] },
	{ "s": "ХОТДОГ", "p": [132] },
	{ "s": "ХОТЕЛИ", "p": [191] },
	{ "s": "ХРАМ", "p": [183, 112] },
	{ "s": "ХРАМА", "p": [142, 91] },
	{ "s": "ХРАМОВЕ", "p": [151] },
	{ "s": "ХРАМОВЕТЕ", "p": [119] },
	{ "s": "ХРАНА", "p": [197, 188, 103, 33] },
	{ "s": "ХРАНЕХА", "p": [200] },
	{ "s": "ХРАНИМ", "p": [155] },
	{ "s": "ХРАНИШ", "p": [156] },
	{ "s": "ХРАНОСМИЛА", "p": [192, 160] },
	{ "s": "ХРАНОСМИЛАНЕ", "p": [48] },
	{ "s": "ХРАНОСМИЛАХ", "p": [53] },
	{ "s": "ХРАНОСМЛЯНА", "p": [33] },
	{ "s": "ХРАНЯ", "p": [186] },
	{ "s": "ХРАСТАЛАКА", "p": [198] },
	{ "s": "ХРАЧИМ", "p": [184] },
	{ "s": "ХРИПТЯЩИ", "p": [134] },
	{ "s": "ХРИСТОС", "p": [191, 186, 26] },
	{ "s": "ХРОНИКИТЕ", "p": [98] },
	{ "s": "ХРОНОЛОГИЧЕН", "p": [33] },
	{ "s": "ХРОНОЛОГИЧЕСКИ", "p": [33] },
	{ "s": "ХРОНОЛОГИЯ", "p": [33] },
	{ "s": "ХРУСКАНЕ", "p": [185, 118, 88] },
	{ "s": "ХРЪТКА", "p": [14] },
	{ "s": "ХРЪТКИ", "p": [14] },
	{ "s": "ХРЯЯУУСС", "p": [198] },
	{ "s": "ХУБАВА", "p": [202] },
	{ "s": "ХУБАВИ", "p": [193, 188] },
	{ "s": "ХУБАВИТЕ", "p": [202, 191] },
	{ "s": "ХУБАВИЦА", "p": [202] },
	{ "s": "ХУБАВИЦЕ", "p": [73] },
	{ "s": "ХУБАВИЦИ", "p": [202] },
	{ "s": "ХУБАВО", "p": [199, 192, 188, 78] },
	{ "s": "ХУБОСТ", "p": [98] },
	{ "s": "ХУДОЖЕСТВЕНА", "p": [194] },
	{ "s": "ХУДОЖНИК", "p": [201, 193, 192] },
	{ "s": "ХУКНАХ", "p": [77] },
	{ "s": "ХУМАННИ", "p": [161] },
	{ "s": "ХУМОР", "p": [199] },
	{ "s": "ХЪЛМА", "p": [183] },
	{ "s": "ХЪЛМЧЕТА", "p": [191] },
	{ "s": "ХЪЛЦАШ", "p": [186] },
	{ "s": "ХЪРКАТ", "p": [122] },
	{ "s": "ХЪС", "p": [192, 146, 73, 39] }
]