[
	{ "s": "ФАКТ", "p": [201] },
	{ "s": "ФАКТА", "p": [202, 191] },
	{ "s": "ФАКТИ", "p": [191] },
	{ "s": "ФАКТИТЕ", "p": [61] },
	{ "s": "ФАКТИЧЕСКИ", "p": [192] },
	{ "s": "ФАКТОРИ", "p": [201, 202] },
	{ "s": "ФАЛШ", "p": [193, 50] },
	{ "s": "ФАЛШИВ", "p": [183, 40] },
	{ "s": "ФАЛШИВА", "p": [183, 84, 10] },
	{ "s": "ФАЛШИВАТА", "p": [194] },
	{ "s": "ФАЛШИВИ", "p": [188, 107, 70, 66] },
	{ "s": "ФАЛШИВИТЕ", "p": [45] },
	{ "s": "ФАЛШИВО", "p": [186, 183, 165, 37] },
	{ "s": "ФАЛШИФИЦИРАНИ", "p": [191] },
	{ "s": "ФАМИЛИАРНО", "p": [143] },
	{ "s": "ФАНАТИЗМЪТ", "p": [192] },
	{ "s": "ФАНАТИЧНА", "p": [200] },
	{ "s": "ФАНАТИЧНО", "p": [192] },
	{ "s": "ФАНТАЗИИ", "p": [201] },
	{ "s": "ФАНТАСТИЧНА", "p": [201] },
	{ "s": "ФАНФАРИ", "p": [106] },
	{ "s": "ФАРС", "p": [189] },
	{ "s": "ФАС", "p": [54] },
	{ "s": "ФАСАДИТЕ", "p": [195] },
	{ "s": "ФАСОВЕ", "p": [194, 192] },
	{ "s": "ФАТАЛНИ", "p": [63] },
	{ "s": "ФАТАЛНО", "p": [140, 134] },
	{ "s": "ФАШИЗМА", "p": [191] },
	{ "s": "ФЕЙСБОКЛУК", "p": [108] },
	{ "s": "ФЕЙСБУК", "p": [199] },
	{ "s": "ФЕЙСБУКА", "p": [199, 138] },
	{ "s": "ФЕКАЛ", "p": [139] },
	{ "s": "ФЕКАЛИИТЕ", "p": [191] },
	{ "s": "ФЕЛАЦИО", "p": [192] },
	{ "s": "ФЕН", "p": [192] },
	{ "s": "ФЕН-КЛУБ", "p": [192] },
	{ "s": "ФЕНЕ", "p": [154] },
	{ "s": "ФЕНЕЕЕ", "p": [154] },
	{ "s": "ФЕНКИ", "p": [201] },
	{ "s": "ФЕНОВЕ", "p": [191] },
	{ "s": "ФЕНОМЕН", "p": [183] },
	{ "s": "ФЕНОМЕНАН", "p": [154] },
	{ "s": "ФЕНОМЕНАН(Т)ОМАЛИЯ", "p": [154] },
	{ "s": "ФЕРМЕНТИРАЛО", "p": [118] },
	{ "s": "ФЕРМИ", "p": [26] },
	{ "s": "ФЕТИШ", "p": [156, 26] },
	{ "s": "ФЕЯ", "p": [185, 186, 114] },
	{ "s": "ФИБРА", "p": [191] },
	{ "s": "ФИБРИ", "p": [103, 46] },
	{ "s": "ФИГУРА", "p": [147] },
	{ "s": "ФИГУРАТА", "p": [195] },
	{ "s": "ФИГУРАТИВНА", "p": [191] },
	{ "s": "ФИДАНКА", "p": [84] },
	{ "s": "ФИЛМ", "p": [183] },
	{ "s": "ФИНА", "p": [185, 78] },
	{ "s": "ФИНАНСИРАНИ", "p": [191] },
	{ "s": "ФИНАНСИРАНИТЕ", "p": [188] },
	{ "s": "ФИНАТА", "p": [185] },
	{ "s": "ФИНЕС", "p": [200] },
	{ "s": "ФИНЕСА", "p": [185] },
	{ "s": "ФИНИ", "p": [103, 46] },
	{ "s": "ФИНИТЕ", "p": [33] },
	{ "s": "ФИРА", "p": [192] },
	{ "s": "ФИРАТА", "p": [192] },
	{ "s": "ФИРМА", "p": [194, 191] },
	{ "s": "ФИРМИ", "p": [194] },
	{ "s": "ФИТИЛ", "p": [118, 6] },
	{ "s": "ФИТИЛЪТ", "p": [183] },
	{ "s": "ФЛАГ", "p": [189] },
	{ "s": "ФЛОЙД", "p": [205, 183] },
	{ "s": "ФЛУИДИ", "p": [200] },
	{ "s": "ФЛУМАСТЕР", "p": [6] },
	{ "s": "ФЛУОРЕСЦЕНТНА", "p": [37] },
	{ "s": "ФОКУСИРА", "p": [202] },
	{ "s": "ФОЛК", "p": [192] },
	{ "s": "ФОЛКЛОРНА", "p": [188] },
	{ "s": "ФОН", "p": [202, 183, 22] },
	{ "s": "ФОНА", "p": [202, 189] },
	{ "s": "ФОНЕТИЧНО", "p": [192] },
	{ "s": "ФОРМА", "p": [191, 201, 195, 183, 52] },
	{ "s": "ФОРМАТА", "p": [200, 191] },
	{ "s": "ФОРМИТЕ", "p": [202] },
	{ "s": "ФОРМУЛА", "p": [183, 52] },
	{ "s": "ФОРМУЛАТА", "p": [183] },
	{ "s": "ФОРУМИТЕ", "p": [189] },
	{ "s": "ФОТОГРАФ", "p": [192] },
	{ "s": "ФРАЗИ", "p": [183] },
	{ "s": "ФРАК", "p": [183] },
	{ "s": "ФРАНКОФОНКАТА", "p": [202] },
	{ "s": "ФРАНЦУЗИТЕ", "p": [192] },
	{ "s": "ФРАПАНТЕН", "p": [190] },
	{ "s": "ФРАПАНТНИ", "p": [190] },
	{ "s": "ФРАПИРА", "p": [183] },
	{ "s": "ФРЕНСКИ", "p": [204] },
	{ "s": "ФРИЗЬОР", "p": [201] },
	{ "s": "ФРИЗЬОРСКИ", "p": [201] },
	{ "s": "ФУНКЦИОНАЛНОСТ", "p": [43] },
	{ "s": "ФУТБОЛ", "p": [192] },
	{ "s": "ФУТБОЛЕН", "p": [192, 191] },
	{ "s": "ФУТБОЛНИ", "p": [191] },
	{ "s": "ФУТБОЛЪТ", "p": [192] },
	{ "s": "ФЪРЛИЛА", "p": [200] },
	{ "s": "ФЪРЛЯМ", "p": [183] }
]