[
	{ "s": "HAD", "p": [208] },
	{ "s": "HALF", "p": [206] },
	{ "s": "HAND", "p": [209, 205] },
	{ "s": "HANDS", "p": [208, 206] },
	{ "s": "HANG", "p": [207] },
	{ "s": "HANGS", "p": [205] },
	{ "s": "HAPPENING", "p": [209] },
	{ "s": "HAPPY", "p": [209] },
	{ "s": "HARD", "p": [209] },
	{ "s": "HAS", "p": [209, 208, 204] },
	{ "s": "HATRED", "p": [209] },
	{ "s": "HAVE", "p": [208, 204, 191] },
	{ "s": "HEAD", "p": [208] },
	{ "s": "HEALING", "p": [209] },
	{ "s": "HEALS", "p": [208] },
	{ "s": "HEAR", "p": [208] },
	{ "s": "HEART", "p": [209] },
	{ "s": "HEARTS", "p": [209, 204] },
	{ "s": "HEAVEN", "p": [209] },
	{ "s": "HEAVENLY", "p": [209] },
	{ "s": "HELL", "p": [209] },
	{ "s": "HELLO", "p": [204] },
	{ "s": "HELP", "p": [205] },
	{ "s": "HENRYOLIVER", "p": [57] },
	{ "s": "HER", "p": [206] },
	{ "s": "HEY", "p": [204, 146] },
	{ "s": "HIDE", "p": [209] },
	{ "s": "HIGH", "p": [209, 204] },
	{ "s": "HIS", "p": [209] },
	{ "s": "HO", "p": [207] },
	{ "s": "HOLE", "p": [209] },
	{ "s": "HOLES", "p": [209] },
	{ "s": "HOLLOW", "p": [209] },
	{ "s": "HOLY", "p": [209] },
	{ "s": "HOMES", "p": [209] },
	{ "s": "HOPE", "p": [146] },
	{ "s": "HUMAN", "p": [209] },
	{ "s": "HUMANITY", "p": [209] },
	{ "s": "HUSKY", "p": [206] }
]