[
	{ "s": "N", "p": [191] },
	{ "s": "NA", "p": [202] },
	{ "s": "NE", "p": [204] },
	{ "s": "NEED", "p": [209] },
	{ "s": "NEVER", "p": [209, 208, 206] },
	{ "s": "NEW", "p": [204] },
	{ "s": "NEXT", "p": [204, 121] },
	{ "s": "NIGHT", "p": [204, 206] },
	{ "s": "NIGHTS", "p": [209] },
	{ "s": "NO", "p": [205, 209, 208, 10, 206, 146] },
	{ "s": "NOBODY", "p": [204] },
	{ "s": "NON", "p": [209] },
	{ "s": "NON-STOP", "p": [209] },
	{ "s": "NOT", "p": [209] },
	{ "s": "NOTHING", "p": [209, 207, 204, 49] },
	{ "s": "NOW", "p": [208, 207, 204] },
	{ "s": "NOWHERE", "p": [209] },
	{ "s": "NUMBER", "p": [208] }
]