[
	{ "s": "ЗÁКРЕПИ", "p": [183] },
	{ "s": "ЗÉНИЦИТЕ", "p": [142] },
	{ "s": "ЗА", "p": [183, 192, 191, 202, 201, 189, 186, 194, 184, 188, 193, 198, 185, 199, 208, 195, 15, 197, 200, 190, 161, 150, 142, 33, 154, 149, 107, 95, 68, 58, 24, 181, 164, 162, 160, 147, 146, 145, 119, 103, 101, 90, 79, 54, 52, 41, 26, 23, 14, 207, 175, 168, 167, 157, 155, 148, 141, 134, 133, 126, 112, 111, 110, 105, 99, 98, 94, 85, 78, 70, 63, 45, 38, 37, 25, 18, 206, 205, 203, 170, 159, 137, 135, 132, 129, 118, 113, 106, 104, 102, 100, 97, 96, 87, 86, 82, 77, 73, 71, 67, 60, 57, 56, 53, 46, 44, 43, 40, 36, 32, 31, 28, 20, 19, 10, 6, 5, 3, 2, 1] },
	{ "s": "ЗАБАВЕН", "p": [200] },
	{ "s": "ЗАБАВЛЯВАМ", "p": [185] },
	{ "s": "ЗАБАВЛЯВАХА", "p": [202] },
	{ "s": "ЗАБАВНО", "p": [192] },
	{ "s": "ЗАБВЕНИЕ", "p": [157, 94] },
	{ "s": "ЗАБЕЛЕЖИШ", "p": [192] },
	{ "s": "ЗАБЕЛЕЖКА", "p": [33] },
	{ "s": "ЗАБИ", "p": [202, 56] },
	{ "s": "ЗАБИВАМ", "p": [65] },
	{ "s": "ЗАБИВАХ", "p": [103] },
	{ "s": "ЗАБИИ", "p": [183] },
	{ "s": "ЗАБИТ", "p": [65] },
	{ "s": "ЗАБИЯ", "p": [185] },
	{ "s": "ЗАБЛУДА", "p": [183, 44, 25] },
	{ "s": "ЗАБЛУДЕН", "p": [192] },
	{ "s": "ЗАБЛУДИТЕ", "p": [188] },
	{ "s": "ЗАБЛУЖДАВА", "p": [35] },
	{ "s": "ЗАБОЖДАМЕ", "p": [112] },
	{ "s": "ЗАБРАВА", "p": [126, 20] },
	{ "s": "ЗАБРАВЕН", "p": [107] },
	{ "s": "ЗАБРАВЕНА", "p": [191, 45] },
	{ "s": "ЗАБРАВЕНИ", "p": [197, 156, 111] },
	{ "s": "ЗАБРАВЕНО", "p": [183, 106, 66] },
	{ "s": "ЗАБРАВИ", "p": [98, 100] },
	{ "s": "ЗАБРАВИЛИ", "p": [129] },
	{ "s": "ЗАБРАВИХМЕ", "p": [189, 100] },
	{ "s": "ЗАБРАВИШ", "p": [69] },
	{ "s": "ЗАБРАВЯ", "p": [183, 100, 81, 3] },
	{ "s": "ЗАБРАВЯМ", "p": [186] },
	{ "s": "ЗАБРАВЯХ", "p": [15] },
	{ "s": "ЗАБРАНЕНА", "p": [174] },
	{ "s": "ЗАБРАНЕНИ", "p": [110] },
	{ "s": "ЗАБРАНЕНИЯ", "p": [174] },
	{ "s": "ЗАБРАНЕНО", "p": [120] },
	{ "s": "ЗАБЪРСАНИ", "p": [32] },
	{ "s": "ЗАБЪРШЕМ", "p": [183] },
	{ "s": "ЗАБЪРШЕШ", "p": [43] },
	{ "s": "ЗАВАРВАМ", "p": [83] },
	{ "s": "ЗАВАРЯВА", "p": [195] },
	{ "s": "ЗАВЕДЕН", "p": [202] },
	{ "s": "ЗАВЕСИ", "p": [183] },
	{ "s": "ЗАВЕТИ", "p": [184] },
	{ "s": "ЗАВЗЕТО", "p": [80] },
	{ "s": "ЗАВИВА", "p": [183] },
	{ "s": "ЗАВИДЕН", "p": [201] },
	{ "s": "ЗАВИДНОТО", "p": [202] },
	{ "s": "ЗАВИЖДАМ", "p": [186] },
	{ "s": "ЗАВИНАГИ", "p": [201, 188, 183, 106, 75, 70] },
	{ "s": "ЗАВИРА", "p": [200] },
	{ "s": "ЗАВИСИМ", "p": [202] },
	{ "s": "ЗАВИСИМИ", "p": [20] },
	{ "s": "ЗАВИСИМОСТ", "p": [192] },
	{ "s": "ЗАВИСТ", "p": [183] },
	{ "s": "ЗАВИХРИХА", "p": [200] },
	{ "s": "ЗАВИХРЯТ", "p": [202] },
	{ "s": "ЗАВИЯТ", "p": [73] },
	{ "s": "ЗАВЛЕЧЕ", "p": [202] },
	{ "s": "ЗАВОЕВАТЕЛ", "p": [202] },
	{ "s": "ЗАВОЯ", "p": [183] },
	{ "s": "ЗАВЪДИЛА", "p": [202] },
	{ "s": "ЗАВЪРНЕШ", "p": [43] },
	{ "s": "ЗАВЪРТА", "p": [164] },
	{ "s": "ЗАВЪРТЯХА", "p": [202] },
	{ "s": "ЗАВЪРШИ", "p": [79] },
	{ "s": "ЗАГАДЪЧНА", "p": [9] },
	{ "s": "ЗАГИВА", "p": [183, 181] },
	{ "s": "ЗАГИВАМ", "p": [186] },
	{ "s": "ЗАГИВАТ", "p": [28] },
	{ "s": "ЗАГИНАЛА", "p": [18] },
	{ "s": "ЗАГИНАЛО", "p": [208] },
	{ "s": "ЗАГИНАХМЕ", "p": [75] },
	{ "s": "ЗАГЛАВИЕ", "p": [204, 190] },
	{ "s": "ЗАГЛЕДА", "p": [200] },
	{ "s": "ЗАГЛЕЖДА", "p": [183] },
	{ "s": "ЗАГЛЕЖДАМ", "p": [90] },
	{ "s": "ЗАГЛУШАВА", "p": [92] },
	{ "s": "ЗАГЛЪХВА", "p": [183] },
	{ "s": "ЗАГЛЪХВАЩА", "p": [18] },
	{ "s": "ЗАГНЕЗДИ", "p": [200] },
	{ "s": "ЗАГНИВАМ", "p": [186] },
	{ "s": "ЗАГНИВАЩАТА", "p": [208] },
	{ "s": "ЗАГОВОРИ", "p": [200] },
	{ "s": "ЗАГОЛЕНИ", "p": [200, 191] },
	{ "s": "ЗАГРАБВАНЕТО", "p": [191] },
	{ "s": "ЗАГРАБВАТ", "p": [191] },
	{ "s": "ЗАГРАБЯТ", "p": [191] },
	{ "s": "ЗАГУБЕН", "p": [132] },
	{ "s": "ЗАГУБИ", "p": [3] },
	{ "s": "ЗАГУБИЛ", "p": [202] },
	{ "s": "ЗАГУБИХ", "p": [12] },
	{ "s": "ЗАГЪРБВАМЕ", "p": [100] },
	{ "s": "ЗАГЪРНА", "p": [46] },
	{ "s": "ЗАГЪРНАТ", "p": [6] },
	{ "s": "ЗАД", "p": [191, 157, 200, 188, 186, 185, 184, 158, 94, 32, 31] },
	{ "s": "ЗАДГРОБНОСТ", "p": [112] },
	{ "s": "ЗАДНАТА", "p": [99] },
	{ "s": "ЗАДНИК", "p": [183] },
	{ "s": "ЗАДНИКА", "p": [191] },
	{ "s": "ЗАДНИКЪТ", "p": [189] },
	{ "s": "ЗАДОВОЛИ", "p": [202] },
	{ "s": "ЗАДОВОЛИМ", "p": [198] },
	{ "s": "ЗАДОВОЛЯВАНЕ", "p": [45] },
	{ "s": "ЗАДОЧНАТА", "p": [202] },
	{ "s": "ЗАДРЪСТВА", "p": [102] },
	{ "s": "ЗАДРЪСТВАНЕ", "p": [194, 183] },
	{ "s": "ЗАДУХА", "p": [102] },
	{ "s": "ЗАДУШАВАЙКИ", "p": [191] },
	{ "s": "ЗАДУШАТ", "p": [191] },
	{ "s": "ЗАДЪЛБАХА", "p": [110] },
	{ "s": "ЗАДЪЛЖЕНИЕ", "p": [193, 188] },
	{ "s": "ЗАДЪЛЖЕНИЯ", "p": [188, 36] },
	{ "s": "ЗАДЪРЖАМ", "p": [186] },
	{ "s": "ЗАДЪРЖАНЕ", "p": [183] },
	{ "s": "ЗАДЪРЖАТ", "p": [189] },
	{ "s": "ЗАЕ", "p": [202, 200] },
	{ "s": "ЗАЕДНО", "p": [201, 200, 202, 198, 195, 186, 146, 140, 33, 16] },
	{ "s": "ЗАЕКА", "p": [53] },
	{ "s": "ЗАЕМАШЕ", "p": [202, 197] },
	{ "s": "ЗАЕТА", "p": [192, 63] },
	{ "s": "ЗАЕТО", "p": [80] },
	{ "s": "ЗАЖИВЯ", "p": [200] },
	{ "s": "ЗАЖИВЯХА", "p": [201] },
	{ "s": "ЗАЗИЖДА", "p": [137] },
	{ "s": "ЗАЗИЖДАНЕ", "p": [102] },
	{ "s": "ЗАКАЧЕН", "p": [192] },
	{ "s": "ЗАКАЧИ", "p": [191] },
	{ "s": "ЗАКЛЕ", "p": [193] },
	{ "s": "ЗАКЛЕЙМЯВАЩО", "p": [164] },
	{ "s": "ЗАКЛЕТИ", "p": [203] },
	{ "s": "ЗАКЛЕХМЕ", "p": [100] },
	{ "s": "ЗАКЛЕЩЕНО", "p": [120] },
	{ "s": "ЗАКЛИНЕН", "p": [185] },
	{ "s": "ЗАКЛЮЧАТ", "p": [126] },
	{ "s": "ЗАКЛЮЧЕНА", "p": [139] },
	{ "s": "ЗАКЛЮЧЕНИ", "p": [157] },
	{ "s": "ЗАКЛЮЧЕНИЕ", "p": [33] },
	{ "s": "ЗАКЛЮЧЕНИЕТО", "p": [190] },
	{ "s": "ЗАКЛЮЧЕНО", "p": [157] },
	{ "s": "ЗАКЛЮЧИТЕЛНО", "p": [200] },
	{ "s": "ЗАКОН", "p": [194, 103] },
	{ "s": "ЗАКОНА", "p": [190, 191, 183] },
	{ "s": "ЗАКОНЕН", "p": [190] },
	{ "s": "ЗАКОНОМЕРНО", "p": [33] },
	{ "s": "ЗАКОСТЕНЕЛИ", "p": [120] },
	{ "s": "ЗАКОТВЯТ", "p": [192] },
	{ "s": "ЗАКРАЧИХ", "p": [194, 139] },
	{ "s": "ЗАКРИЛА", "p": [87] },
	{ "s": "ЗАКРИЛАТА", "p": [191] },
	{ "s": "ЗАКУПЯТ", "p": [207] },
	{ "s": "ЗАКУСКА", "p": [194, 188] },
	{ "s": "ЗАКЪДЕ", "p": [32] },
	{ "s": "ЗАКЪРНЯВАТ", "p": [184] },
	{ "s": "ЗАКЪРНЯВАХА", "p": [147] },
	{ "s": "ЗАКЪРНЯЛА", "p": [129] },
	{ "s": "ЗАКЪРНЯЛО", "p": [202, 183] },
	{ "s": "ЗАКЪРПВАШ", "p": [52] },
	{ "s": "ЗАКЪРПЕНА", "p": [183, 84] },
	{ "s": "ЗАКЪРПЕНИ", "p": [32] },
	{ "s": "ЗАКЪРПЕНОТО", "p": [144] },
	{ "s": "ЗАКЪСАШ", "p": [192] },
	{ "s": "ЗАКЪСНЕНИЕ", "p": [194] },
	{ "s": "ЗАКЪСНЯЛА", "p": [183, 75] },
	{ "s": "ЗАКЪСНЯЛИ", "p": [143] },
	{ "s": "ЗАКЪСНЯЛО", "p": [183] },
	{ "s": "ЗАЛЕЕ", "p": [137] },
	{ "s": "ЗАЛЕЗ", "p": [201, 129] },
	{ "s": "ЗАЛЕЗЕ", "p": [204] },
	{ "s": "ЗАЛИНЯ", "p": [183] },
	{ "s": "ЗАЛИЧИ", "p": [192, 67] },
	{ "s": "ЗАЛИЧИХМЕ", "p": [183] },
	{ "s": "ЗАЛОЖИЛ", "p": [157] },
	{ "s": "ЗАЛОСТЕНИ", "p": [157] },
	{ "s": "ЗАЛП", "p": [45] },
	{ "s": "ЗАЛУТАН", "p": [186] },
	{ "s": "ЗАЛЪК", "p": [161, 118] },
	{ "s": "ЗАЛЮТЯВАНЕТО", "p": [195] },
	{ "s": "ЗАЛЯГАМ", "p": [183] },
	{ "s": "ЗАМАЖЕШ", "p": [186] },
	{ "s": "ЗАМАЗАНО", "p": [67] },
	{ "s": "ЗАМАЗАХ", "p": [71] },
	{ "s": "ЗАМАЗВАМ", "p": [35] },
	{ "s": "ЗАМЕНИМ", "p": [192] },
	{ "s": "ЗАМЕНИШ", "p": [183] },
	{ "s": "ЗАМЕСЕНИ", "p": [194] },
	{ "s": "ЗАМИВАМ", "p": [198] },
	{ "s": "ЗАМИНА", "p": [202] },
	{ "s": "ЗАМИНАВАНЕ", "p": [201] },
	{ "s": "ЗАМИНАХА", "p": [201] },
	{ "s": "ЗАМИНЕ", "p": [201] },
	{ "s": "ЗАМИНЕШ", "p": [72] },
	{ "s": "ЗАМИСЛЕН", "p": [6] },
	{ "s": "ЗАМИСЛЕНО", "p": [6] },
	{ "s": "ЗАМИСЛЕТЕ", "p": [188] },
	{ "s": "ЗАМИСЛИХ", "p": [198] },
	{ "s": "ЗАМИСЛЯЛ", "p": [191] },
	{ "s": "ЗАМИСЛЯМЕ", "p": [101] },
	{ "s": "ЗАМЛЪКНАТ", "p": [150] },
	{ "s": "ЗАМЛЪКНАХА", "p": [20] },
	{ "s": "ЗАМОЖЕН", "p": [201] },
	{ "s": "ЗАМОЖИЕТО", "p": [129] },
	{ "s": "ЗАМРЪКВА", "p": [192] },
	{ "s": "ЗАМРЯ", "p": [3] },
	{ "s": "ЗАМЪГЛЯВАХА", "p": [202] },
	{ "s": "ЗАМЪРСЯВАЙТЕ", "p": [186] },
	{ "s": "ЗАНАПРЕД", "p": [200] },
	{ "s": "ЗАНАЯТ", "p": [193] },
	{ "s": "ЗАНИМАВА", "p": [202, 198] },
	{ "s": "ЗАНИМАВАХА", "p": [197] },
	{ "s": "ЗАНИМАВАШ", "p": [183] },
	{ "s": "ЗАОБИКАЛЯМ", "p": [194] },
	{ "s": "ЗАОБИЧАЛ", "p": [10] },
	{ "s": "ЗАПАЗВА", "p": [189] },
	{ "s": "ЗАПАЗЕНИ", "p": [1] },
	{ "s": "ЗАПАЗИ", "p": [202] },
	{ "s": "ЗАПАЗЯ", "p": [199] },
	{ "s": "ЗАПАЛИ", "p": [192, 185, 183] },
	{ "s": "ЗАПАМЕТЕНА", "p": [157] },
	{ "s": "ЗАПЕК", "p": [201] },
	{ "s": "ЗАПЕРДАШИ", "p": [201] },
	{ "s": "ЗАПЕЧАТАНИ", "p": [157] },
	{ "s": "ЗАПЕЧЕНОТО", "p": [186] },
	{ "s": "ЗАПИСИ", "p": [189] },
	{ "s": "ЗАПЛАКАХ", "p": [164] },
	{ "s": "ЗАПЛАКАХА", "p": [102] },
	{ "s": "ЗАПЛАТА", "p": [194, 25] },
	{ "s": "ЗАПЛАТАТА", "p": [194, 191] },
	{ "s": "ЗАПЛАХИТЕ", "p": [191] },
	{ "s": "ЗАПЛАШВАЙ", "p": [36] },
	{ "s": "ЗАПЛАШИ", "p": [191] },
	{ "s": "ЗАПЛЕЛ", "p": [208] },
	{ "s": "ЗАПЛЕТЕНО", "p": [121] },
	{ "s": "ЗАПЛУВАХ", "p": [206] },
	{ "s": "ЗАПОЗНА", "p": [199] },
	{ "s": "ЗАПОЗНАЕ", "p": [201] },
	{ "s": "ЗАПОЗНАНСТВА", "p": [193] },
	{ "s": "ЗАПОЗНАНСТВОТО", "p": [200] },
	{ "s": "ЗАПОКИТИ", "p": [200] },
	{ "s": "ЗАПОМНИ", "p": [204, 183] },
	{ "s": "ЗАПОМНИХ", "p": [183] },
	{ "s": "ЗАПОЧВА", "p": [184, 192, 144, 14] },
	{ "s": "ЗАПОЧВАМ", "p": [183] },
	{ "s": "ЗАПОЧВАТ", "p": [192] },
	{ "s": "ЗАПОЧВАХ", "p": [198] },
	{ "s": "ЗАПОЧВАШЕ", "p": [197] },
	{ "s": "ЗАПОЧНА", "p": [202, 193, 201, 194] },
	{ "s": "ЗАПОЧНАЛ", "p": [199, 198] },
	{ "s": "ЗАПОЧНАЛО", "p": [167] },
	{ "s": "ЗАПОЧНАХ", "p": [199, 194] },
	{ "s": "ЗАПОЧНАХМЕ", "p": [100] },
	{ "s": "ЗАПОЧНЕ", "p": [183, 79] },
	{ "s": "ЗАПОЧНЕМ", "p": [195] },
	{ "s": "ЗАПРАТ", "p": [126] },
	{ "s": "ЗАПРАТИ", "p": [46] },
	{ "s": "ЗАПУШИХМЕ", "p": [58] },
	{ "s": "ЗАПЪНАХА", "p": [110] },
	{ "s": "ЗАРАВЯНИ", "p": [156] },
	{ "s": "ЗАРАДИ", "p": [199, 201, 192, 191, 70, 198, 189, 183, 134] },
	{ "s": "ЗАРАЖДАНЕТО", "p": [145] },
	{ "s": "ЗАРАЗА", "p": [191] },
	{ "s": "ЗАРАЗНАТА", "p": [120] },
	{ "s": "ЗАРАЗЯВАЙТЕ", "p": [186] },
	{ "s": "ЗАРАН", "p": [9] },
	{ "s": "ЗАРАНА", "p": [205] },
	{ "s": "ЗАРАСВАНЕ", "p": [157] },
	{ "s": "ЗАРАСНА", "p": [183] },
	{ "s": "ЗАРАСНАЛАТА", "p": [191] },
	{ "s": "ЗАРАСНАЛИЯТ", "p": [191] },
	{ "s": "ЗАРАСТВА", "p": [185] },
	{ "s": "ЗАРЕДЕНО", "p": [192] },
	{ "s": "ЗАРЕКОХ", "p": [199] },
	{ "s": "ЗАРЕЯН", "p": [201] },
	{ "s": "ЗАРЕЯНОСТ", "p": [183] },
	{ "s": "ЗАРИ", "p": [46] },
	{ "s": "ЗАРИВАЙ", "p": [36] },
	{ "s": "ЗАРИВАМ", "p": [186] },
	{ "s": "ЗАРИВАШ", "p": [186] },
	{ "s": "ЗАРИТ", "p": [115] },
	{ "s": "ЗАРОБВАЩА", "p": [79] },
	{ "s": "ЗАРОБИ", "p": [186] },
	{ "s": "ЗАРОВЕНИ", "p": [186] },
	{ "s": "ЗАРОДИШ", "p": [149, 151] },
	{ "s": "ЗАРЪКОПЛЯСКА", "p": [192] },
	{ "s": "ЗАРЯ", "p": [191] },
	{ "s": "ЗАРЯД", "p": [192] },
	{ "s": "ЗАРЯЗА", "p": [45] },
	{ "s": "ЗАРЯЗАЛА", "p": [202] },
	{ "s": "ЗАРЯЗАНА", "p": [192, 70] },
	{ "s": "ЗАРЯЗАНИ", "p": [157] },
	{ "s": "ЗАРЯЗВАТ", "p": [191] },
	{ "s": "ЗАСЕГА", "p": [195] },
	{ "s": "ЗАСЕКАТ", "p": [205] },
	{ "s": "ЗАСЕКЛА", "p": [171] },
	{ "s": "ЗАСЕЛЕН", "p": [191] },
	{ "s": "ЗАСЕТИ", "p": [193] },
	{ "s": "ЗАСИЛЕН", "p": [105] },
	{ "s": "ЗАСИЛИ", "p": [202] },
	{ "s": "ЗАСКРЕЖЕНА", "p": [183] },
	{ "s": "ЗАСКРЕЖЕНАТА", "p": [115] },
	{ "s": "ЗАСЛУГИ", "p": [32] },
	{ "s": "ЗАСЛУЖАВА", "p": [202, 192] },
	{ "s": "ЗАСЛУЖАВАЩА", "p": [202] },
	{ "s": "ЗАСЛУЖИЛ", "p": [192, 73] },
	{ "s": "ЗАСПАЛИ", "p": [14] },
	{ "s": "ЗАСПИ", "p": [111] },
	{ "s": "ЗАСПИВАМ", "p": [186] },
	{ "s": "ЗАСПИВАТ", "p": [183] },
	{ "s": "ЗАСПИВАШ", "p": [80] },
	{ "s": "ЗАСТАВАШЕ", "p": [71] },
	{ "s": "ЗАСТАВИХА", "p": [194] },
	{ "s": "ЗАСТАНА", "p": [18] },
	{ "s": "ЗАСТАНАЛИ", "p": [118] },
	{ "s": "ЗАСТАНЕ", "p": [193] },
	{ "s": "ЗАСТАРЯВАЩИТЕ", "p": [105] },
	{ "s": "ЗАСТАРЯЛОТО", "p": [83] },
	{ "s": "ЗАСТИВА", "p": [205, 160] },
	{ "s": "ЗАСТИВАМ", "p": [186] },
	{ "s": "ЗАСТИВАТ", "p": [161, 144] },
	{ "s": "ЗАСТИГНА", "p": [202] },
	{ "s": "ЗАСТИНАЛ", "p": [104] },
	{ "s": "ЗАСТИНАЛА", "p": [10] },
	{ "s": "ЗАСТИНАЛИ", "p": [192] },
	{ "s": "ЗАСТИНАХА", "p": [20] },
	{ "s": "ЗАСТИНЕМ", "p": [24] },
	{ "s": "ЗАСТОЙ", "p": [192, 186] },
	{ "s": "ЗАСТОЯ", "p": [200] },
	{ "s": "ЗАСТОЯВАМ", "p": [183] },
	{ "s": "ЗАСТОЯВАЩА", "p": [188] },
	{ "s": "ЗАСТРАХОВАТ", "p": [191] },
	{ "s": "ЗАСТРЕЛВАЙ", "p": [95] },
	{ "s": "ЗАСТРЕЛЯ", "p": [190, 33] },
	{ "s": "ЗАСТРЕЛЯЙТЕ", "p": [195] },
	{ "s": "ЗАСТРЕЛЯЛ", "p": [190] },
	{ "s": "ЗАСТРЕЛЯН", "p": [194] },
	{ "s": "ЗАСТРЕЛЯТ", "p": [194, 192] },
	{ "s": "ЗАСУКАН", "p": [190] },
	{ "s": "ЗАСЪХВАТ", "p": [105] },
	{ "s": "ЗАТ", "p": [121] },
	{ "s": "ЗАТВАРЯМ", "p": [207] },
	{ "s": "ЗАТВОРЕН", "p": [192] },
	{ "s": "ЗАТВОРЕНИ", "p": [186] },
	{ "s": "ЗАТВОРЕНИТЕ", "p": [192] },
	{ "s": "ЗАТВОРНИЧЕСКИ", "p": [190, 186] },
	{ "s": "ЗАТВОРНИЧЕСКИ-СОЦ", "p": [186] },
	{ "s": "ЗАТВОРУ", "p": [183] },
	{ "s": "ЗАТВОРЯ", "p": [205] },
	{ "s": "ЗАТИХВАЩИТЕ", "p": [144] },
	{ "s": "ЗАТИШИЕ", "p": [194, 66, 40] },
	{ "s": "ЗАТЛАЧЕНА", "p": [41] },
	{ "s": "ЗАТОВА", "p": [202, 205, 198, 194, 183, 167, 135, 81] },
	{ "s": "ЗАТОПЛЯ", "p": [204] },
	{ "s": "ЗАТОПЛЯНЕ", "p": [37] },
	{ "s": "ЗАТОЧАТ", "p": [126] },
	{ "s": "ЗАТОЧЕНИЕ", "p": [106] },
	{ "s": "ЗАТРИВА", "p": [183] },
	{ "s": "ЗАТРЪШНЕ", "p": [111] },
	{ "s": "ЗАТУЙ", "p": [63] },
	{ "s": "ЗАТУЛИХА", "p": [150] },
	{ "s": "ЗАТУПТЯХА", "p": [20] },
	{ "s": "ЗАТЪМНЕНОТО", "p": [73] },
	{ "s": "ЗАТЪНАЛ", "p": [99] },
	{ "s": "ЗАТЪРСИ", "p": [201] },
	{ "s": "ЗАТ’ВА", "p": [121] },
	{ "s": "ЗАХАПВАШ", "p": [31] },
	{ "s": "ЗАХАРТА", "p": [208] },
	{ "s": "ЗАХАРЧЕ", "p": [185] },
	{ "s": "ЗАХВЪРЛЕН", "p": [160] },
	{ "s": "ЗАХЛАС", "p": [54] },
	{ "s": "ЗАХРАНВАНЕ", "p": [192] },
	{ "s": "ЗАХРАНЕНИ", "p": [183, 11] },
	{ "s": "ЗАХРУПКА", "p": [183] },
	{ "s": "ЗАЧАКА", "p": [193] },
	{ "s": "ЗАЧАКАХА", "p": [102] },
	{ "s": "ЗАЧАКВА", "p": [192] },
	{ "s": "ЗАЧЕВАМ", "p": [56] },
	{ "s": "ЗАЧЕНА", "p": [201] },
	{ "s": "ЗАЧЕНАТА", "p": [131] },
	{ "s": "ЗАЧЕНАТО", "p": [120] },
	{ "s": "ЗАЧЕШЕ", "p": [183] },
	{ "s": "ЗАШЕМЕТЯВАЩА", "p": [201] },
	{ "s": "ЗАЩИТЕН", "p": [131] },
	{ "s": "ЗАЩО", "p": [188, 191, 157, 189, 186, 199, 161, 205, 202, 183, 118, 33] },
	{ "s": "ЗАЩОТО", "p": [192, 185, 200, 28, 202, 198, 197, 193, 191, 184, 183, 33, 208, 201, 195, 194, 190, 188, 169, 119, 95, 3] },
	{ "s": "ЗАЯВИ", "p": [201, 202] },
	{ "s": "ЗАЯВИХ", "p": [199] },
	{ "s": "ЗАЯВЯ", "p": [191] },
	{ "s": "ЗАЯВЯВА", "p": [192] },
	{ "s": "ЗАЯВЯВАМ", "p": [191] },
	{ "s": "ЗАЯЖДАМ", "p": [194] },
	{ "s": "ЗАЯКВАМ", "p": [198] },
	{ "s": "ЗАЯКЧАВАЩ", "p": [202] },
	{ "s": "ЗВЕЗДА", "p": [189, 183, 171, 34, 30, 23] },
	{ "s": "ЗВЕЗДЕН", "p": [93] },
	{ "s": "ЗВЕЗДИ", "p": [183, 184, 109, 38, 11] },
	{ "s": "ЗВЕЗДИТЕ", "p": [183, 184, 1] },
	{ "s": "ЗВЕЗДНА", "p": [74] },
	{ "s": "ЗВЕЗДНОТО", "p": [142] },
	{ "s": "ЗВЕРСКИ", "p": [202] },
	{ "s": "ЗВУК", "p": [206, 198, 139, 60, 35, 19] },
	{ "s": "ЗВУКЪТ", "p": [192, 87] },
	{ "s": "ЗВУЦИ", "p": [198, 184] },
	{ "s": "ЗВУЦИТЕ", "p": [118, 183] },
	{ "s": "ЗВУЧИ", "p": [40] },
	{ "s": "ЗВЪН", "p": [200] },
	{ "s": "ЗВЪНЕНЕ", "p": [192] },
	{ "s": "ЗВЪНЕЦА", "p": [192] },
	{ "s": "ЗВЪНИ", "p": [202, 90] },
	{ "s": "ЗДРАВЕ", "p": [191] },
	{ "s": "ЗДРАВЕЙ", "p": [104, 200] },
	{ "s": "ЗДРАВЕОПАЗВАНЕ", "p": [191] },
	{ "s": "ЗДРАВИ", "p": [112] },
	{ "s": "ЗДРАВО", "p": [202, 126] },
	{ "s": "ЗДРАСТИ", "p": [73] },
	{ "s": "ЗДРАЧ", "p": [116] },
	{ "s": "ЗДРАЧА", "p": [183, 204] },
	{ "s": "ЗЕБРА", "p": [194] },
	{ "s": "ЗЕЕ", "p": [183] },
	{ "s": "ЗЕЛЕНА", "p": [117] },
	{ "s": "ЗЕЛЕНО", "p": [205, 127] },
	{ "s": "ЗЕМА", "p": [194] },
	{ "s": "ЗЕМИ", "p": [183, 191] },
	{ "s": "ЗЕМИТЕ", "p": [186] },
	{ "s": "ЗЕМЯ", "p": [142, 201, 183, 174, 117, 55] },
	{ "s": "ЗЕМЯТА", "p": [207, 205, 201, 197, 185, 166, 90, 88, 38, 30, 17] },
	{ "s": "ЗИДАНИ", "p": [184] },
	{ "s": "ЗИМА", "p": [201, 115, 59, 20] },
	{ "s": "ЗИМАТА", "p": [78, 56] },
	{ "s": "ЗИМЕН", "p": [102] },
	{ "s": "ЗИМИ", "p": [78] },
	{ "s": "ЗИМНО", "p": [115, 136] },
	{ "s": "ЗЛА", "p": [183] },
	{ "s": "ЗЛАТЕВА", "p": [63] },
	{ "s": "ЗЛАТНАТА", "p": [183] },
	{ "s": "ЗЛАТНО", "p": [186] },
	{ "s": "ЗЛАТО", "p": [147] },
	{ "s": "ЗЛЕ", "p": [201, 200, 199, 188, 184, 169, 164] },
	{ "s": "ЗЛЕТО", "p": [202] },
	{ "s": "ЗЛИ", "p": [186, 98] },
	{ "s": "ЗЛО", "p": [202, 65, 33] },
	{ "s": "ЗЛОБА", "p": [202, 186, 183, 157, 82] },
	{ "s": "ЗЛОБАР", "p": [141] },
	{ "s": "ЗЛОБЕЕШЕ", "p": [201] },
	{ "s": "ЗЛОБНО", "p": [14] },
	{ "s": "ЗЛОНАМЕРЕНИ", "p": [192] },
	{ "s": "ЗЛОСЛОВИШ", "p": [185] },
	{ "s": "ЗЛОЩАСТНО", "p": [191] },
	{ "s": "ЗМИИ", "p": [110, 103] },
	{ "s": "ЗМИЯТА", "p": [106] },
	{ "s": "ЗНАЕ", "p": [186, 192, 184, 202, 183, 138, 134, 98, 11] },
	{ "s": "ЗНАЕЙКИ", "p": [193] },
	{ "s": "ЗНАЕМ", "p": [195, 192, 17] },
	{ "s": "ЗНАЕХ", "p": [183, 206, 81, 56, 7] },
	{ "s": "ЗНАЕХА", "p": [184] },
	{ "s": "ЗНАЕХМЕ", "p": [58, 38] },
	{ "s": "ЗНАЕШ", "p": [199, 183, 57, 10, 192, 73, 72, 17] },
	{ "s": "ЗНАЕШЕ", "p": [202, 197, 200, 53] },
	{ "s": "ЗНАЕЩИ", "p": [44] },
	{ "s": "ЗНАМ", "p": [199, 204, 103, 188, 183, 138, 119, 95, 63] },
	{ "s": "ЗНАМЕ", "p": [191] },
	{ "s": "ЗНАМЕНА", "p": [126] },
	{ "s": "ЗНАМЕНИЕ", "p": [41] },
	{ "s": "ЗНАМЕНИТ", "p": [201] },
	{ "s": "ЗНАМЕНИТОСТИ", "p": [188] },
	{ "s": "ЗНАЦИ", "p": [100] },
	{ "s": "ЗНАЧЕНИЕ", "p": [190, 185, 36, 193, 192, 183, 11] },
	{ "s": "ЗНАЧЕХА", "p": [183] },
	{ "s": "ЗНАЧИ", "p": [183, 8, 199, 192, 188] },
	{ "s": "ЗНАЧИМ", "p": [155] },
	{ "s": "ЗНАЧИТЕЛНО", "p": [202, 192, 191] },
	{ "s": "ЗНАЯ", "p": [186, 105, 94] },
	{ "s": "ЗНАЯТ", "p": [191, 193, 189] },
	{ "s": "ЗНОЙНО", "p": [59] },
	{ "s": "ЗОВ", "p": [87, 44] },
	{ "s": "ЗОВЕ", "p": [183, 126, 43] },
	{ "s": "ЗОВЕШЕ", "p": [197, 194] },
	{ "s": "ЗОМБИТА", "p": [192] },
	{ "s": "ЗОНАТА", "p": [191] },
	{ "s": "ЗОР", "p": [199, 189] },
	{ "s": "ЗОРА", "p": [102, 78] },
	{ "s": "ЗОРАТА", "p": [38] },
	{ "s": "ЗОРИ", "p": [83] },
	{ "s": "ЗРЕНИЕ", "p": [75] },
	{ "s": "ЗРИТЕЛ", "p": [201] },
	{ "s": "ЗРИТЕЛСКОТО", "p": [160] },
	{ "s": "ЗЪБЕСТИ", "p": [41] },
	{ "s": "ЗЪБИ", "p": [202, 194, 201, 186, 143, 118, 72, 48] },
	{ "s": "ЗЪЗНА", "p": [13] },
	{ "s": "ЗЪЛ", "p": [148] },
	{ "s": "ЗЪРНА", "p": [80] }
]