[
	{ "s": "Ю́", "p": [183] },
	{ "s": "ЮБАВАТА", "p": [201] },
	{ "s": "ЮБАВИЦАТА", "p": [201] },
	{ "s": "ЮДА", "p": [119] },
	{ "s": "ЮЖНЯК", "p": [102] },
	{ "s": "ЮЗДАТА", "p": [83] },
	{ "s": "ЮЗДИ", "p": [69] },
	{ "s": "ЮЗДИТЕ", "p": [127] },
	{ "s": "ЮЗЕИРОВИ", "p": [189] },
	{ "s": "ЮМРУК", "p": [4] },
	{ "s": "ЮМРУЧЕНО", "p": [106] },
	{ "s": "ЮНАК", "p": [183] },
	{ "s": "ЮРИДИЧЕСКАТА", "p": [191] }
]