[
	{ "s": "GAINING", "p": [209] },
	{ "s": "GARDEN", "p": [209] },
	{ "s": "GAVE", "p": [206] },
	{ "s": "GET", "p": [206] },
	{ "s": "GETTING", "p": [209] },
	{ "s": "GIRL", "p": [204] },
	{ "s": "GLAD", "p": [209] },
	{ "s": "GLANCES", "p": [205] },
	{ "s": "GLEDAM", "p": [202] },
	{ "s": "GMAIL", "p": [210] },
	{ "s": "GO", "p": [204, 209, 208] },
	{ "s": "GOD", "p": [209] },
	{ "s": "GOD-MERCY-HATRED", "p": [209] },
	{ "s": "GOING", "p": [209] },
	{ "s": "GONE", "p": [209, 207, 204] },
	{ "s": "GONNA", "p": [204] },
	{ "s": "GOOD", "p": [204, 209] },
	{ "s": "GOODBYE", "p": [204] },
	{ "s": "GOT", "p": [209, 191] },
	{ "s": "GRANTED", "p": [208] },
	{ "s": "GREEN", "p": [205] },
	{ "s": "GROUND", "p": [209, 207] },
	{ "s": "GSM", "p": [191] },
	{ "s": "GSMИТЕ", "p": [191] }
]