[
	{ "s": "Т", "p": [191, 154, 185] },
	{ "s": "Т.НАР", "p": [191] },
	{ "s": "ТА", "p": [192, 185, 194, 189, 104, 95, 1] },
	{ "s": "ТАБЕЛИ", "p": [159] },
	{ "s": "ТАБЕЛИТЕ", "p": [122] },
	{ "s": "ТАБЕЛКА", "p": [21] },
	{ "s": "ТАБУ", "p": [191] },
	{ "s": "ТАВАНИ", "p": [119] },
	{ "s": "ТАЕШЕ", "p": [200] },
	{ "s": "ТАЗ", "p": [168, 94, 48] },
	{ "s": "ТАЗИ", "p": [201, 202, 194, 190, 183, 106, 32, 193, 189, 188, 27, 204, 200, 199, 198, 192, 191, 115, 73, 63, 42, 37, 33, 17, 9] },
	{ "s": "ТАИШ", "p": [186, 82] },
	{ "s": "ТАЙНИТЕ", "p": [202] },
	{ "s": "ТАЙНО", "p": [201] },
	{ "s": "ТАЙНСТВЕНИ", "p": [151] },
	{ "s": "ТАКА", "p": [202, 193, 192, 199, 201, 200, 191, 185, 111, 198, 194, 189, 183, 30, 27, 13, 206, 204, 197, 188, 184, 178, 157, 156, 147, 141, 140, 127, 110, 103, 100, 98, 95, 81, 75, 44, 43, 42, 36, 26, 17] },
	{ "s": "ТАКА-А", "p": [199] },
	{ "s": "ТАКАВА", "p": [199, 191, 190, 189, 188] },
	{ "s": "ТАКИВА", "p": [191, 192, 183] },
	{ "s": "ТАКОВА", "p": [195, 199, 191, 192, 188] },
	{ "s": "ТАКТ", "p": [202, 61] },
	{ "s": "ТАКТИЧНО", "p": [183] },
	{ "s": "ТАКЪВ", "p": [192, 195, 190, 202, 199, 188, 183] },
	{ "s": "ТАЛАЗИ", "p": [149] },
	{ "s": "ТАЛАНТ", "p": [193, 192, 201, 165, 141] },
	{ "s": "ТАЛАНТИ", "p": [161, 193, 186] },
	{ "s": "ТАЛАНТИТЕ", "p": [186] },
	{ "s": "ТАЛАНТЛИВА", "p": [192] },
	{ "s": "ТАЛИГИ", "p": [184, 38] },
	{ "s": "ТАЛПА", "p": [202] },
	{ "s": "ТАМ", "p": [202, 192, 191, 188, 183, 205, 201, 200, 194, 172, 114, 104, 86, 56] },
	{ "s": "ТАМАН", "p": [202, 198, 162] },
	{ "s": "ТАМОШНИТЕ", "p": [201] },
	{ "s": "ТАНЦ", "p": [64] },
	{ "s": "ТАНЦУВАЙ", "p": [89] },
	{ "s": "ТАПИИ", "p": [202] },
	{ "s": "ТАРИКАТ", "p": [191] },
	{ "s": "ТАРИКАТИ", "p": [183] },
	{ "s": "ТАСКИТАТА", "p": [186] },
	{ "s": "ТАТЕ", "p": [188] },
	{ "s": "ТАТКОВИНА", "p": [201] },
	{ "s": "ТАТУИРАН", "p": [201] },
	{ "s": "ТАТУИРОВКИ", "p": [201] },
	{ "s": "ТАХИКАРДНИТЕ", "p": [183] },
	{ "s": "ТАЧЕН", "p": [200] },
	{ "s": "ТАЧЕШЕ", "p": [201] },
	{ "s": "ТАЯ", "p": [183, 198, 191, 185, 99] },
	{ "s": "ТВОЕ", "p": [199] },
	{ "s": "ТВОЕТО", "p": [183, 21, 191, 185, 181, 172, 157, 71, 22, 5] },
	{ "s": "ТВОИ", "p": [199, 183] },
	{ "s": "ТВОИТЕ", "p": [183, 208, 148, 105, 92, 69, 56, 37, 31, 21] },
	{ "s": "ТВОЙ", "p": [156] },
	{ "s": "ТВОЙТА", "p": [48, 183, 186, 34, 184, 87, 4] },
	{ "s": "ТВОЙТО", "p": [183, 63] },
	{ "s": "ТВОРБА", "p": [185] },
	{ "s": "ТВОРБАТА", "p": [27] },
	{ "s": "ТВОРБИ", "p": [193] },
	{ "s": "ТВОРБИТЕ", "p": [201, 193] },
	{ "s": "ТВОРЕНИЕ", "p": [41] },
	{ "s": "ТВОРЕНИЯТА", "p": [192] },
	{ "s": "ТВОРИ", "p": [192] },
	{ "s": "ТВОРЧЕСКИ", "p": [192] },
	{ "s": "ТВОРЧЕСКИЯТ", "p": [192] },
	{ "s": "ТВОРЧЕСТВО", "p": [1] },
	{ "s": "ТВОЯ", "p": [186, 185, 183, 204, 200, 199, 168, 111, 104] },
	{ "s": "ТВОЯТ", "p": [208, 13] },
	{ "s": "ТВОЯТА", "p": [183, 84, 30, 199, 96, 63, 37, 31] },
	{ "s": "ТВЪРДА", "p": [184] },
	{ "s": "ТВЪРДЕ", "p": [186, 202, 149, 82] },
	{ "s": "ТВЪРДЕШЕ", "p": [184, 172] },
	{ "s": "ТВЪРДЯ", "p": [188] },
	{ "s": "ТЕ", "p": [183, 60, 186, 191, 185, 184, 107, 75, 66, 192, 189, 63, 199, 205, 204, 193, 174, 158, 105, 76, 69, 67, 53, 37, 18, 8, 207, 202, 200, 194, 177, 172, 166, 164, 157, 140, 134, 95, 83, 80, 79, 78, 74, 73, 72, 71, 65, 59, 56, 54, 49, 43, 33, 19, 16, 12, 11, 201, 198, 197, 188, 168, 145, 143, 139, 132, 125, 122, 121, 120, 94, 93, 91, 77, 70, 55, 52, 47, 45, 38, 35, 24, 22, 17, 6, 5] },
	{ "s": "ТЕБ", "p": [183, 186, 68, 63, 14, 204, 175, 173, 145, 70, 19, 8, 208, 205, 201, 192, 191, 189, 185, 178, 174, 162, 121, 107, 100, 79, 65, 55, 54, 53, 49, 48, 44, 33, 32, 17, 15, 4] },
	{ "s": "ТЕБЕ", "p": [183, 185, 189, 186, 145, 48, 169, 89, 70, 24, 5, 205, 204, 168, 157, 156, 141, 139, 108, 79, 68, 53, 43, 38, 29, 22, 18, 15] },
	{ "s": "ТЕБЕШИРЕНО", "p": [188] },
	{ "s": "ТЕБЕШИРЕНО-МАСЛЕНИ", "p": [188] },
	{ "s": "ТЕГЛИ", "p": [201] },
	{ "s": "ТЕГЛО", "p": [202] },
	{ "s": "ТЕГЛЯ", "p": [198] },
	{ "s": "ТЕГЛЯТ", "p": [127, 107] },
	{ "s": "ТЕЖАТ", "p": [27] },
	{ "s": "ТЕЖЕСТ", "p": [201] },
	{ "s": "ТЕЖЕШЕ", "p": [201] },
	{ "s": "ТЕЖКА", "p": [201, 185] },
	{ "s": "ТЕЖКАТА", "p": [202] },
	{ "s": "ТЕЖКО", "p": [95, 40] },
	{ "s": "ТЕЖЪК", "p": [166] },
	{ "s": "ТЕЗ", "p": [157, 59] },
	{ "s": "ТЕЗАТА", "p": [195] },
	{ "s": "ТЕЗИ", "p": [140, 189, 208, 201, 190, 188, 107, 32] },
	{ "s": "ТЕКАТ", "p": [24] },
	{ "s": "ТЕКНАХ", "p": [77] },
	{ "s": "ТЕКСТ", "p": [204, 202, 191, 183, 33, 1, 134] },
	{ "s": "ТЕКСТОВЕ", "p": [183] },
	{ "s": "ТЕКСТОВЕТЕ", "p": [1] },
	{ "s": "ТЕКСТЪТ", "p": [134] },
	{ "s": "ТЕЛА", "p": [183, 202, 160, 148, 33, 14] },
	{ "s": "ТЕЛАТА", "p": [197] },
	{ "s": "ТЕЛЕВИЗИОННИТЕ", "p": [188] },
	{ "s": "ТЕЛЕВИЗИЯ", "p": [189] },
	{ "s": "ТЕЛЕВИЗОР", "p": [208, 194] },
	{ "s": "ТЕЛЕВИЗОРА", "p": [194] },
	{ "s": "ТЕЛЕСНО", "p": [25] },
	{ "s": "ТЕЛЕФОН", "p": [202] },
	{ "s": "ТЕЛЕФОНА", "p": [202, 192] },
	{ "s": "ТЕЛЕФОНИ", "p": [128] },
	{ "s": "ТЕЛОСЪЧЕТАНИЯ", "p": [183] },
	{ "s": "ТЕМА", "p": [199, 190] },
	{ "s": "ТЕМАТА", "p": [192, 191] },
	{ "s": "ТЕМЕНУЖНА", "p": [183] },
	{ "s": "ТЕН", "p": [186] },
	{ "s": "ТЕНДЕНЦИОЗНО", "p": [192] },
	{ "s": "ТЕНДЕНЦИЯТА", "p": [188] },
	{ "s": "ТЕНИЯ", "p": [183, 186] },
	{ "s": "ТЕО", "p": [202] },
	{ "s": "ТЕОВИТЕ", "p": [202] },
	{ "s": "ТЕОРЕТИЧНО", "p": [192] },
	{ "s": "ТЕОРИЯ", "p": [183] },
	{ "s": "ТЕОФАН", "p": [202] },
	{ "s": "ТЕПЪРВА", "p": [176] },
	{ "s": "ТЕРАКОТА", "p": [200, 194] },
	{ "s": "ТЕРАПИЯТА", "p": [183] },
	{ "s": "ТЕРВЕЛ", "p": [191] },
	{ "s": "ТЕРМИЧНО", "p": [200] },
	{ "s": "ТЕСЕН", "p": [141] },
	{ "s": "ТЕСНИ", "p": [183] },
	{ "s": "ТЕСНОЛИНЕЙКАТА", "p": [192] },
	{ "s": "ТЕТИВА", "p": [42] },
	{ "s": "ТЕТИВАТА", "p": [57] },
	{ "s": "ТЕХ", "p": [194] },
	{ "s": "ТЕХНИКА", "p": [193] },
	{ "s": "ТЕХНИТЕ", "p": [198, 192] },
	{ "s": "ТЕХНИЧНОСТ", "p": [125] },
	{ "s": "ТЕХНИЯ", "p": [189] },
	{ "s": "ТЕХНОЛОГИЧЕН", "p": [138] },
	{ "s": "ТЕХНОЛОГИЧНИ", "p": [188] },
	{ "s": "ТЕХНОПИСЕЦ", "p": [194] },
	{ "s": "ТЕЧЕ", "p": [183, 75] },
	{ "s": "ТЕЧЕНИЕ", "p": [201, 41] },
	{ "s": "ТЕЧНОСТ", "p": [201, 200] },
	{ "s": "ТЕЧОВЕ", "p": [66] },
	{ "s": "ТИ", "p": [183, 186, 185, 199, 184, 208, 192, 73, 82, 53, 188, 200, 191, 67, 65, 64, 204, 87, 60, 139, 79, 69, 62, 57, 56, 40, 36, 33, 207, 198, 195, 181, 172, 164, 162, 145, 118, 108, 96, 94, 89, 86, 74, 52, 38, 34, 31, 24, 3, 201, 194, 189, 169, 168, 167, 160, 158, 141, 134, 128, 109, 107, 104, 95, 91, 85, 84, 80, 77, 75, 72, 59, 58, 54, 48, 45, 37, 35, 27, 22, 19, 10, 8, 7] },
	{ "s": "ТИ-ПЛЕННИК", "p": [31] },
	{ "s": "ТИГРИЦА", "p": [192] },
	{ "s": "ТИЙНЕЙДЖЪРИ", "p": [191, 188] },
	{ "s": "ТИЙНЕЙДЖЪРСКИТЕ", "p": [192] },
	{ "s": "ТИКАШЕ", "p": [194] },
	{ "s": "ТИКВА", "p": [168] },
	{ "s": "ТИКТАКАЩ", "p": [61, 53] },
	{ "s": "ТИКТАКАЩО", "p": [61] },
	{ "s": "ТИП", "p": [200, 192, 191] },
	{ "s": "ТИПАЖ", "p": [31] },
	{ "s": "ТИПИЧНА", "p": [184] },
	{ "s": "ТИРАДА", "p": [199] },
	{ "s": "ТИРАДА-МОНОЛОГ", "p": [199] },
	{ "s": "ТИРБУШОНИ", "p": [56] },
	{ "s": "ТИРОВЕ", "p": [195] },
	{ "s": "ТИТУЛОВАНИЯ", "p": [191] },
	{ "s": "ТИХА", "p": [201, 186, 160, 111, 91, 82, 54, 49] },
	{ "s": "ТИХИЧКО", "p": [183, 150, 33, 29, 15] },
	{ "s": "ТИХИЯ", "p": [198, 185] },
	{ "s": "ТИХО", "p": [93, 184, 201, 185, 183, 143, 139, 124, 104, 102, 88] },
	{ "s": "ТИХОТО", "p": [183] },
	{ "s": "ТИЧА", "p": [15] },
	{ "s": "ТИЧАМ", "p": [63] },
	{ "s": "ТИЧАМЕ", "p": [126, 70] },
	{ "s": "ТИЧАНЕТО", "p": [194] },
	{ "s": "ТИЧАТ", "p": [185] },
	{ "s": "ТИШИНА", "p": [74, 48, 34, 10] },
	{ "s": "ТИШИНАТА", "p": [185, 55, 23] },
	{ "s": "ТИЯ", "p": [195] },
	{ "s": "ТКАТА", "p": [191] },
	{ "s": "ТЛАСЪК", "p": [192] },
	{ "s": "ТЛЕЕ", "p": [185] },
	{ "s": "ТЛЕЕМ", "p": [146] },
	{ "s": "ТЛЕЕЩИ", "p": [54] },
	{ "s": "ТЛЕЕЩО", "p": [105] },
	{ "s": "ТЛЕН", "p": [106] },
	{ "s": "ТЛЕНЕН", "p": [131] },
	{ "s": "ТЛЕННА", "p": [186] },
	{ "s": "ТЛЕННИ", "p": [185] },
	{ "s": "ТЛЕННО", "p": [77] },
	{ "s": "ТЛЕННОСТ", "p": [31] },
	{ "s": "ТЛЕЯ", "p": [13] },
	{ "s": "ТЛЯХ", "p": [178] },
	{ "s": "ТО", "p": [183, 198, 192, 191, 194, 185, 132, 15, 207, 202, 199, 193, 184, 181, 164, 134, 57, 33, 28, 11] },
	{ "s": "ТО-ОЛКОВА", "p": [199] },
	{ "s": "ТОАЛЕТНА", "p": [193, 182] },
	{ "s": "ТОАЛЕТНИ", "p": [191] },
	{ "s": "ТОВА", "p": [191, 192, 202, 183, 151, 201, 199, 193, 188, 198, 189, 186, 197, 194, 100, 208, 200, 185, 39, 204, 195, 184, 141, 134, 126, 119, 109, 103, 92, 63, 44, 43, 33, 31, 26, 3, 1] },
	{ "s": "ТОВАР", "p": [166] },
	{ "s": "ТОГАВА", "p": [199, 208, 206, 190, 100, 53, 28, 14, 10] },
	{ "s": "ТОГАВАШНАТА", "p": [189] },
	{ "s": "ТОЗ", "p": [129, 186, 183, 147] },
	{ "s": "ТОЗИ", "p": [128, 202, 33, 183, 190, 189, 204, 194, 193, 192, 79, 40, 12, 1, 199, 198, 191, 184, 149, 134, 112, 111, 108, 107, 99, 56, 28, 17, 10] },
	{ "s": "ТОЙ", "p": [202, 193, 184, 201, 99, 197, 183, 200, 194, 192, 134, 111, 1] },
	{ "s": "ТОК", "p": [184] },
	{ "s": "ТОКСИЧНА", "p": [185] },
	{ "s": "ТОКУ", "p": [201, 183, 99, 45, 32, 15] },
	{ "s": "ТОКУ-ТЪЙ", "p": [201] },
	{ "s": "ТОКЧЕ", "p": [192] },
	{ "s": "ТОКЧЕТА", "p": [43] },
	{ "s": "ТОКЧЕТАТА", "p": [43] },
	{ "s": "ТОЛЕРАНС", "p": [191] },
	{ "s": "ТОЛЕРАНТЕН", "p": [189] },
	{ "s": "ТОЛЕРАНТНОСТ", "p": [193, 189] },
	{ "s": "ТОЛКО", "p": [193, 168] },
	{ "s": "ТОЛКОВА", "p": [199, 193, 192, 101, 45, 202, 191, 183, 157, 156, 95, 81, 24, 3, 208, 206, 198, 189, 188, 186, 185, 184, 161, 98, 76, 43, 20, 12] },
	{ "s": "ТОЛКОЗ", "p": [185, 183, 81, 78, 202, 186, 157, 134, 122, 100, 95, 87, 67, 57] },
	{ "s": "ТОМА", "p": [1] },
	{ "s": "ТОМИ", "p": [198] },
	{ "s": "ТОН", "p": [199, 42, 185, 193, 36] },
	{ "s": "ТОНА", "p": [199] },
	{ "s": "ТОНЕВ", "p": [6] },
	{ "s": "ТОНОВЕ", "p": [188] },
	{ "s": "ТОПКА", "p": [183] },
	{ "s": "ТОПЛИ", "p": [192, 183, 63] },
	{ "s": "ТОПЛИНА", "p": [48, 183] },
	{ "s": "ТОПЛИНАТА", "p": [183] },
	{ "s": "ТОПЛИТЕ", "p": [198] },
	{ "s": "ТОПЛИЧКО", "p": [183] },
	{ "s": "ТОПЛИЯТ", "p": [102] },
	{ "s": "ТОПЛО", "p": [183, 102, 6] },
	{ "s": "ТОПЛОМЕРИ", "p": [188] },
	{ "s": "ТОПЛОТО", "p": [142, 13] },
	{ "s": "ТОПОР", "p": [185] },
	{ "s": "ТОПЧЕТАТА", "p": [201] },
	{ "s": "ТОПЪЛ", "p": [201, 93] },
	{ "s": "ТОПЯХА", "p": [150] },
	{ "s": "ТОР", "p": [193] },
	{ "s": "ТОРБАТА", "p": [166] },
	{ "s": "ТОРМОЗИ", "p": [202] },
	{ "s": "ТОРНАДО", "p": [89] },
	{ "s": "ТОРС", "p": [202] },
	{ "s": "ТОСТ", "p": [155] },
	{ "s": "ТОСТОВЕ", "p": [69] },
	{ "s": "ТОТАЛНО", "p": [188, 202, 194, 191, 183] },
	{ "s": "ТОТЕМ", "p": [183] },
	{ "s": "ТОТО", "p": [194] },
	{ "s": "ТОТО-ТО", "p": [194] },
	{ "s": "ТОТОТО", "p": [189] },
	{ "s": "ТОЧЕН", "p": [147, 30] },
	{ "s": "ТОЧКА", "p": [191, 195, 133, 12] },
	{ "s": "ТОЧКИ", "p": [26] },
	{ "s": "ТОЧНИ", "p": [122] },
	{ "s": "ТОЧНО", "p": [183, 202, 192, 17, 12, 200, 188, 186, 185, 131, 82] },
	{ "s": "ТОЧНОСТ", "p": [192, 177] },
	{ "s": "ТОЯ", "p": [194, 141, 195, 183, 104, 36] },
	{ "s": "ТРАВЕСТИТ", "p": [200] },
	{ "s": "ТРАГЕДИЯ", "p": [190] },
	{ "s": "ТРАГЕДИЯТА", "p": [190] },
	{ "s": "ТРАДИЦИИ", "p": [76] },
	{ "s": "ТРАЕ", "p": [192, 183] },
	{ "s": "ТРАЕМ", "p": [188] },
	{ "s": "ТРАЙНОСТ", "p": [122] },
	{ "s": "ТРАКТ", "p": [200] },
	{ "s": "ТРАМВАЯ", "p": [99] },
	{ "s": "ТРАНС", "p": [148] },
	{ "s": "ТРАНСПОРТ", "p": [195] },
	{ "s": "ТРАФИК", "p": [183] },
	{ "s": "ТРАХЕЯТА", "p": [185] },
	{ "s": "ТРЕБЕ", "p": [186, 168] },
	{ "s": "ТРЕВА", "p": [202] },
	{ "s": "ТРЕВИТЕ", "p": [102] },
	{ "s": "ТРЕВОЖЕШЕ", "p": [197] },
	{ "s": "ТРЕГЕРНИ", "p": [186] },
	{ "s": "ТРЕЗВЕН", "p": [185] },
	{ "s": "ТРЕНДАФИЛ", "p": [200] },
	{ "s": "ТРЕНДАФИЛЪТ", "p": [200] },
	{ "s": "ТРЕНИНГ", "p": [201] },
	{ "s": "ТРЕПВАШЕ", "p": [99] },
	{ "s": "ТРЕПЕ", "p": [190] },
	{ "s": "ТРЕПЕРЕЩА", "p": [186, 82] },
	{ "s": "ТРЕПЕРИ", "p": [161] },
	{ "s": "ТРЕПЕТА", "p": [168, 98] },
	{ "s": "ТРЕПЕТИТЕ", "p": [59] },
	{ "s": "ТРЕПКА", "p": [183] },
	{ "s": "ТРЕПТЕНЕТО", "p": [160] },
	{ "s": "ТРЕСКАВО", "p": [15] },
	{ "s": "ТРЕТА", "p": [200, 198, 190] },
	{ "s": "ТРЕТИ", "p": [191] },
	{ "s": "ТРЕТИРАШ", "p": [31] },
	{ "s": "ТРЕТО", "p": [199, 183] },
	{ "s": "ТРЕТОТО", "p": [86] },
	{ "s": "ТРИ", "p": [198, 202, 183, 86, 178, 81, 33, 7] },
	{ "s": "ТРИВИАЛНИТЕ", "p": [184] },
	{ "s": "ТРИДЕСЕТГОДИШЕН", "p": [190] },
	{ "s": "ТРИЕНЕ", "p": [103] },
	{ "s": "ТРИЖДИ", "p": [202] },
	{ "s": "ТРИЙСЕТ", "p": [194] },
	{ "s": "ТРИКОЛЬОР", "p": [189] },
	{ "s": "ТРИМА", "p": [192, 191] },
	{ "s": "ТРИО", "p": [194] },
	{ "s": "ТРИТЕ", "p": [202, 198] },
	{ "s": "ТРИУМФАЛНО", "p": [164] },
	{ "s": "ТРИФОН", "p": [201] },
	{ "s": "ТРИЪГЪЛНИК", "p": [152] },
	{ "s": "ТРОВЕНИ", "p": [71] },
	{ "s": "ТРОВИ", "p": [202] },
	{ "s": "ТРОГНАТА", "p": [192] },
	{ "s": "ТРОЙКА", "p": [195] },
	{ "s": "ТРОЛЕЙ", "p": [194] },
	{ "s": "ТРОМПЕТИТЕ", "p": [161] },
	{ "s": "ТРОН", "p": [103, 51] },
	{ "s": "ТРОНА", "p": [183] },
	{ "s": "ТРОПВАНЕ", "p": [192] },
	{ "s": "ТРОТОАР", "p": [194, 192] },
	{ "s": "ТРОТОАРИ", "p": [191] },
	{ "s": "ТРОТОАРИТЕ", "p": [188] },
	{ "s": "ТРОТОАРНА", "p": [194] },
	{ "s": "ТРОХА", "p": [184, 68] },
	{ "s": "ТРОХИ", "p": [48] },
	{ "s": "ТРОХИТЕ", "p": [161] },
	{ "s": "ТРОША", "p": [198] },
	{ "s": "ТРОШИШ", "p": [181] },
	{ "s": "ТРОЯНСКИТЕ", "p": [161] },
	{ "s": "ТРУД", "p": [202, 194, 190] },
	{ "s": "ТРУДА", "p": [193] },
	{ "s": "ТРУДЕН", "p": [118] },
	{ "s": "ТРУДНО", "p": [199, 188, 184, 149] },
	{ "s": "ТРУДНО-ПОСТИЖИМАТА", "p": [149] },
	{ "s": "ТРУП", "p": [197, 202, 118, 115, 46] },
	{ "s": "ТРУПА", "p": [58] },
	{ "s": "ТРУПАХМЕ", "p": [58] },
	{ "s": "ТРУПИ", "p": [61] },
	{ "s": "ТРУПОВЕ", "p": [192, 144] },
	{ "s": "ТРЪБА", "p": [73] },
	{ "s": "ТРЪБЯТ", "p": [161] },
	{ "s": "ТРЪГВАМ", "p": [185, 22] },
	{ "s": "ТРЪГВАМЕ", "p": [146] },
	{ "s": "ТРЪГВАТ", "p": [185, 153, 88] },
	{ "s": "ТРЪГВАШ", "p": [186, 30, 23] },
	{ "s": "ТРЪГВАЩИ", "p": [145] },
	{ "s": "ТРЪГНÁ", "p": [183] },
	{ "s": "ТРЪГНА", "p": [158, 30, 26] },
	{ "s": "ТРЪГНАЛ", "p": [206, 202] },
	{ "s": "ТРЪГНАЛА", "p": [202, 192] },
	{ "s": "ТРЪГНАХА", "p": [202] },
	{ "s": "ТРЪГНЕ", "p": [201] },
	{ "s": "ТРЪГНЕШ", "p": [204] },
	{ "s": "ТРЪПКИ", "p": [183] },
	{ "s": "ТРЪПНЕ", "p": [186] },
	{ "s": "ТРЯБВА", "p": [191, 192, 195, 189, 188, 183, 204, 199, 194, 31] },
	{ "s": "ТРЯБВАЛО", "p": [199] },
	{ "s": "ТРЯБВАТ", "p": [107] },
	{ "s": "ТРЯБВАШЕ", "p": [198, 199, 208, 201, 200, 197, 194, 191, 159, 138] },
	{ "s": "ТУ", "p": [44, 197, 29] },
	{ "s": "ТУЙ", "p": [201, 183, 134] },
	{ "s": "ТУК", "p": [194, 1, 195, 192, 191, 183, 139, 96, 87, 19, 8] },
	{ "s": "ТУКА", "p": [35, 201, 95] },
	{ "s": "ТУЛОВИЩЕ", "p": [202] },
	{ "s": "ТУМОР", "p": [119] },
	{ "s": "ТУПАК", "p": [192] },
	{ "s": "ТУПКА", "p": [183, 164] },
	{ "s": "ТУПКАНЕ", "p": [184] },
	{ "s": "ТУПКАЩА", "p": [132] },
	{ "s": "ТУПКАЩИ", "p": [61] },
	{ "s": "ТУПТИ", "p": [5] },
	{ "s": "ТУПТЯТ", "p": [157] },
	{ "s": "ТУРИ", "p": [199, 194] },
	{ "s": "ТУРИЗЪМ", "p": [191] },
	{ "s": "ТУРИСТИЧЕСКА", "p": [191] },
	{ "s": "ТУРИШ", "p": [183] },
	{ "s": "ТУРСКАТА", "p": [191] },
	{ "s": "ТУРСКИ", "p": [189, 195, 191] },
	{ "s": "ТУРСКИТЕ", "p": [191] },
	{ "s": "ТУРСКО", "p": [191, 188] },
	{ "s": "ТУРСКО-ЦИГАНСКО-ГЪРКО-СРЪБСКИ", "p": [188] },
	{ "s": "ТУРСКОТО", "p": [189] },
	{ "s": "ТУРЦИ", "p": [191, 189] },
	{ "s": "ТУРЦИЙО", "p": [189] },
	{ "s": "ТУРЦИЯ", "p": [189] },
	{ "s": "ТУРЧИНА", "p": [194] },
	{ "s": "ТУРЧИНЪТ", "p": [194, 191] },
	{ "s": "ТЩЕСЛАВИЕ", "p": [193] },
	{ "s": "ТЪГА", "p": [184, 55, 192, 170, 160, 151, 144, 94, 93] },
	{ "s": "ТЪГАТА", "p": [87, 29, 6] },
	{ "s": "ТЪГОВНА", "p": [192] },
	{ "s": "ТЪГУВАМ", "p": [183] },
	{ "s": "ТЪЖЕН", "p": [183, 200, 199, 189, 184] },
	{ "s": "ТЪЖЕСВИРНО", "p": [57] },
	{ "s": "ТЪЖНА", "p": [202, 183] },
	{ "s": "ТЪЖНИ", "p": [12] },
	{ "s": "ТЪЖНО", "p": [183, 199, 193, 185, 165, 92] },
	{ "s": "ТЪЖНОТО", "p": [190] },
	{ "s": "ТЪЖНХИ", "p": [202] },
	{ "s": "ТЪЙ", "p": [183, 201, 208, 202, 193, 192, 186, 173, 139, 83, 74, 73, 67, 58, 36, 15, 10, 1] },
	{ "s": "ТЪКАН", "p": [18] },
	{ "s": "ТЪЛКУВАНИЕ", "p": [33] },
	{ "s": "ТЪЛПА", "p": [73] },
	{ "s": "ТЪЛПАТА", "p": [202, 99] },
	{ "s": "ТЪМАТА", "p": [6] },
	{ "s": "ТЪМЕН", "p": [183] },
	{ "s": "ТЪМНА", "p": [183, 206, 53] },
	{ "s": "ТЪМНАТА", "p": [183] },
	{ "s": "ТЪМНИ", "p": [183, 201, 170] },
	{ "s": "ТЪМНИНАТА", "p": [183] },
	{ "s": "ТЪМНИЦИ", "p": [151] },
	{ "s": "ТЪМНО", "p": [169] },
	{ "s": "ТЪМНОТО", "p": [47] },
	{ "s": "ТЪНЕ", "p": [94] },
	{ "s": "ТЪНКА", "p": [198, 118] },
	{ "s": "ТЪНКИЯТ", "p": [84] },
	{ "s": "ТЪНКОТО", "p": [142] },
	{ "s": "ТЪП", "p": [199, 79] },
	{ "s": "ТЪПА", "p": [199, 198, 183] },
	{ "s": "ТЪПАНЧЕТО", "p": [199] },
	{ "s": "ТЪПАТА", "p": [194] },
	{ "s": "ТЪПИ", "p": [191] },
	{ "s": "ТЪПКАН", "p": [68] },
	{ "s": "ТЪПКАЧА", "p": [194] },
	{ "s": "ТЪПО", "p": [202] },
	{ "s": "ТЪПОЪГЪЛНИК", "p": [184] },
	{ "s": "ТЪПЧЕ", "p": [192, 106] },
	{ "s": "ТЪПЧЕШ", "p": [186] },
	{ "s": "ТЪРКАЛЯ", "p": [83] },
	{ "s": "ТЪРКАЛЯЩА", "p": [183] },
	{ "s": "ТЪРКАМЕ", "p": [103] },
	{ "s": "ТЪРКАНЕ", "p": [45] },
	{ "s": "ТЪРКАШ", "p": [183] },
	{ "s": "ТЪРКУЛВАМ", "p": [61] },
	{ "s": "ТЪРПЕЛИВО", "p": [197] },
	{ "s": "ТЪРПЕНИЕТО", "p": [184] },
	{ "s": "ТЪРПИМОТО", "p": [199] },
	{ "s": "ТЪРСАЧКА", "p": [104] },
	{ "s": "ТЪРСЕЙКИ", "p": [191] },
	{ "s": "ТЪРСЕН", "p": [164] },
	{ "s": "ТЪРСЕНАТА", "p": [30] },
	{ "s": "ТЪРСЕНЕ", "p": [183, 205, 194, 191, 185, 184, 156, 142, 103, 86, 16] },
	{ "s": "ТЪРСЕХ", "p": [147] },
	{ "s": "ТЪРСЕХА", "p": [202, 193] },
	{ "s": "ТЪРСЕШЕ", "p": [193, 184, 183, 102, 56, 26] },
	{ "s": "ТЪРСЕЩИЯТ", "p": [186] },
	{ "s": "ТЪРСИ", "p": [194, 192, 185, 149, 112, 25, 10, 5] },
	{ "s": "ТЪРСИМ", "p": [184, 126, 112, 106, 38] },
	{ "s": "ТЪРСИМЕ", "p": [184, 183, 101] },
	{ "s": "ТЪРСИХ", "p": [174, 158] },
	{ "s": "ТЪРСИШ", "p": [183, 47, 199, 186, 184, 73, 53, 10] },
	{ "s": "ТЪРСЯ", "p": [205, 194, 184, 183, 178, 121, 18] },
	{ "s": "ТЪРСЯТ", "p": [140, 107, 44] },
	{ "s": "ТЪРЧИМ", "p": [186] },
	{ "s": "ТЪРШУВАНЕ", "p": [184] },
	{ "s": "ТЪСТОВЕ", "p": [186] },
	{ "s": "ТЪТЕН", "p": [87] },
	{ "s": "ТЪТНЕ", "p": [143] },
	{ "s": "ТЪЧЕ", "p": [94] },
	{ "s": "ТЯ", "p": [202, 199, 192, 201, 200, 198, 193, 186, 183, 26, 25, 23, 206, 188, 109, 90, 87, 57, 41, 14, 6] },
	{ "s": "ТЯЛО", "p": [202, 186, 183, 76, 56, 22] },
	{ "s": "ТЯЛОТО", "p": [197, 183, 103, 61, 22, 14] },
	{ "s": "ТЯМ", "p": [138] },
	{ "s": "ТЯСНО", "p": [183] },
	{ "s": "ТЯХ", "p": [191, 202, 197, 192, 157, 201, 200, 199, 189, 185, 107, 92, 88, 53] },
	{ "s": "ТЯХНАТА", "p": [202] },
	{ "s": "ТЯХНОТО", "p": [199] },
	{ "s": "Т’ВА", "p": [185] }
]