[
	{ "s": "НА", "p": [191, 192, 202, 183, 201, 194, 189, 200, 188, 195, 190, 186, 184, 193, 185, 199, 180, 57, 197, 33, 198, 160, 99, 93, 1, 204, 131, 109, 106, 98, 44, 22, 161, 129, 118, 104, 87, 205, 175, 153, 139, 119, 100, 73, 63, 51, 30, 10, 178, 167, 157, 147, 134, 124, 111, 103, 90, 71, 45, 11, 171, 149, 142, 133, 132, 102, 85, 84, 81, 74, 61, 60, 55, 46, 26, 23, 12, 8, 6, 208, 164, 151, 148, 145, 143, 141, 136, 126, 120, 112, 108, 107, 94, 83, 76, 70, 54, 52, 28, 16, 9, 7, 207, 206, 181, 174, 170, 169, 168, 159, 154, 144, 138, 137, 128, 127, 125, 122, 121, 117, 115, 114, 110, 105, 95, 92, 89, 88, 82, 80, 79, 69, 64, 56, 47, 43, 42, 41, 37, 36, 32, 29, 25, 24, 20, 15, 4] },
	{ "s": "НАБЕДЕНО", "p": [183, 25] },
	{ "s": "НАБЕДИХА", "p": [184] },
	{ "s": "НАБИВАНА", "p": [106] },
	{ "s": "НАБИРА", "p": [192] },
	{ "s": "НАБИРАШЕ", "p": [194] },
	{ "s": "НАБИТ", "p": [202] },
	{ "s": "НАБЛИЖАВАТ", "p": [191] },
	{ "s": "НАБЛИЗО", "p": [191] },
	{ "s": "НАБЛЮДАВА", "p": [188] },
	{ "s": "НАБЛЮДАТЕЛИ", "p": [183] },
	{ "s": "НАБУЧЕН", "p": [183] },
	{ "s": "НАВЕДЕНА", "p": [200] },
	{ "s": "НАВЕЖДАМ", "p": [34] },
	{ "s": "НАВЕС", "p": [200] },
	{ "s": "НАВЕСА", "p": [200] },
	{ "s": "НАВИК", "p": [183] },
	{ "s": "НАВИЦИ", "p": [24] },
	{ "s": "НАВЛЕЧЕ", "p": [198] },
	{ "s": "НАВЛЕЧЕНИ", "p": [183] },
	{ "s": "НАВРЕД", "p": [185, 103, 93] },
	{ "s": "НАВРЕМЕТО", "p": [188] },
	{ "s": "НАВСЯКЪДЕ", "p": [188, 177] },
	{ "s": "НАВЪН", "p": [202, 194] },
	{ "s": "НАВЪНКА", "p": [38] },
	{ "s": "НАВЪСЕН", "p": [111] },
	{ "s": "НАВЪСЕНИТЕ", "p": [184] },
	{ "s": "НАВЪТРЕ", "p": [186] },
	{ "s": "НАВЯРНО", "p": [37] },
	{ "s": "НАГЛА", "p": [194] },
	{ "s": "НАГЛАСА", "p": [183] },
	{ "s": "НАГЛЕЦ", "p": [189] },
	{ "s": "НАГЛЕЦИ", "p": [189] },
	{ "s": "НАГЛИ", "p": [191] },
	{ "s": "НАГЛИТЕ", "p": [194, 191] },
	{ "s": "НАГЛИЯ", "p": [189] },
	{ "s": "НАГЛО", "p": [191, 194, 188] },
	{ "s": "НАГЛОСТ", "p": [191] },
	{ "s": "НАГЛОСТТА", "p": [188] },
	{ "s": "НАГНЕТЕНО", "p": [191] },
	{ "s": "НАГОН", "p": [184, 22] },
	{ "s": "НАГОРЕ", "p": [185] },
	{ "s": "НАГРАДА", "p": [186, 25] },
	{ "s": "НАГРАДЕНА", "p": [193] },
	{ "s": "НАГРАДИТЕ", "p": [186] },
	{ "s": "НАГРИЗАНАТА", "p": [106] },
	{ "s": "НАГЪЛ", "p": [199] },
	{ "s": "НАД", "p": [208, 199, 191, 205, 202, 198, 192, 185, 102, 88, 30] },
	{ "s": "НАДАЛЕЧ", "p": [186] },
	{ "s": "НАДГРОБЕН", "p": [161] },
	{ "s": "НАДЕЖДА", "p": [7, 183, 204, 148, 140, 84, 78, 68, 59, 41, 34, 30] },
	{ "s": "НАДЕЖДАТА", "p": [201, 197, 192, 183, 42, 23] },
	{ "s": "НАДЕЖДЕН", "p": [194] },
	{ "s": "НАДЕЖДИ", "p": [183, 150, 146, 144, 103, 102] },
	{ "s": "НАДЕЖДИТЕ", "p": [66] },
	{ "s": "НАДЕЖДИЦА", "p": [7] },
	{ "s": "НАДЕЖДНО", "p": [79, 21] },
	{ "s": "НАДЛЕЖНИЯ", "p": [139] },
	{ "s": "НАДНОРМЕНОСТ", "p": [37] },
	{ "s": "НАДОЛУ", "p": [183, 191, 162] },
	{ "s": "НАДПИС", "p": [192, 188, 164] },
	{ "s": "НАДПИСИ", "p": [157] },
	{ "s": "НАДСЛОВ", "p": [36] },
	{ "s": "НАДУТ", "p": [141] },
	{ "s": "НАДЪРВИХ", "p": [198] },
	{ "s": "НАДЪРВЯ", "p": [200] },
	{ "s": "НАДЪХВАНЕТО", "p": [183] },
	{ "s": "НАДЯВАМ", "p": [185] },
	{ "s": "НАДЯВАШ", "p": [191] },
	{ "s": "НАЗАД", "p": [206, 87, 33] },
	{ "s": "НАЗАДЕ", "p": [146] },
	{ "s": "НАЗЪБЕНИ", "p": [160] },
	{ "s": "НАИВЕН", "p": [163] },
	{ "s": "НАИВНИ", "p": [44, 3] },
	{ "s": "НАИВНО", "p": [43] },
	{ "s": "НАИВНОСТ", "p": [107, 100, 81] },
	{ "s": "НАИСТИНА", "p": [188, 185, 67] },
	{ "s": "НАЙ", "p": [192, 202, 191, 197, 194, 183, 200, 188, 199, 193, 189, 186, 85, 10, 201, 195, 190, 148, 15, 14] },
	{ "s": "НАЙ-БЕЗПОЩАДНИЯ", "p": [186] },
	{ "s": "НАЙ-БЕЗСКРУПУЛНО", "p": [202] },
	{ "s": "НАЙ-БЕЗЦЕРЕМОННО", "p": [197] },
	{ "s": "НАЙ-БИЛИ", "p": [183] },
	{ "s": "НАЙ-ВЕРОЯТНО", "p": [194] },
	{ "s": "НАЙ-ВИСОКИТЕ", "p": [191] },
	{ "s": "НАЙ-ВИСША", "p": [202, 201] },
	{ "s": "НАЙ-ВИХРОВИЯТ", "p": [186] },
	{ "s": "НАЙ-ВЪРХОВНИЯ", "p": [148] },
	{ "s": "НАЙ-ГОЛЕМИЯ", "p": [194, 191] },
	{ "s": "НАЙ-ГОЛЕМИЯТ", "p": [199] },
	{ "s": "НАЙ-ГОЛЯМАТА", "p": [191, 189] },
	{ "s": "НАЙ-ГРОЗНАТА", "p": [191] },
	{ "s": "НАЙ-ГРОЗНОТО", "p": [189] },
	{ "s": "НАЙ-ДОБРА", "p": [192] },
	{ "s": "НАЙ-ДОБРАТА", "p": [14] },
	{ "s": "НАЙ-ДОБРЕ", "p": [200] },
	{ "s": "НАЙ-ДОБРИТЕ", "p": [202] },
	{ "s": "НАЙ-ДОБРИЯ", "p": [197] },
	{ "s": "НАЙ-ДОБРИЯТ", "p": [197, 200, 193] },
	{ "s": "НАЙ-ДОБРОТО", "p": [193] },
	{ "s": "НАЙ-ДОБЪР", "p": [197] },
	{ "s": "НАЙ-ДОЛНА", "p": [194] },
	{ "s": "НАЙ-ЗАСЛУЖАВАЩА", "p": [202] },
	{ "s": "НАЙ-ИЗВЕСТНАТА", "p": [191] },
	{ "s": "НАЙ-КРАСИВОТО", "p": [10] },
	{ "s": "НАЙ-ЛЮБИМОТО", "p": [85] },
	{ "s": "НАЙ-ЛЮБОВНИЯ", "p": [183] },
	{ "s": "НАЙ-МАСОВО", "p": [188] },
	{ "s": "НАЙ-МНОГО", "p": [202, 197, 195, 192] },
	{ "s": "НАЙ-МРЪСНИЯТ", "p": [191] },
	{ "s": "НАЙ-НАГЛО", "p": [188] },
	{ "s": "НАЙ-НАКРАЯ", "p": [202, 199, 194] },
	{ "s": "НАЙ-НЕЖНО", "p": [85] },
	{ "s": "НАЙ-НЕЖНОТО", "p": [10] },
	{ "s": "НАЙ-ОБИКНОВЕНАТА", "p": [188] },
	{ "s": "НАЙ-ОТГОВОРНО", "p": [192] },
	{ "s": "НАЙ-ПОПУЛЯРНИЯТ", "p": [194] },
	{ "s": "НАЙ-ПРИЯТЕЛ", "p": [15] },
	{ "s": "НАЙ-РЯДЪК", "p": [202] },
	{ "s": "НАЙ-СЕ", "p": [183] },
	{ "s": "НАЙ-СЕТНЕ", "p": [200] },
	{ "s": "НАЙ-СТРАШНАТА", "p": [183] },
	{ "s": "НАЙ-СЪКРОВЕНОТО", "p": [191] },
	{ "s": "НАЙ-ТИТУЛОВАНИЯ", "p": [191] },
	{ "s": "НАЙ-ТЪЖНОТО", "p": [190] },
	{ "s": "НАЙ-ХУБАВА", "p": [202] },
	{ "s": "НАЙ-ЯКА", "p": [192] },
	{ "s": "НАЙ-ЯКАТА", "p": [192] },
	{ "s": "НАЙ-ЯКИТЕ", "p": [192] },
	{ "s": "НАЙ-ЯКИЯТ", "p": [192] },
	{ "s": "НАКАЗАНА", "p": [149] },
	{ "s": "НАКАЗАНИ", "p": [189] },
	{ "s": "НАКАЗАНИЕ", "p": [191] },
	{ "s": "НАКАЗВАМЕ", "p": [146, 66] },
	{ "s": "НАКАЗВАШ", "p": [121] },
	{ "s": "НАКАРА", "p": [183] },
	{ "s": "НАКАРАМ", "p": [208] },
	{ "s": "НАКЛАДЕ", "p": [183] },
	{ "s": "НАКЛЕПА", "p": [168] },
	{ "s": "НАКЛОНИ", "p": [26] },
	{ "s": "НАКРАЯ", "p": [202, 191, 199, 194] },
	{ "s": "НАКРИВО", "p": [191, 118, 201, 185, 183, 124, 71] },
	{ "s": "НАКУРВЕНАТА", "p": [188] },
	{ "s": "НАКЪДЕ", "p": [183, 32] },
	{ "s": "НАКЪРНЕНО", "p": [188] },
	{ "s": "НАКЪРНЕНОТО", "p": [33] },
	{ "s": "НАКЪСАНИ", "p": [60] },
	{ "s": "НАЛАГА", "p": [186] },
	{ "s": "НАЛАГАЙ", "p": [36] },
	{ "s": "НАЛЕЯ", "p": [185] },
	{ "s": "НАЛИ", "p": [191, 188, 157, 199, 195, 189, 167, 164, 104] },
	{ "s": "НАЛИЦЕ", "p": [188] },
	{ "s": "НАЛОЖИ", "p": [201] },
	{ "s": "НАЛОЖИТЕЛНО", "p": [200] },
	{ "s": "НАЛЪХВА", "p": [104] },
	{ "s": "НАЛЯВО", "p": [183] },
	{ "s": "НАМАЛЕНИ", "p": [191] },
	{ "s": "НАМАЛЕНИЕ", "p": [185, 107] },
	{ "s": "НАМЕРЕНИЕ", "p": [202] },
	{ "s": "НАМЕРЕНИЯ", "p": [202, 183] },
	{ "s": "НАМЕРИ", "p": [183, 200, 56] },
	{ "s": "НАМЕРИЛ", "p": [201] },
	{ "s": "НАМЕРИХ", "p": [178] },
	{ "s": "НАМЕРИШ", "p": [201, 200, 188, 183] },
	{ "s": "НАМЕРЯ", "p": [63] },
	{ "s": "НАМЕРЯТ", "p": [192] },
	{ "s": "НАМЕСИ", "p": [183] },
	{ "s": "НАМЕСТВАХ", "p": [71] },
	{ "s": "НАМЕСТИШ", "p": [52] },
	{ "s": "НАМЕСТЯТ", "p": [191] },
	{ "s": "НАМИРА", "p": [193, 192, 191] },
	{ "s": "НАМИРАМ", "p": [183, 188, 164] },
	{ "s": "НАМИРАМЕ", "p": [183] },
	{ "s": "НАМИРАНЕ", "p": [183] },
	{ "s": "НАМИРАТ", "p": [192] },
	{ "s": "НАМИРАШ", "p": [186, 164, 156] },
	{ "s": "НАМИРАШЕ", "p": [201, 202, 42] },
	{ "s": "НАМИРАЩИ", "p": [191] },
	{ "s": "НАМИРИСВА", "p": [185] },
	{ "s": "НАМОРДНИК", "p": [183] },
	{ "s": "НАМРАЗЕН", "p": [193] },
	{ "s": "НАМРАЗИХ", "p": [184, 45] },
	{ "s": "НАМРАЗИШ", "p": [69] },
	{ "s": "НАМРАЗЯ", "p": [198, 103] },
	{ "s": "НАМЪРДАЛИ", "p": [188] },
	{ "s": "НАНАДОЛНИЩЕ", "p": [192] },
	{ "s": "НАНАСЯМ", "p": [186, 82] },
	{ "s": "НАНЕСОХТЕ", "p": [185] },
	{ "s": "НАНЕСЪЛ", "p": [192] },
	{ "s": "НАНИЖЕ", "p": [202] },
	{ "s": "НАНОВО", "p": [185, 198, 189] },
	{ "s": "НАОБРАТНО", "p": [184, 153] },
	{ "s": "НАОКОЛО", "p": [192, 188] },
	{ "s": "НАП", "p": [193] },
	{ "s": "НАПАДКИ", "p": [198] },
	{ "s": "НАПАДНАХА", "p": [191] },
	{ "s": "НАПЕВИ", "p": [189] },
	{ "s": "НАПЕТИЯ", "p": [200] },
	{ "s": "НАПЕЧЕ", "p": [193] },
	{ "s": "НАПИВАШ", "p": [198] },
	{ "s": "НАПИЕ", "p": [202] },
	{ "s": "НАПИЛ", "p": [183] },
	{ "s": "НАПИСА", "p": [193] },
	{ "s": "НАПИСАЛ", "p": [193, 191] },
	{ "s": "НАПИША", "p": [183, 74, 73, 29] },
	{ "s": "НАПИШЕМ", "p": [81] },
	{ "s": "НАПИШИ", "p": [132] },
	{ "s": "НАПЛАСТЕНИ", "p": [109] },
	{ "s": "НАПЛАСТЯВАНЕ", "p": [183, 45] },
	{ "s": "НАПЛИСКАХ", "p": [185] },
	{ "s": "НАПОЛОВИНА", "p": [206] },
	{ "s": "НАПОМНИ", "p": [190] },
	{ "s": "НАПОМНЯ", "p": [190, 183, 136, 11] },
	{ "s": "НАПОМНЯШ", "p": [75] },
	{ "s": "НАПОМНЯШЕ", "p": [202] },
	{ "s": "НАПОМНЯЩИ", "p": [200, 198] },
	{ "s": "НАПОСЛЕДЪК", "p": [194] },
	{ "s": "НАПРАВЕНИ", "p": [44] },
	{ "s": "НАПРАВЕТЕ", "p": [193] },
	{ "s": "НАПРАВИ", "p": [202, 194, 193, 200, 199, 190, 188, 183, 21] },
	{ "s": "НАПРАВИЛ", "p": [191] },
	{ "s": "НАПРАВИЛИ", "p": [195] },
	{ "s": "НАПРАВИХ", "p": [199] },
	{ "s": "НАПРАВИХА", "p": [192] },
	{ "s": "НАПРАВЛЕНИЯ", "p": [191] },
	{ "s": "НАПРАВО", "p": [202, 198, 194] },
	{ "s": "НАПРАВЯ", "p": [204, 90] },
	{ "s": "НАПРАЗНИ", "p": [184] },
	{ "s": "НАПРАЗНО", "p": [184, 183] },
	{ "s": "НАПРАШИ", "p": [109] },
	{ "s": "НАПРЕГНАТО", "p": [42] },
	{ "s": "НАПРЕД", "p": [194, 94, 33] },
	{ "s": "НАПРЕДВАМЕ", "p": [146] },
	{ "s": "НАПРЕДВАНЕТО", "p": [201] },
	{ "s": "НАПРЕЖЕНИЕТО", "p": [202] },
	{ "s": "НАПРЕЧНАТА", "p": [34] },
	{ "s": "НАПРИМЕР", "p": [200, 202, 201, 191, 188] },
	{ "s": "НАПСУВА", "p": [111] },
	{ "s": "НАПУК", "p": [37] },
	{ "s": "НАПУКАНИЯ", "p": [192] },
	{ "s": "НАПУКВАТ", "p": [153] },
	{ "s": "НАПУСКАНЕ", "p": [185, 88] },
	{ "s": "НАПУСНА", "p": [162] },
	{ "s": "НАПУСНИ", "p": [183] },
	{ "s": "НАПЪВАШЕ", "p": [193] },
	{ "s": "НАПЪЛНИ", "p": [206] },
	{ "s": "НАПЪЛНИХА", "p": [200] },
	{ "s": "НАПЪЛНО", "p": [192, 200, 199, 193, 147, 81] },
	{ "s": "НАПЪН", "p": [192] },
	{ "s": "НАПЪНИ", "p": [196, 192, 179] },
	{ "s": "НАПЪПИЛ", "p": [199] },
	{ "s": "НАПЪТСТВИЕ", "p": [44] },
	{ "s": "НАПЪТСТВИЯ", "p": [91] },
	{ "s": "НАП’НАТ", "p": [193] },
	{ "s": "НАР", "p": [191] },
	{ "s": "НАРАВНО", "p": [185] },
	{ "s": "НАРАСНА", "p": [202] },
	{ "s": "НАРАСТВА", "p": [145] },
	{ "s": "НАРЕД", "p": [200] },
	{ "s": "НАРЕЧЕ", "p": [193] },
	{ "s": "НАРЕЧЕМ", "p": [135] },
	{ "s": "НАРЕЧЕНА", "p": [192, 201] },
	{ "s": "НАРЕЧЕНО", "p": [194] },
	{ "s": "НАРИСУВА", "p": [194] },
	{ "s": "НАРИЧА", "p": [189, 188, 100] },
	{ "s": "НАРИЧАЙ", "p": [36] },
	{ "s": "НАРИЧАМ", "p": [188] },
	{ "s": "НАРИЧАМЕ", "p": [191, 202, 201, 103] },
	{ "s": "НАРИЧАН", "p": [201] },
	{ "s": "НАРИЧАНА", "p": [193] },
	{ "s": "НАРИЧАНИ", "p": [188] },
	{ "s": "НАРИЧАТ", "p": [188, 191] },
	{ "s": "НАРИЧАХМЕ", "p": [100] },
	{ "s": "НАРИЧАШ", "p": [31] },
	{ "s": "НАРКОДИЛЪРИ", "p": [191] },
	{ "s": "НАРКОМАН", "p": [191] },
	{ "s": "НАРКОТИЦИ", "p": [202, 191] },
	{ "s": "НАРОД", "p": [191, 194, 188, 195, 190, 189, 111] },
	{ "s": "НАРОДА", "p": [191, 190] },
	{ "s": "НАРОДЪТ", "p": [202, 191] },
	{ "s": "НАРОНВАТ", "p": [207] },
	{ "s": "НАРОНЕНИ", "p": [48] },
	{ "s": "НАРОНЕНО", "p": [184, 144] },
	{ "s": "НАРОЧЕНИ", "p": [183] },
	{ "s": "НАРОЧНО", "p": [157] },
	{ "s": "НАРУШАВА", "p": [190] },
	{ "s": "НАРУШИТЕЛИ", "p": [191] },
	{ "s": "НАРЦИС", "p": [86] },
	{ "s": "НАС", "p": [183, 198, 195, 191, 190, 189, 188, 186, 184, 139, 38, 30] },
	{ "s": "НАСАМ", "p": [192] },
	{ "s": "НАСЕЛЕНИЕТО", "p": [188] },
	{ "s": "НАСИЛА", "p": [160, 73] },
	{ "s": "НАСИЛСТВЕНА", "p": [190, 185] },
	{ "s": "НАСИЛСТВЕНО", "p": [183, 11] },
	{ "s": "НАСИРИНЬЕ", "p": [192] },
	{ "s": "НАСИТА", "p": [184, 105] },
	{ "s": "НАСИТЕНА", "p": [69] },
	{ "s": "НАСИТИХ", "p": [184] },
	{ "s": "НАСКОРО", "p": [201, 183, 191, 190] },
	{ "s": "НАСЛАГВАНЕ", "p": [45] },
	{ "s": "НАСЛАГВАНИ", "p": [129] },
	{ "s": "НАСЛАГВАХ", "p": [71] },
	{ "s": "НАСЛАГВАХМЕ", "p": [184, 38] },
	{ "s": "НАСЛАДА", "p": [120, 32] },
	{ "s": "НАСЛАЖДЕНИЕ", "p": [106] },
	{ "s": "НАСЛЕДНИЦИТЕ", "p": [191] },
	{ "s": "НАСОКА", "p": [202, 190] },
	{ "s": "НАСОЧЕНА", "p": [63, 42] },
	{ "s": "НАСОЧЕНИЯ", "p": [103] },
	{ "s": "НАСОЧИЛ", "p": [53] },
	{ "s": "НАСРЕД", "p": [194, 192, 139] },
	{ "s": "НАСРЕЩА", "p": [183, 107] },
	{ "s": "НАСРЕЩНОТО", "p": [86] },
	{ "s": "НАСТИГАМ", "p": [83] },
	{ "s": "НАСТОЛЕН", "p": [136] },
	{ "s": "НАСТОЯЩАТА", "p": [191] },
	{ "s": "НАСТОЯЩЕ", "p": [6] },
	{ "s": "НАСТОЯЩИЯТ", "p": [191] },
	{ "s": "НАСТРОЕНА", "p": [167] },
	{ "s": "НАСТРОЕНИЕ", "p": [26] },
	{ "s": "НАСТРОЕНИЯ", "p": [202] },
	{ "s": "НАСТРЪХВАМ", "p": [27] },
	{ "s": "НАСТРЪХНАЛ", "p": [183] },
	{ "s": "НАСТЪПВА", "p": [102, 183] },
	{ "s": "НАСТЪПВАНЕ", "p": [105] },
	{ "s": "НАСТЪПВАТ", "p": [186] },
	{ "s": "НАСТЪПВАЩОТО", "p": [144] },
	{ "s": "НАСТЪПЕНОТО", "p": [144] },
	{ "s": "НАСЪБРАЛО", "p": [202] },
	{ "s": "НАСЪН", "p": [193, 184, 139, 62, 14] },
	{ "s": "НАСЪСКВАТ", "p": [77] },
	{ "s": "НАСЪЩЕН", "p": [26] },
	{ "s": "НАТ", "p": [193] },
	{ "s": "НАТАМ", "p": [202] },
	{ "s": "НАТАТЪК", "p": [201, 200] },
	{ "s": "НАТАТЪШНИЯ", "p": [200] },
	{ "s": "НАТИСКАНЕ", "p": [191] },
	{ "s": "НАТИСКАШ", "p": [183] },
	{ "s": "НАТИСКИ", "p": [167] },
	{ "s": "НАТОВАРВАЙ", "p": [186] },
	{ "s": "НАТОВАРЕН", "p": [202] },
	{ "s": "НАТОПОРЧЕНОСТ", "p": [134] },
	{ "s": "НАТРАПЕНА", "p": [34] },
	{ "s": "НАТРОШЕНИТЕ", "p": [194] },
	{ "s": "НАТРУПА", "p": [202, 109] },
	{ "s": "НАТРУПАЛ", "p": [193] },
	{ "s": "НАТРУПАН", "p": [86] },
	{ "s": "НАТУРА", "p": [141] },
	{ "s": "НАТУРАЛНИ", "p": [200] },
	{ "s": "НАТЪПКАНИ", "p": [159] },
	{ "s": "НАУЖКИМ", "p": [183, 30, 18] },
	{ "s": "НАУМ", "p": [198] },
	{ "s": "НАУЧЕН", "p": [138] },
	{ "s": "НАУЧИ", "p": [183, 194, 193] },
	{ "s": "НАУЧИЛ", "p": [202, 193, 157] },
	{ "s": "НАУЧИХ", "p": [147, 183] },
	{ "s": "НАХАКАНО", "p": [191] },
	{ "s": "НАХВЪРЛЕНО", "p": [191] },
	{ "s": "НАХВЪРЛИХА", "p": [194] },
	{ "s": "НАХИЛЕН", "p": [160] },
	{ "s": "НАХЛУВАМ", "p": [121] },
	{ "s": "НАХЛУВАТ", "p": [183, 205] },
	{ "s": "НАХЛУВАХ", "p": [60] },
	{ "s": "НАХЛУЛА", "p": [186] },
	{ "s": "НАХЛУХ", "p": [198] },
	{ "s": "НАХЛУХА", "p": [201] },
	{ "s": "НАХРАНЕНАТА", "p": [129] },
	{ "s": "НАХРАНИШ", "p": [186] },
	{ "s": "НАХРАНЯ", "p": [26] },
	{ "s": "НАЦЕЛИЛ", "p": [193] },
	{ "s": "НАЦЕЛУВАЙ", "p": [168] },
	{ "s": "НАЦЕПЕНИ", "p": [175] },
	{ "s": "НАЦИОНАЛНА", "p": [195, 191, 189, 188] },
	{ "s": "НАЦИОНАЛНАТА", "p": [191] },
	{ "s": "НАЦИОНАЛНИЯТ", "p": [189] },
	{ "s": "НАЦИОНАЛНО", "p": [191, 188] },
	{ "s": "НАЦИОНАЛНОТО", "p": [191] },
	{ "s": "НАЦИЯТА", "p": [195, 189] },
	{ "s": "НАЧАЛА", "p": [167] },
	{ "s": "НАЧАЛЕН", "p": [195, 192] },
	{ "s": "НАЧАЛО", "p": [192, 30, 22, 16] },
	{ "s": "НАЧАЛОТО", "p": [183, 195] },
	{ "s": "НАЧЕСАНИ", "p": [183] },
	{ "s": "НАЧИН", "p": [202, 192, 201, 199, 191, 190, 95, 17] },
	{ "s": "НАЧИНИ", "p": [194] },
	{ "s": "НАЧИНЪТ", "p": [189] },
	{ "s": "НАЧУПЕНИ", "p": [58] },
	{ "s": "НАЧУПЕНИЯ", "p": [4] },
	{ "s": "НАШ", "p": [185, 125] },
	{ "s": "НАШАТА", "p": [199, 192, 189, 188, 185, 183, 61] },
	{ "s": "НАШЕ", "p": [183, 103, 37, 3] },
	{ "s": "НАШЕТО", "p": [190] },
	{ "s": "НАШИ", "p": [194, 192, 188, 183] },
	{ "s": "НАШИВКА", "p": [84] },
	{ "s": "НАШИОТ", "p": [192] },
	{ "s": "НАШИТЕ", "p": [191, 188, 57] },
	{ "s": "НАШИЯ", "p": [188, 185] },
	{ "s": "НАШИЯТ", "p": [192] },
	{ "s": "НАШТА", "p": [91] },
	{ "s": "НАШ’ТЕ", "p": [125] },
	{ "s": "НАШ’ТО", "p": [185] },
	{ "s": "НАЩАВИ", "p": [183] },
	{ "s": "НАЩРЕК", "p": [117] },
	{ "s": "НАЯЖДАНЕ", "p": [183] },
	{ "s": "НАЯСНО", "p": [202] },
	{ "s": "НЕ", "p": [183, 199, 186, 192, 191, 184, 202, 201, 194, 198, 185, 193, 188, 147, 189, 200, 60, 35, 205, 207, 157, 197, 93, 76, 74, 56, 48, 33, 206, 181, 158, 135, 95, 69, 195, 190, 150, 141, 123, 99, 87, 37, 10, 204, 111, 107, 81, 67, 66, 53, 45, 41, 40, 39, 30, 3, 164, 161, 154, 148, 140, 127, 125, 108, 106, 103, 98, 90, 72, 44, 43, 13, 208, 178, 176, 174, 172, 166, 162, 145, 138, 133, 122, 118, 105, 100, 94, 84, 83, 80, 79, 78, 77, 75, 73, 64, 63, 58, 52, 49, 42, 31, 28, 27, 26, 17, 16, 15, 5] },
	{ "s": "НЕ!)ПРИЯТЕЛСТВО", "p": [199] },
	{ "s": "НЕ)ЕДИН", "p": [74] },
	{ "s": "НЕ)ПОЕТ", "p": [74] },
	{ "s": "НЕ-\"ДОВИЖДАНЕ", "p": [166] },
	{ "s": "НЕ-ДОТАМ", "p": [201] },
	{ "s": "НЕ-ЗАДОВОЛЯВАНЕ", "p": [45] },
	{ "s": "НЕ-ПРЕДМЕТ", "p": [192] },
	{ "s": "НЕ-СИНИТЕ", "p": [183] },
	{ "s": "НЕАДЕКВАТНИ", "p": [191] },
	{ "s": "НЕАДЕКВАТНО", "p": [190] },
	{ "s": "НЕАРГУМЕНТИРАНО", "p": [188] },
	{ "s": "НЕБЕ", "p": [186, 183, 95, 63] },
	{ "s": "НЕБЕСА", "p": [170] },
	{ "s": "НЕБЕСАТА", "p": [204] },
	{ "s": "НЕБЕТО", "p": [186, 205, 184, 183, 171, 142, 129, 116, 82, 38] },
	{ "s": "НЕБИТИЕ", "p": [183] },
	{ "s": "НЕБОСВОД", "p": [59] },
	{ "s": "НЕБОСВОДА", "p": [207, 124] },
	{ "s": "НЕБОСВОДИ", "p": [186] },
	{ "s": "НЕБОСВОДЪТ", "p": [93] },
	{ "s": "НЕБРЕЖНО", "p": [198] },
	{ "s": "НЕВЕДНЪЖ", "p": [198, 160] },
	{ "s": "НЕВЕРОЯТНАТА", "p": [201] },
	{ "s": "НЕВЕРОЯТНИЯ", "p": [191] },
	{ "s": "НЕВЕРОЯТНО", "p": [202, 200, 192, 191, 189, 188] },
	{ "s": "НЕВЗРАЧНО", "p": [193] },
	{ "s": "НЕВИДИМ", "p": [189] },
	{ "s": "НЕВИДИМИ", "p": [193] },
	{ "s": "НЕВИЖДАЛИ", "p": [201, 183] },
	{ "s": "НЕВИКАНА", "p": [56] },
	{ "s": "НЕВИНАГИ", "p": [28] },
	{ "s": "НЕВИННИ", "p": [107, 194] },
	{ "s": "НЕВИННО", "p": [112] },
	{ "s": "НЕВИННОСТИ", "p": [47] },
	{ "s": "НЕВКУСЕНО", "p": [61] },
	{ "s": "НЕВОЛНА", "p": [200] },
	{ "s": "НЕВЪЗДЪРЖАНИ", "p": [192] },
	{ "s": "НЕВЪЗДЪРЖАНО", "p": [183] },
	{ "s": "НЕВЪЗДЪРЖАНОСТ", "p": [184] },
	{ "s": "НЕВЪЗМОЖНА", "p": [194] },
	{ "s": "НЕВЪЗМОЖНО", "p": [188] },
	{ "s": "НЕВЪОРЪЖЕНО", "p": [191] },
	{ "s": "НЕГАСНЕЩИ", "p": [30] },
	{ "s": "НЕГАТИВИ", "p": [189] },
	{ "s": "НЕГО", "p": [202, 197, 193, 191, 186, 183, 132, 33, 6, 1] },
	{ "s": "НЕГОВАТА", "p": [201, 193] },
	{ "s": "НЕГОВИ", "p": [202] },
	{ "s": "НЕГОВИТЕ", "p": [202, 197] },
	{ "s": "НЕГОВИЯ", "p": [202, 134] },
	{ "s": "НЕГРАМОТЕН", "p": [189] },
	{ "s": "НЕГЪРЪТ", "p": [191] },
	{ "s": "НЕДАВАНЕ", "p": [183] },
	{ "s": "НЕДЕЙ", "p": [183, 93, 87, 53, 39] },
	{ "s": "НЕДЕЛНИШКИ", "p": [29] },
	{ "s": "НЕДЕЛЯ", "p": [195] },
	{ "s": "НЕДЕЛЯТА", "p": [61] },
	{ "s": "НЕДОБАРАЛИ", "p": [185] },
	{ "s": "НЕДОБРИЯТ", "p": [199] },
	{ "s": "НЕДОБРЪСНАТ", "p": [131] },
	{ "s": "НЕДОВЕРИЕ", "p": [103] },
	{ "s": "НЕДОВИЖДА", "p": [183] },
	{ "s": "НЕДОВИЖДАТ", "p": [140] },
	{ "s": "НЕДОВОЛСТВАШ", "p": [52] },
	{ "s": "НЕДОВЪРШЕН", "p": [193] },
	{ "s": "НЕДОВЪРШЕНА", "p": [121] },
	{ "s": "НЕДОВЪРШЕНИ", "p": [183] },
	{ "s": "НЕДОВЯРВАНЕ", "p": [195] },
	{ "s": "НЕДОГЛЕЖДАТ", "p": [140] },
	{ "s": "НЕДОДЪВКАЛИ", "p": [118] },
	{ "s": "НЕДОДЪВКАНА", "p": [33] },
	{ "s": "НЕДОЕ", "p": [188] },
	{ "s": "НЕДОЕ*АНИЧКА", "p": [188] },
	{ "s": "НЕДОИЗПЛАКАЛИ", "p": [161] },
	{ "s": "НЕДОИЗПРАЗНЕНО", "p": [184] },
	{ "s": "НЕДОИЗЧАКАЛИ", "p": [157] },
	{ "s": "НЕДОКЛАТИЛИ", "p": [185] },
	{ "s": "НЕДОМИСЛЕНОСТ", "p": [185] },
	{ "s": "НЕДОМИСЛИЦИ", "p": [66] },
	{ "s": "НЕДОПАДАЛИ", "p": [38] },
	{ "s": "НЕДОПАДНАЛИ", "p": [184] },
	{ "s": "НЕДОПАСНАЛА", "p": [71] },
	{ "s": "НЕДОПАСНАЛО", "p": [183] },
	{ "s": "НЕДОПЛАКВАТ", "p": [140] },
	{ "s": "НЕДОПЯЛА", "p": [118] },
	{ "s": "НЕДОПЯЛИ", "p": [110] },
	{ "s": "НЕДОРАЖДАНЕ", "p": [53] },
	{ "s": "НЕДОРАЗВИТО", "p": [183] },
	{ "s": "НЕДОРАСЛИ", "p": [191] },
	{ "s": "НЕДОРАСНАЛИ", "p": [184, 38] },
	{ "s": "НЕДОРАСНАЛО", "p": [171] },
	{ "s": "НЕДОСТАТЪЦИ", "p": [201, 151, 109, 52] },
	{ "s": "НЕДОСТАТЪЧНИ", "p": [186] },
	{ "s": "НЕДОСТАТЪЧНО", "p": [122] },
	{ "s": "НЕДОСТАТЪЧНОСТ", "p": [201] },
	{ "s": "НЕДОЯДЕНО", "p": [67] },
	{ "s": "НЕДОЯЖДАНЕ", "p": [195] },
	{ "s": "НЕДОЯЖДАТ", "p": [140] },
	{ "s": "НЕДОЯЛИ", "p": [143] },
	{ "s": "НЕДОЯЛО", "p": [186] },
	{ "s": "НЕДЪГ", "p": [192] },
	{ "s": "НЕДЪГАВО", "p": [62] },
	{ "s": "НЕЖЕЛАНА", "p": [195] },
	{ "s": "НЕЖЕЛАНИ", "p": [91] },
	{ "s": "НЕЖЕЛАНИЕ", "p": [202] },
	{ "s": "НЕЖЕЛАНИЕТО", "p": [202] },
	{ "s": "НЕЖЕЛАНО", "p": [56] },
	{ "s": "НЕЖЕН", "p": [63, 58, 57, 48, 42] },
	{ "s": "НЕЖНА", "p": [185, 14] },
	{ "s": "НЕЖНИ", "p": [185] },
	{ "s": "НЕЖНО", "p": [202, 185, 85, 78, 57] },
	{ "s": "НЕЖНОСТИ", "p": [83] },
	{ "s": "НЕЖНОСТТА", "p": [192] },
	{ "s": "НЕЖНОТО", "p": [201, 200, 10] },
	{ "s": "НЕЗАБЕЛЕЖИМ", "p": [192] },
	{ "s": "НЕЗАВИСИМО", "p": [202, 189, 201, 200, 192, 191] },
	{ "s": "НЕЗАДОВОЛЕНА", "p": [77] },
	{ "s": "НЕЗАДОВОЛЕНИ", "p": [192] },
	{ "s": "НЕЗАДОВОЛЕНОСТИ", "p": [104] },
	{ "s": "НЕЗАЕТИ", "p": [203] },
	{ "s": "НЕЗАИНТЕРЕСОВАНОСТ", "p": [190] },
	{ "s": "НЕЗАКОННО", "p": [191] },
	{ "s": "НЕЗАРАСВАЩИ", "p": [183] },
	{ "s": "НЕЗАРАСНАЛ", "p": [183] },
	{ "s": "НЕЗАЧЕНАЛА", "p": [161] },
	{ "s": "НЕЗНАЕН", "p": [189] },
	{ "s": "НЕЗНАЕЩИ", "p": [162] },
	{ "s": "НЕЗНАЙНИЯ", "p": [189] },
	{ "s": "НЕЗНАЙНО", "p": [200] },
	{ "s": "НЕЗНАЧИТЕЛНО", "p": [199, 67] },
	{ "s": "НЕИЗБЕЖНО", "p": [144] },
	{ "s": "НЕИЗБЪРШЕНИ", "p": [185, 88] },
	{ "s": "НЕИЗВЕСТНА", "p": [192] },
	{ "s": "НЕИЗГОДНИ", "p": [156] },
	{ "s": "НЕИЗКОНСУМИРАНО", "p": [185] },
	{ "s": "НЕИЗМЕННО", "p": [197] },
	{ "s": "НЕИЗПЛАКАНИ", "p": [96] },
	{ "s": "НЕИЗРАСНАЛО", "p": [183] },
	{ "s": "НЕИЗРЕЧЕНО", "p": [143] },
	{ "s": "НЕИЗЧИСТЕНО", "p": [102] },
	{ "s": "НЕИМАНА", "p": [185] },
	{ "s": "НЕИСКАНА", "p": [185] },
	{ "s": "НЕИСКАНО", "p": [67, 55] },
	{ "s": "НЕИСКРЕНИ", "p": [185] },
	{ "s": "НЕИСКРЕНОСТ", "p": [183] },
	{ "s": "НЕИСТИНИ", "p": [47] },
	{ "s": "НЕИСТИНСКА", "p": [185] },
	{ "s": "НЕЙДЕ", "p": [183, 202, 192, 191] },
	{ "s": "НЕЙНА", "p": [200, 199, 192] },
	{ "s": "НЕЙНАТА", "p": [202, 201, 200] },
	{ "s": "НЕЙНИТЕ", "p": [202, 183, 201] },
	{ "s": "НЕЙНИЯ", "p": [202, 199] },
	{ "s": "НЕЙНО", "p": [50, 87] },
	{ "s": "НЕКА", "p": [194] },
	{ "s": "НЕКАДЪРЕН", "p": [197] },
	{ "s": "НЕКАЗАНИ", "p": [184] },
	{ "s": "НЕКАЗАНО", "p": [121] },
	{ "s": "НЕКАНЕНА", "p": [56] },
	{ "s": "НЕКОЕ", "p": [193] },
	{ "s": "НЕКОЙ", "p": [191] },
	{ "s": "НЕКОМПЕТЕНТНОСТ", "p": [190] },
	{ "s": "НЕКОНТРОЛИРАНО", "p": [191] },
	{ "s": "НЕКРАСИВА", "p": [192] },
	{ "s": "НЕКРОЛОГ", "p": [132] },
	{ "s": "НЕКТАРЪТ", "p": [183] },
	{ "s": "НЕЛЕГАЛНИ", "p": [164] },
	{ "s": "НЕЛЕГИТИМНИ", "p": [191] },
	{ "s": "НЕЛЕКА", "p": [183] },
	{ "s": "НЕЛЕПО", "p": [183, 90] },
	{ "s": "НЕЛЕЧИМА", "p": [208] },
	{ "s": "НЕЛОВКО", "p": [24] },
	{ "s": "НЕЛОГИЧНИ", "p": [188] },
	{ "s": "НЕЛОГИЧНОТО", "p": [202] },
	{ "s": "НЕМА", "p": [194, 183] },
	{ "s": "НЕМАЛКА", "p": [1] },
	{ "s": "НЕМИНУЕМО", "p": [192, 202, 201, 200, 193, 191, 190, 189] },
	{ "s": "НЕМИТО", "p": [186] },
	{ "s": "НЕМЛЕЧНИ", "p": [188] },
	{ "s": "НЕМЪРТЪВ", "p": [147] },
	{ "s": "НЕНАВИЖДАМ", "p": [188, 186] },
	{ "s": "НЕНУЖЕН", "p": [61] },
	{ "s": "НЕНУЖНА", "p": [183, 180] },
	{ "s": "НЕНУЖНИ", "p": [191, 183, 11] },
	{ "s": "НЕНУЖНОСТИ", "p": [61] },
	{ "s": "НЕОБИКНОВЕНО", "p": [192] },
	{ "s": "НЕОБХОДИМ", "p": [98] },
	{ "s": "НЕОБХОДИМОСТ", "p": [49] },
	{ "s": "НЕОБЯТНОСТ", "p": [184, 38, 10] },
	{ "s": "НЕОБЯТНОТО", "p": [184] },
	{ "s": "НЕОГРАНИЧЕН", "p": [200] },
	{ "s": "НЕОСТАВЕН", "p": [183] },
	{ "s": "НЕОСЪДЕНИТЕ", "p": [191] },
	{ "s": "НЕОСЪЗНАТ", "p": [200] },
	{ "s": "НЕОСЪЩЕСТВИМИ", "p": [8] },
	{ "s": "НЕОТВАРЯЩИ", "p": [71] },
	{ "s": "НЕОТДАВНА", "p": [194, 189] },
	{ "s": "НЕОХОТА", "p": [202] },
	{ "s": "НЕОЧАКВАН", "p": [183] },
	{ "s": "НЕОЧАКВАНИ", "p": [91] },
	{ "s": "НЕОЧАКВАНО", "p": [200, 152] },
	{ "s": "НЕПИПАНА", "p": [79] },
	{ "s": "НЕПИСАН", "p": [202, 183] },
	{ "s": "НЕПИСАНА", "p": [183] },
	{ "s": "НЕПЛАНУВАНО", "p": [122] },
	{ "s": "НЕПОДВИЖНО", "p": [205] },
	{ "s": "НЕПОДВЛАСТНО", "p": [185] },
	{ "s": "НЕПОДДЪРЖАНЕ", "p": [184] },
	{ "s": "НЕПОДПРАВЕНО", "p": [67] },
	{ "s": "НЕПОДРЕДЕНО", "p": [183] },
	{ "s": "НЕПОЗВОЛЕНИ", "p": [201] },
	{ "s": "НЕПОЗНАТИ", "p": [205, 164] },
	{ "s": "НЕПОКАЯНИ", "p": [162] },
	{ "s": "НЕПОКЪТНАТА", "p": [68] },
	{ "s": "НЕПОЛУЧЕНА", "p": [138] },
	{ "s": "НЕПОНОСИМОСТ", "p": [201] },
	{ "s": "НЕПОПАДНАЛИ", "p": [27] },
	{ "s": "НЕПОПРАВЯНО", "p": [165] },
	{ "s": "НЕПОРОЧНО", "p": [149] },
	{ "s": "НЕПОРОЧНОСТ", "p": [81] },
	{ "s": "НЕПОСИЛНО", "p": [57] },
	{ "s": "НЕПОСТОЯНСТВО", "p": [195] },
	{ "s": "НЕПОТРЕБЕН", "p": [183] },
	{ "s": "НЕПОТРЕБНОСТИ", "p": [70] },
	{ "s": "НЕПРАВИЛНА", "p": [147] },
	{ "s": "НЕПРАКТИЧНО", "p": [185, 44] },
	{ "s": "НЕПРЕГЛЪТНАТИ", "p": [118] },
	{ "s": "НЕПРЕДВИДЕНА", "p": [157] },
	{ "s": "НЕПРЕДНАМЕРЕНА", "p": [200, 193] },
	{ "s": "НЕПРЕКЪСНАТО", "p": [191] },
	{ "s": "НЕПРЕСТАННО", "p": [185, 183] },
	{ "s": "НЕПРИКОСНОВЕНА", "p": [141] },
	{ "s": "НЕПРИКОСНОВЕНОСТ", "p": [112] },
	{ "s": "НЕПРИКРИТ", "p": [201] },
	{ "s": "НЕПРИКРИТО", "p": [44] },
	{ "s": "НЕПРИЛИЧЕН", "p": [184] },
	{ "s": "НЕПРИЛИЧНИ", "p": [191] },
	{ "s": "НЕПРИЛИЧНО", "p": [185] },
	{ "s": "НЕПРИНУДЕНО", "p": [185] },
	{ "s": "НЕПРИЯЗЪН", "p": [200] },
	{ "s": "НЕПРОВЕТРЯВАНЕ", "p": [195] },
	{ "s": "НЕПРОВЕТРЯВАНЕ...НЕДОЯЖДАНЕ", "p": [195] },
	{ "s": "НЕПРОГЛЕДНА", "p": [10] },
	{ "s": "НЕПРОЗРАЧНИ", "p": [184] },
	{ "s": "НЕПРОМЕНЕНО", "p": [98] },
	{ "s": "НЕПРОМЕНЛИВИ", "p": [147] },
	{ "s": "НЕПРОСТЕНАЛА", "p": [161] },
	{ "s": "НЕПУБЛИКУВАНИ", "p": [186, 185, 184, 183] },
	{ "s": "НЕПУКИЗЪМ", "p": [191] },
	{ "s": "НЕПУКИСТЪТ", "p": [183] },
	{ "s": "НЕПУШАЧКИ", "p": [192] },
	{ "s": "НЕПЪЛНОЛЕТНО", "p": [190] },
	{ "s": "НЕРАВНАТА", "p": [98] },
	{ "s": "НЕРАЗБИРАНЕ", "p": [192] },
	{ "s": "НЕРАЗБИРАНЕТО", "p": [192] },
	{ "s": "НЕРАЗКРИВАНЕ", "p": [191] },
	{ "s": "НЕРАЗКРИТИТЕ", "p": [191] },
	{ "s": "НЕРАЗРУШИМАТА", "p": [201] },
	{ "s": "НЕРВЕН", "p": [194] },
	{ "s": "НЕРВИТЕ", "p": [69] },
	{ "s": "НЕРВНО", "p": [194] },
	{ "s": "НЕРЕАЛНО", "p": [183] },
	{ "s": "НЕРЕДАКТИРАНО", "p": [1] },
	{ "s": "НЕРЕДНО", "p": [185] },
	{ "s": "НЕРЕДОВНАТА", "p": [186] },
	{ "s": "НЕРОДЕНАТА", "p": [133] },
	{ "s": "НЕРЯДКО", "p": [192] },
	{ "s": "НЕСБЪДВАНЕ", "p": [183] },
	{ "s": "НЕСБЪДНАТА", "p": [68] },
	{ "s": "НЕСБЪДНАТИ", "p": [184, 142] },
	{ "s": "НЕСБЪДНАТИТЕ", "p": [183] },
	{ "s": "НЕСВЪРЗАНИ", "p": [121] },
	{ "s": "НЕСКОПОСАНО", "p": [197] },
	{ "s": "НЕСКРОМНО", "p": [73] },
	{ "s": "НЕСЛУЧАЙНА", "p": [192] },
	{ "s": "НЕСЛУЧАЙНО", "p": [201] },
	{ "s": "НЕСПОДЕЛЕНИТЕ", "p": [166] },
	{ "s": "НЕСПОДЕЛЯНЕ", "p": [185] },
	{ "s": "НЕСПОМЕНАТО", "p": [3] },
	{ "s": "НЕСПОСОБНО", "p": [192] },
	{ "s": "НЕСРАВНИМО", "p": [200, 188] },
	{ "s": "НЕСТИХВАЩ", "p": [192] },
	{ "s": "НЕСТИХВАЩО", "p": [105] },
	{ "s": "НЕСЪОТВЕТСТВИЯ", "p": [183] },
	{ "s": "НЕСЪСТОЯТЕЛНОСТ", "p": [183] },
	{ "s": "НЕТ", "p": [121] },
	{ "s": "НЕТА", "p": [199] },
	{ "s": "НЕТАКТИЧНАТА", "p": [201] },
	{ "s": "НЕТАКТИЧНО", "p": [185] },
	{ "s": "НЕТОПЛЕНИ", "p": [104] },
	{ "s": "НЕТЪРСЕНА", "p": [56] },
	{ "s": "НЕУВАЖАВАНAТA", "p": [202] },
	{ "s": "НЕУГРИЖЕН", "p": [136] },
	{ "s": "НЕУДОБНА", "p": [198] },
	{ "s": "НЕУЗРЕЛИЯ", "p": [127] },
	{ "s": "НЕУМИРАЩО", "p": [192] },
	{ "s": "НЕУМОЛИМ", "p": [83] },
	{ "s": "НЕУМОРНА", "p": [183] },
	{ "s": "НЕУМОРНО", "p": [126, 52] },
	{ "s": "НЕУСЕТНО", "p": [192, 89] },
	{ "s": "НЕУСПЕЛИ", "p": [47] },
	{ "s": "НЕУСПЕЛИЯ", "p": [127] },
	{ "s": "НЕУСПЕХ", "p": [199] },
	{ "s": "НЕУСПЕШНО", "p": [66] },
	{ "s": "НЕУТВЪРДИМИТЕ", "p": [203] },
	{ "s": "НЕХАЕШЕ", "p": [184] },
	{ "s": "НЕХРАНЕЩА", "p": [69] },
	{ "s": "НЕЦЕЛЕСЪОБРАЗЕН", "p": [201] },
	{ "s": "НЕЦЕЛУВАНЕ", "p": [61] },
	{ "s": "НЕЧАКАНИ", "p": [161] },
	{ "s": "НЕЧИИ", "p": [5] },
	{ "s": "НЕЧИИТЕ", "p": [100] },
	{ "s": "НЕЧИЙ", "p": [5] },
	{ "s": "НЕЧИСТИ", "p": [169] },
	{ "s": "НЕЧИЯ", "p": [140] },
	{ "s": "НЕЧОВЕШКИ", "p": [198] },
	{ "s": "НЕЧОВЕШКИЯТ", "p": [198] },
	{ "s": "НЕЧУТИ", "p": [208] },
	{ "s": "НЕЩА", "p": [202, 199, 193, 188] },
	{ "s": "НЕЩАСТИЕ", "p": [184, 61] },
	{ "s": "НЕЩАСТНИК", "p": [202] },
	{ "s": "НЕЩАСТНИТЕ", "p": [194] },
	{ "s": "НЕЩАТА", "p": [201, 200, 193, 83] },
	{ "s": "НЕЩО", "p": [183, 202, 192, 191, 205, 199, 193, 201, 198, 197, 194, 189, 188, 186, 184, 80, 38] },
	{ "s": "НЕЩОТО", "p": [198] },
	{ "s": "НЕЯ", "p": [202, 198, 183, 201, 199, 192, 197, 193, 114, 57, 18] },
	{ "s": "НЕЯСНО", "p": [183] },
	{ "s": "НИ", "p": [183, 188, 126, 189, 195, 191, 205, 204, 162, 125, 123, 45, 20, 207, 199, 198, 190, 186, 184, 124, 4, 201, 192, 175, 155, 138, 137, 135, 112, 102, 92, 67, 66, 38, 32, 27, 3] },
	{ "s": "НИВА", "p": [188] },
	{ "s": "НИВО", "p": [188] },
	{ "s": "НИВОТО", "p": [186] },
	{ "s": "НИЕ", "p": [207, 191, 189, 188, 162, 114, 105] },
	{ "s": "НИЖЕ", "p": [136, 57] },
	{ "s": "НИЗ", "p": [183, 151, 122] },
	{ "s": "НИЗВЕРГНАЛИ", "p": [129] },
	{ "s": "НИЗОВЕ", "p": [57, 52] },
	{ "s": "НИЗШИ", "p": [197] },
	{ "s": "НИКАК", "p": [202, 198, 141] },
	{ "s": "НИКАКВА", "p": [199, 192, 190, 32] },
	{ "s": "НИКАКВИ", "p": [202, 200, 199, 191, 190, 32] },
	{ "s": "НИКАКВО", "p": [192, 183, 11] },
	{ "s": "НИКАКЪВ", "p": [202, 188] },
	{ "s": "НИКНАТ", "p": [188, 183] },
	{ "s": "НИКНЕ", "p": [183] },
	{ "s": "НИКО", "p": [60] },
	{ "s": "НИКО...Й", "p": [60] },
	{ "s": "НИКОГА", "p": [204, 199, 184, 183, 147, 99, 60, 42, 198, 194, 193, 192, 191, 188, 186, 185, 172, 111, 104, 37] },
	{ "s": "НИКОГО", "p": [202, 201, 193] },
	{ "s": "НИКОЕ", "p": [191] },
	{ "s": "НИКОЙ", "p": [205, 202, 201, 200, 189, 188, 208, 194, 192, 191, 185, 162, 150, 49, 33, 27] },
	{ "s": "НИКОЯ", "p": [204, 200, 191] },
	{ "s": "НИКЪДЕ", "p": [189] },
	{ "s": "НИЛ", "p": [200] },
	{ "s": "НИМА", "p": [191, 189, 185, 100, 63] },
	{ "s": "НИРА", "p": [186] },
	{ "s": "НИСКИТЕ", "p": [119] },
	{ "s": "НИСКО", "p": [200, 186] },
	{ "s": "НИТО", "p": [200, 194, 191, 48, 198, 192, 188, 186, 183, 60, 202, 201, 193, 185, 158] },
	{ "s": "НИЧИЕ", "p": [164, 110] },
	{ "s": "НИЧИЕТО", "p": [104] },
	{ "s": "НИША", "p": [183] },
	{ "s": "НИШЕСТЕ", "p": [188] },
	{ "s": "НИШКАТА", "p": [183] },
	{ "s": "НИШКИ", "p": [46, 15] },
	{ "s": "НИЩЕТА", "p": [69] },
	{ "s": "НИЩО", "p": [183, 207, 192, 191, 186, 49, 204, 202, 199, 198, 188, 106, 104, 16, 11, 10] },
	{ "s": "НИЩОЖНА", "p": [191] },
	{ "s": "НИЩОЖНИ", "p": [191] },
	{ "s": "НИЩОЖНИТЕ", "p": [100] },
	{ "s": "НИЩОЖНО", "p": [144] },
	{ "s": "НИЩОТО", "p": [192, 183, 201, 194, 118, 30, 3] },
	{ "s": "НО", "p": [183, 186, 202, 192, 191, 184, 201, 185, 199, 197, 200, 193, 188, 155, 67, 33, 198, 194, 190, 189, 82, 63, 17, 10, 204, 195, 181, 172, 145, 92, 64, 59, 51, 48, 35, 27, 178, 169, 168, 164, 163, 157, 154, 146, 142, 139, 127, 126, 111, 106, 101, 99, 98, 95, 91, 90, 84, 81, 80, 74, 66, 65, 60, 54, 40, 38, 37, 36, 22, 20, 19, 14, 13, 12, 6] },
	{ "s": "НОВ", "p": [197, 193, 192, 183, 148, 62, 33] },
	{ "s": "НОВА", "p": [159, 192, 68, 52, 38, 14] },
	{ "s": "НОВАТА", "p": [183] },
	{ "s": "НОВИ", "p": [197, 192, 186] },
	{ "s": "НОВИНАТА", "p": [190, 201] },
	{ "s": "НОВИНИ", "p": [194, 189, 188] },
	{ "s": "НОВИНИТЕ", "p": [189] },
	{ "s": "НОВИТЕ", "p": [76, 37] },
	{ "s": "НОВИЯ", "p": [183, 100] },
	{ "s": "НОВО", "p": [184, 146] },
	{ "s": "НОВОПОЯВИЛИЯ", "p": [200] },
	{ "s": "НОВОТО", "p": [192, 189] },
	{ "s": "НОЕМВРИ", "p": [107] },
	{ "s": "НОЕМВРИЙСКИ", "p": [114] },
	{ "s": "НОЖ", "p": [190, 118] },
	{ "s": "НОЖИЦА", "p": [71] },
	{ "s": "НОЖИЦИТЕ", "p": [52] },
	{ "s": "НОЗЕ", "p": [127] },
	{ "s": "НОЙ", "p": [137] },
	{ "s": "НОКТИ", "p": [201, 186, 87, 72] },
	{ "s": "НОКЪТ", "p": [63] },
	{ "s": "НОМАДИТЕ", "p": [186] },
	{ "s": "НОМЕР", "p": [195] },
	{ "s": "НОН", "p": [63] },
	{ "s": "НОН-ГРАТАВА", "p": [63] },
	{ "s": "НОРМАЛЕН", "p": [191, 190, 188] },
	{ "s": "НОРМАЛНИ", "p": [202] },
	{ "s": "НОРМАЛНО", "p": [198, 195] },
	{ "s": "НОСЕХА", "p": [183] },
	{ "s": "НОСИ", "p": [183, 192, 200] },
	{ "s": "НОСИТЕЛ", "p": [200] },
	{ "s": "НОСИШ", "p": [186] },
	{ "s": "НОСТАЛГИЯ", "p": [186, 203, 161] },
	{ "s": "НОСТАЛГИЯТА", "p": [201] },
	{ "s": "НОСЯ", "p": [18] },
	{ "s": "НОСЯТ", "p": [191, 33] },
	{ "s": "НОТИ", "p": [50] },
	{ "s": "НОТКА", "p": [199, 160] },
	{ "s": "НОТКИ", "p": [87] },
	{ "s": "НОЩ", "p": [202, 14, 80, 63, 16, 10] },
	{ "s": "НОЩЕМ", "p": [198, 183, 5] },
	{ "s": "НОЩЕСКА", "p": [194] },
	{ "s": "НОЩИ", "p": [98, 25] },
	{ "s": "НОЩИТЕ", "p": [59, 54] },
	{ "s": "НОЩНА", "p": [82, 186, 183] },
	{ "s": "НОЩТА", "p": [93, 204, 185, 9, 206, 186, 139, 83, 61, 14] },
	{ "s": "НУЖДА", "p": [200, 194, 186, 148, 37] },
	{ "s": "НУЖДАЕ", "p": [192] },
	{ "s": "НУЖДИ", "p": [183, 144] },
	{ "s": "НУЖЕН", "p": [119] },
	{ "s": "НУЛА", "p": [183, 168] },
	{ "s": "НУЛЕВИ", "p": [107] },
	{ "s": "НУЛЕВОСТ", "p": [183] },
	{ "s": "НУЛИ", "p": [183] },
	{ "s": "НЮХ", "p": [193, 202] },
	{ "s": "НЯВГА", "p": [204, 177, 58] },
	{ "s": "НЯК", "p": [16] },
	{ "s": "НЯКАК", "p": [183, 194, 191, 184, 140, 74, 35, 32, 27, 15, 3] },
	{ "s": "НЯКАКВА", "p": [183, 15, 194, 199, 164, 139, 30] },
	{ "s": "НЯКАКВАТА", "p": [183, 133] },
	{ "s": "НЯКАКВИ", "p": [202, 194, 191, 199, 32] },
	{ "s": "НЯКАКВО", "p": [194, 24] },
	{ "s": "НЯКАКЪВ", "p": [198, 194, 188, 22, 202, 192] },
	{ "s": "НЯКОГА", "p": [194, 183, 192, 142, 201, 70, 58, 43, 202, 193, 191, 101] },
	{ "s": "НЯКОГАШЕН", "p": [148, 145] },
	{ "s": "НЯКОГАШНАТА", "p": [193] },
	{ "s": "НЯКОГАШНИТЕ", "p": [193] },
	{ "s": "НЯКОГО", "p": [199, 16] },
	{ "s": "НЯКОЕ", "p": [200, 189] },
	{ "s": "НЯКОИ", "p": [193, 192, 191, 198, 183] },
	{ "s": "НЯКОЙ", "p": [194, 191, 184, 33, 22, 208, 202, 197, 195, 192, 188, 186, 183, 180, 138, 43, 1] },
	{ "s": "НЯКОКО", "p": [202] },
	{ "s": "НЯКОЛКО", "p": [183, 190, 178, 202, 201, 200, 197, 189, 184, 36] },
	{ "s": "НЯК’ВО", "p": [16] },
	{ "s": "НЯМ", "p": [104, 40] },
	{ "s": "НЯМА", "p": [191, 183, 192, 193, 185, 188, 195, 194, 190, 186, 184, 69, 32, 17, 199, 172, 143, 100, 43, 13, 8, 208, 204, 202, 200, 198, 197, 189, 177, 155, 151, 145, 142, 138, 137, 132, 115, 105, 103, 98, 95, 91, 87, 84, 73, 63, 54, 52, 47, 38, 36, 35, 28, 27, 26, 11] },
	{ "s": "НЯМАЛ", "p": [183] },
	{ "s": "НЯМАЛО", "p": [190, 37] },
	{ "s": "НЯМАМ", "p": [208, 194, 193, 186, 183, 178, 138, 112, 75] },
	{ "s": "НЯМАМЕ", "p": [155] },
	{ "s": "НЯМАНЕ", "p": [158, 155, 101, 96] },
	{ "s": "НЯМАНЕТО", "p": [190] },
	{ "s": "НЯМАТ", "p": [199, 191, 183, 159, 36, 7] },
	{ "s": "НЯМАХ", "p": [199] },
	{ "s": "НЯМАХМЕ", "p": [58] },
	{ "s": "НЯМАШ", "p": [191, 186, 156] },
	{ "s": "НЯМАШЕ", "p": [202, 32, 198, 197, 194, 199, 195, 183, 154, 26, 7] },
	{ "s": "НЯМАЩИ", "p": [147] },
	{ "s": "НЯМАЩО", "p": [164] },
	{ "s": "НЯМО", "p": [183] },
	{ "s": "НЯМОТО", "p": [183] }
]