[
	{ "s": "C", "p": [191] },
	{ "s": "CALL", "p": [205] },
	{ "s": "CALLED", "p": [205] },
	{ "s": "CAME", "p": [206] },
	{ "s": "CAMOUFLAGE", "p": [208] },
	{ "s": "CAN", "p": [206, 204, 209, 208, 205] },
	{ "s": "CAN'T", "p": [206] },
	{ "s": "CANNOT", "p": [208] },
	{ "s": "CAN’T", "p": [209] },
	{ "s": "CARRIED", "p": [209] },
	{ "s": "CAST", "p": [209] },
	{ "s": "CAVES", "p": [205] },
	{ "s": "CENTURY", "p": [192] },
	{ "s": "CHANCE", "p": [209, 205] },
	{ "s": "CHANGES", "p": [209] },
	{ "s": "CHARLES", "p": [204] },
	{ "s": "CHILD", "p": [209] },
	{ "s": "CHILDREN", "p": [208] },
	{ "s": "CHOICE", "p": [208] },
	{ "s": "CINEPLEXA", "p": [183] },
	{ "s": "CK", "p": [151] },
	{ "s": "CLIMB", "p": [205] },
	{ "s": "CLOSE", "p": [207, 205] },
	{ "s": "COLD", "p": [191, 209] },
	{ "s": "COLLAPSE", "p": [208] },
	{ "s": "COLLAPSED", "p": [209] },
	{ "s": "COM", "p": [193, 1, 210, 194] },
	{ "s": "COME", "p": [209, 205] },
	{ "s": "COMES", "p": [205] },
	{ "s": "COMFORT", "p": [209] },
	{ "s": "COMPLETE", "p": [209] },
	{ "s": "CONCOCTIONS", "p": [209] },
	{ "s": "CONCURRENT", "p": [209] },
	{ "s": "CONFUSED", "p": [209] },
	{ "s": "CONSTANT", "p": [209] },
	{ "s": "CORAL", "p": [205] },
	{ "s": "CORPORATION", "p": [202] },
	{ "s": "CORRECTIONS", "p": [209] },
	{ "s": "COULD", "p": [206] },
	{ "s": "COVERING", "p": [209] },
	{ "s": "CRAWL", "p": [208] },
	{ "s": "CRAWLED", "p": [206] },
	{ "s": "CRIBS", "p": [208] },
	{ "s": "CROSSED", "p": [206] },
	{ "s": "CROSSES", "p": [205] },
	{ "s": "CRUMBLES", "p": [207] },
	{ "s": "CRY", "p": [67, 53, 209, 204, 183] },
	{ "s": "CRY-НО", "p": [67] },
	{ "s": "CRYING", "p": [209] },
	{ "s": "CUP", "p": [183] },
	{ "s": "CUPI", "p": [202] },
	{ "s": "CURIOSITY", "p": [207] },
	{ "s": "CUT", "p": [208, 209] },
	{ "s": "CUTTING", "p": [209] }
]