[
	{ "s": "В", "p": [183, 191, 202, 192, 194, 201, 186, 185, 188, 193, 190, 189, 198, 184, 200, 199, 208, 160, 204, 57, 99, 27, 148, 142, 129, 87, 47, 10, 206, 195, 112, 110, 96, 93, 86, 83, 79, 56, 44, 33, 30, 24, 205, 161, 158, 149, 147, 144, 139, 126, 120, 119, 107, 67, 63, 61, 53, 43, 38, 18, 11, 1, 197, 181, 167, 141, 136, 133, 104, 100, 98, 84, 82, 71, 69, 66, 60, 55, 52, 48, 26, 25, 22, 20, 15, 6, 180, 177, 168, 165, 159, 150, 138, 128, 123, 122, 116, 109, 106, 105, 103, 102, 95, 92, 89, 85, 80, 75, 68, 50, 46, 41, 40, 21, 14, 5, 207, 173, 172, 171, 170, 166, 163, 156, 154, 152, 151, 146, 145, 127, 125, 124, 121, 118, 115, 113, 111, 108, 94, 91, 90, 78, 76, 74, 73, 72, 70, 65, 64, 62, 58, 54, 45, 42, 37, 34, 32, 29, 28, 23, 17, 16, 9, 8, 4, 2] },
	{ "s": "В'РЛА", "p": [141] },
	{ "s": "ВА", "p": [185, 121, 63] },
	{ "s": "ВАГИНАЛЕН", "p": [200] },
	{ "s": "ВАГИНАЛНО", "p": [202] },
	{ "s": "ВАДИ", "p": [191] },
	{ "s": "ВАДЯТ", "p": [191] },
	{ "s": "ВАЖЕН", "p": [192] },
	{ "s": "ВАЖИ", "p": [189, 194] },
	{ "s": "ВАЖНА", "p": [192] },
	{ "s": "ВАЖНИ", "p": [183] },
	{ "s": "ВАЖНИТЕ", "p": [201] },
	{ "s": "ВАЖНО", "p": [192, 190] },
	{ "s": "ВАЖНОТО", "p": [192] },
	{ "s": "ВАЗОВ", "p": [189] },
	{ "s": "ВАЗОВИТЕ", "p": [189] },
	{ "s": "ВАЗОВОТО", "p": [189] },
	{ "s": "ВАЙКАМ", "p": [194] },
	{ "s": "ВАКЛА", "p": [152] },
	{ "s": "ВАКУУМЕН", "p": [145] },
	{ "s": "ВАКУУМИ", "p": [96] },
	{ "s": "ВАКУУМИТЕ", "p": [154] },
	{ "s": "ВАКУУМНИ", "p": [118] },
	{ "s": "ВАКУУМНОСТ", "p": [48] },
	{ "s": "ВАКХАНКИ", "p": [161] },
	{ "s": "ВАКХАНКИТЕ", "p": [161] },
	{ "s": "ВАЛ", "p": [142] },
	{ "s": "ВАЛЕШЕ", "p": [200] },
	{ "s": "ВАЛИ", "p": [183, 194, 9] },
	{ "s": "ВАЛОВЕ", "p": [160] },
	{ "s": "ВАЛОВЕТЕ", "p": [76] },
	{ "s": "ВАЛЯ", "p": [198] },
	{ "s": "ВАЛЯКА", "p": [198] },
	{ "s": "ВАЛЯЛО", "p": [194] },
	{ "s": "ВАЛЯХА", "p": [150] },
	{ "s": "ВАЛЯХМЕ", "p": [58] },
	{ "s": "ВАПЦАРОВ", "p": [100] },
	{ "s": "ВАРИАНТ", "p": [207] },
	{ "s": "ВАРНА", "p": [192] },
	{ "s": "ВАС", "p": [63, 198, 183] },
	{ "s": "ВАСИЛ", "p": [189] },
	{ "s": "ВАСИЛКА", "p": [202] },
	{ "s": "ВАСИЛЬОВДЕН", "p": [186] },
	{ "s": "ВГРАЖДАТ", "p": [140] },
	{ "s": "ВДИГА", "p": [198] },
	{ "s": "ВДИГАТ", "p": [199] },
	{ "s": "ВДИГАХА", "p": [198] },
	{ "s": "ВДИГАШ", "p": [69] },
	{ "s": "ВДИГАШЕ", "p": [199] },
	{ "s": "ВДИГНЕ", "p": [183] },
	{ "s": "ВДИШАЙ", "p": [185] },
	{ "s": "ВДИШВАНЕ", "p": [184, 183] },
	{ "s": "ВДЛЪБВАНЕ", "p": [191] },
	{ "s": "ВДОВИЦА", "p": [115] },
	{ "s": "ВДЪХВАЩА", "p": [192] },
	{ "s": "ВДЪХНАХ", "p": [75] },
	{ "s": "ВДЪХНОВЕНИЕ", "p": [94] },
	{ "s": "ВДЪХНОВЕНИЕТО", "p": [193] },
	{ "s": "ВДЪХНОВЕНИЯ", "p": [161] },
	{ "s": "ВДЪХНОВЕНО", "p": [142, 111, 87, 57, 10] },
	{ "s": "ВЕГЕТИРАХ", "p": [145] },
	{ "s": "ВЕДНАГА", "p": [201, 192, 185, 183] },
	{ "s": "ВЕДНАЖ", "p": [202, 201] },
	{ "s": "ВЕДНЪЖ", "p": [202, 193, 183, 69, 10, 195, 191, 188, 186, 80, 75, 35] },
	{ "s": "ВЕДРИ", "p": [186] },
	{ "s": "ВЕДРО", "p": [139] },
	{ "s": "ВЕЕ", "p": [189] },
	{ "s": "ВЕЕНЕ", "p": [191] },
	{ "s": "ВЕЕЩИТЕ", "p": [191] },
	{ "s": "ВЕЖДИ", "p": [202] },
	{ "s": "ВЕЖЛИВО", "p": [24] },
	{ "s": "ВЕЗНАТА", "p": [26] },
	{ "s": "ВЕК", "p": [124] },
	{ "s": "ВЕКИ", "p": [186, 63, 33] },
	{ "s": "ВЕКОВЕ", "p": [188] },
	{ "s": "ВЕЛИК", "p": [194] },
	{ "s": "ВЕЛИКА", "p": [192, 73] },
	{ "s": "ВЕЛИКИ", "p": [188] },
	{ "s": "ВЕЛИКИТЕ", "p": [191] },
	{ "s": "ВЕЛИКО", "p": [201, 141] },
	{ "s": "ВЕЛИКОЛЕПИЕТО", "p": [201] },
	{ "s": "ВЕЛИКОЛЕПНАТА", "p": [202] },
	{ "s": "ВЕЛИЧИЕ", "p": [161] },
	{ "s": "ВЕНДЕТА", "p": [161] },
	{ "s": "ВЕНЕРА", "p": [183] },
	{ "s": "ВЕНЕРИЧЕСКА", "p": [201] },
	{ "s": "ВЕНЕРИЧЕСКАТА", "p": [201] },
	{ "s": "ВЕНИТЕ", "p": [119] },
	{ "s": "ВЕНТИЛАТОР", "p": [136] },
	{ "s": "ВЕНЦИ", "p": [124] },
	{ "s": "ВЕРА", "p": [185] },
	{ "s": "ВЕРБУВАН", "p": [61] },
	{ "s": "ВЕРВАЙТЕ", "p": [195] },
	{ "s": "ВЕРЕН", "p": [183] },
	{ "s": "ВЕРИ", "p": [144] },
	{ "s": "ВЕРИГИ", "p": [184, 45, 38] },
	{ "s": "ВЕРИГИТЕ", "p": [185] },
	{ "s": "ВЕРНИ", "p": [202, 183] },
	{ "s": "ВЕРОИЗПОВЕДЕНИЕ", "p": [105] },
	{ "s": "ВЕРОЯТНО", "p": [194, 198, 189, 188, 183, 33, 1] },
	{ "s": "ВЕРСИЯ", "p": [194] },
	{ "s": "ВЕРТЕП", "p": [186] },
	{ "s": "ВЕСЕЛИ", "p": [71] },
	{ "s": "ВЕСТ", "p": [190] },
	{ "s": "ВЕСТИТЕЛИ", "p": [205] },
	{ "s": "ВЕСТНИК", "p": [190] },
	{ "s": "ВЕТРЕНИТЕ", "p": [100] },
	{ "s": "ВЕХТОРИИ", "p": [191] },
	{ "s": "ВЕЧЕ", "p": [66, 193, 186, 199, 183, 198, 125, 82, 202, 157, 197, 33, 27, 201, 194, 191, 190, 189, 188, 159, 154, 146, 143, 119, 100, 98, 87, 79, 62, 58, 37, 19, 15, 13, 6] },
	{ "s": "ВЕЧЕ...(ТЕ)...ЧЕ...(НЕ)...ЧЕ...(ТЕ", "p": [66] },
	{ "s": "ВЕЧЕН", "p": [118, 93] },
	{ "s": "ВЕЧЕР", "p": [185] },
	{ "s": "ВЕЧЕРИ", "p": [183] },
	{ "s": "ВЕЧЕРНИЯТ", "p": [183] },
	{ "s": "ВЕЧЕРТА", "p": [104] },
	{ "s": "ВЕЧЕРЯНЕ", "p": [194] },
	{ "s": "ВЕЧНА", "p": [175] },
	{ "s": "ВЕЧНАТА", "p": [34] },
	{ "s": "ВЕЧНИТЕ", "p": [183, 66, 24] },
	{ "s": "ВЕЧНИЯ", "p": [184] },
	{ "s": "ВЕЧНО", "p": [184, 186, 207, 142, 114, 194, 183, 167, 143, 122, 47, 44, 38] },
	{ "s": "ВЕЧНОСТ", "p": [208] },
	{ "s": "ВЕЧНОСТТА", "p": [139, 92] },
	{ "s": "ВЕЧНОТО", "p": [183] },
	{ "s": "ВЕЩЕРСКО", "p": [183] },
	{ "s": "ВЕЩО", "p": [183] },
	{ "s": "ВЗАИМНО", "p": [183] },
	{ "s": "ВЗАИМНОСТ", "p": [149, 103] },
	{ "s": "ВЗАИМООТНОШЕНИЯ", "p": [202, 200] },
	{ "s": "ВЗАИМООТНОШЕНИЯТА", "p": [202] },
	{ "s": "ВЗАИМОСНОШЕНИЯ", "p": [198] },
	{ "s": "ВЗАИМОУГОДНИ", "p": [25] },
	{ "s": "ВЗАИМСТВАНЕ", "p": [193] },
	{ "s": "ВЗЕ", "p": [201, 202, 193, 188] },
	{ "s": "ВЗЕЛА", "p": [202] },
	{ "s": "ВЗЕМА", "p": [194, 183, 27] },
	{ "s": "ВЗЕМАТ", "p": [197, 188] },
	{ "s": "ВЗЕМЕ", "p": [201, 193, 33] },
	{ "s": "ВЗЕТИТЕ", "p": [183] },
	{ "s": "ВЗИМА", "p": [57] },
	{ "s": "ВЗИМАМ", "p": [186] },
	{ "s": "ВЗИМАМЕ", "p": [101] },
	{ "s": "ВЗИМАНЕ", "p": [184, 45] },
	{ "s": "ВЗИМАТ", "p": [133] },
	{ "s": "ВЗИРАМ", "p": [183] },
	{ "s": "ВЗИРАШ", "p": [39] },
	{ "s": "ВЗИРАШЕ", "p": [6] },
	{ "s": "ВЗИСКАТЕЛНОСТ", "p": [192] },
	{ "s": "ВЗЛОМ", "p": [184] },
	{ "s": "ВЗОР", "p": [185, 4] },
	{ "s": "ВЗРЕШ", "p": [24] },
	{ "s": "ВЗРИВИ", "p": [23] },
	{ "s": "ВЗРИВЯВАЩА", "p": [183] },
	{ "s": "ВИ", "p": [186, 191, 185, 183, 63] },
	{ "s": "ВИБРИРАЩО", "p": [76] },
	{ "s": "ВИД", "p": [201, 200, 195] },
	{ "s": "ВИДА", "p": [194] },
	{ "s": "ВИДЕН", "p": [200] },
	{ "s": "ВИДЕНИ", "p": [191] },
	{ "s": "ВИДЕО", "p": [198] },
	{ "s": "ВИДИ", "p": [202, 192, 191, 189, 111] },
	{ "s": "ВИДИМО", "p": [202, 198] },
	{ "s": "ВИДИШ", "p": [208, 189, 157] },
	{ "s": "ВИДОВЕ", "p": [194] },
	{ "s": "ВИДЯ", "p": [157, 204, 186, 183, 162, 104, 36] },
	{ "s": "ВИДЯЛА", "p": [186, 183, 82] },
	{ "s": "ВИДЯН", "p": [184] },
	{ "s": "ВИДЯТ", "p": [183] },
	{ "s": "ВИДЯХ", "p": [183, 194, 191, 75] },
	{ "s": "ВИЕМ", "p": [184] },
	{ "s": "ВИЕХ", "p": [198] },
	{ "s": "ВИЕШ", "p": [186] },
	{ "s": "ВИЖ", "p": [199, 198, 49] },
	{ "s": "ВИЖДА", "p": [207, 183, 191] },
	{ "s": "ВИЖДАЛ", "p": [189] },
	{ "s": "ВИЖДАМ", "p": [186, 205, 199, 194, 191, 183, 83, 33] },
	{ "s": "ВИЖДАТ", "p": [192, 183] },
	{ "s": "ВИЖДАХ", "p": [206] },
	{ "s": "ВИЖДАХА", "p": [184] },
	{ "s": "ВИЖДАШ", "p": [181, 67] },
	{ "s": "ВИЗАНТИЙСКО", "p": [191] },
	{ "s": "ВИЗИЯ", "p": [183] },
	{ "s": "ВИК", "p": [195, 122] },
	{ "s": "ВИКА", "p": [195] },
	{ "s": "ВИКАЙ", "p": [36] },
	{ "s": "ВИКАМ", "p": [205, 188, 134] },
	{ "s": "ВИКАТ", "p": [188] },
	{ "s": "ВИКАШ", "p": [186, 82] },
	{ "s": "ВИКНА", "p": [191, 119] },
	{ "s": "ВИКЪТ", "p": [199] },
	{ "s": "ВИНА", "p": [33, 186, 183, 103] },
	{ "s": "ВИНАГИ", "p": [99, 192, 199, 198, 149, 194, 184, 167, 161, 118, 117, 103, 78, 71, 70, 36] },
	{ "s": "ВИНАТА", "p": [191, 71] },
	{ "s": "ВИНИ", "p": [184, 183, 38] },
	{ "s": "ВИНИТЕ", "p": [15] },
	{ "s": "ВИНКЕЛИ", "p": [183] },
	{ "s": "ВИНО", "p": [198] },
	{ "s": "ВИНОВЕН", "p": [148, 25] },
	{ "s": "ВИНОВНО", "p": [73] },
	{ "s": "ВИОЛЕТОВИ", "p": [195] },
	{ "s": "ВИРЕЯ", "p": [183] },
	{ "s": "ВИРЕЯТ", "p": [26] },
	{ "s": "ВИРТУАЛНА", "p": [108] },
	{ "s": "ВИРТУАЛНО", "p": [199] },
	{ "s": "ВИСОКА", "p": [192] },
	{ "s": "ВИСОКИТЕ", "p": [191] },
	{ "s": "ВИСОКО", "p": [201] },
	{ "s": "ВИСОКОКАЧЕСТВЕНА", "p": [200] },
	{ "s": "ВИСОКОТО", "p": [205] },
	{ "s": "ВИСТА", "p": [123] },
	{ "s": "ВИСУЛКИ", "p": [102] },
	{ "s": "ВИСША", "p": [202, 201] },
	{ "s": "ВИСШЕ", "p": [26] },
	{ "s": "ВИСШЕСТОЯЩИ", "p": [188] },
	{ "s": "ВИТОША", "p": [191] },
	{ "s": "ВИТРО", "p": [159] },
	{ "s": "ВИХРОВИЯТ", "p": [186] },
	{ "s": "ВИХЪРА", "p": [181] },
	{ "s": "ВИШНА", "p": [185] },
	{ "s": "ВИЯ", "p": [185] },
	{ "s": "ВИЯТ", "p": [48] },
	{ "s": "ВКАМЕНЕЛОСТИТЕ", "p": [183] },
	{ "s": "ВКАРАХА", "p": [202] },
	{ "s": "ВКАРАШ", "p": [183] },
	{ "s": "ВКИСЕЛЕНИ", "p": [119] },
	{ "s": "ВКИСНАЛО", "p": [99] },
	{ "s": "ВКЛЮЧВА", "p": [189] },
	{ "s": "ВКЛЮЧВАНЕ", "p": [194] },
	{ "s": "ВКЛЮЧВАХА", "p": [192] },
	{ "s": "ВКЛЮЧЕНИ", "p": [190] },
	{ "s": "ВКЛЮЧИ", "p": [192] },
	{ "s": "ВКЛЮЧИТЕЛНО", "p": [193, 191] },
	{ "s": "ВКЛЮЧИХ", "p": [194] },
	{ "s": "ВКОПАВА", "p": [106] },
	{ "s": "ВКОПАВАНИ", "p": [109] },
	{ "s": "ВКОПАЕМЕ", "p": [183] },
	{ "s": "ВКОПЧВА", "p": [10] },
	{ "s": "ВКОПЧВАЙ", "p": [207] },
	{ "s": "ВКОПЧЕНА", "p": [79] },
	{ "s": "ВКОПЧЕНИ", "p": [112] },
	{ "s": "ВКОПЧИХМЕ", "p": [198] },
	{ "s": "ВКУСА", "p": [202, 80] },
	{ "s": "ВКУСИХ", "p": [75] },
	{ "s": "ВКУСНА", "p": [201, 198, 188, 37] },
	{ "s": "ВКУСЯ", "p": [174] },
	{ "s": "ВКЪЩИ", "p": [194, 190] },
	{ "s": "ВЛАГАМ", "p": [194] },
	{ "s": "ВЛАГАМЕ", "p": [146] },
	{ "s": "ВЛАГАТ", "p": [191] },
	{ "s": "ВЛАДЕЕМ", "p": [126, 122] },
	{ "s": "ВЛАДЕТЕЛИ", "p": [191] },
	{ "s": "ВЛАДИЧЕСТВО", "p": [189] },
	{ "s": "ВЛАЖНИТЕ", "p": [183] },
	{ "s": "ВЛАК", "p": [200] },
	{ "s": "ВЛАКОВЕ", "p": [146] },
	{ "s": "ВЛАСТИ", "p": [188] },
	{ "s": "ВЛАСТТА", "p": [188] },
	{ "s": "ВЛАЧА", "p": [166] },
	{ "s": "ВЛАЧЕШЕ", "p": [202] },
	{ "s": "ВЛАЧЕЩИТЕ", "p": [57] },
	{ "s": "ВЛАЧИ", "p": [41] },
	{ "s": "ВЛАЧИМЕ", "p": [45] },
	{ "s": "ВЛЕДЕНЯВАЩА", "p": [170] },
	{ "s": "ВЛЕЕ", "p": [119] },
	{ "s": "ВЛЕЗЕ", "p": [157] },
	{ "s": "ВЛЕЗНАЛ", "p": [202] },
	{ "s": "ВЛЕКА", "p": [94] },
	{ "s": "ВЛЕЧЕНИЕ", "p": [202, 26] },
	{ "s": "ВЛИВА", "p": [149, 57] },
	{ "s": "ВЛИВАМ", "p": [83] },
	{ "s": "ВЛИВАТ", "p": [127] },
	{ "s": "ВЛИВАХ", "p": [60] },
	{ "s": "ВЛИВАШ", "p": [141] },
	{ "s": "ВЛИЗАШ", "p": [185, 188] },
	{ "s": "ВЛИЯНИЕТО", "p": [186] },
	{ "s": "ВЛОШАВАЩОТО", "p": [192] },
	{ "s": "ВЛОШЕНИТЕ", "p": [200] },
	{ "s": "ВЛЪХВИТЕ", "p": [183] },
	{ "s": "ВЛЮБВА", "p": [98] },
	{ "s": "ВЛЮБЕН", "p": [202] },
	{ "s": "ВЛЮБЕНИ", "p": [9, 3] },
	{ "s": "ВЛЮБЕНО", "p": [183] },
	{ "s": "ВЛЮБИ", "p": [22, 200] },
	{ "s": "ВЛЮБИЛ", "p": [202] },
	{ "s": "ВЛЮБИХ", "p": [33] },
	{ "s": "ВЛЯЗА", "p": [69] },
	{ "s": "ВЛЯЗОХ", "p": [206] },
	{ "s": "ВМЕСТВАШ", "p": [96] },
	{ "s": "ВМЕСТО", "p": [183, 202, 198, 188, 185, 184] },
	{ "s": "ВМЪКВАНЕ", "p": [184] },
	{ "s": "ВНЕДРЯВАЙ", "p": [123] },
	{ "s": "ВНЕЗАПНА", "p": [183] },
	{ "s": "ВНЕЗАПНИ", "p": [183] },
	{ "s": "ВНЕЗАПНО", "p": [200, 202, 201, 194, 193, 192, 191, 183, 164, 23, 15, 10] },
	{ "s": "ВНИМАНИЕ", "p": [192, 185, 183] },
	{ "s": "ВНИМАНИЕТО", "p": [192, 190] },
	{ "s": "ВНИМАТЕЛЕН", "p": [190] },
	{ "s": "ВНИМАТЕЛНО", "p": [201, 183] },
	{ "s": "ВНУЦИ", "p": [166] },
	{ "s": "ВНУШАВАТ", "p": [133] },
	{ "s": "ВНУШИТЕЛНО", "p": [193] },
	{ "s": "ВО", "p": [186, 199, 198, 63, 16] },
	{ "s": "ВОДА", "p": [185, 200, 198, 194, 182] },
	{ "s": "ВОДАТА", "p": [185] },
	{ "s": "ВОДЕХА", "p": [202] },
	{ "s": "ВОДИ", "p": [183] },
	{ "s": "ВОДИШ", "p": [183] },
	{ "s": "ВОДКА", "p": [202, 148] },
	{ "s": "ВОДКАТА", "p": [202] },
	{ "s": "ВОДКИ", "p": [202] },
	{ "s": "ВОДЯТ", "p": [153, 122] },
	{ "s": "ВОЕВ", "p": [104] },
	{ "s": "ВОЗЯТ", "p": [185] },
	{ "s": "ВОИН", "p": [189, 186] },
	{ "s": "ВОИНИ", "p": [189] },
	{ "s": "ВОЙНА", "p": [198, 189] },
	{ "s": "ВОЙНИК", "p": [63] },
	{ "s": "ВОЛАНА", "p": [188] },
	{ "s": "ВОЛНИ", "p": [93] },
	{ "s": "ВОЛЯ", "p": [186, 183, 199, 92, 22] },
	{ "s": "ВОНЯ", "p": [147] },
	{ "s": "ВОПЛИ", "p": [104] },
	{ "s": "ВОПЪЛ", "p": [183] },
	{ "s": "ВПЕРИЛ", "p": [185] },
	{ "s": "ВПЕЧАТЛЕНИЯ", "p": [135] },
	{ "s": "ВПИ", "p": [183, 10] },
	{ "s": "ВПИВА", "p": [127] },
	{ "s": "ВПИВАХ", "p": [145] },
	{ "s": "ВПИЕ", "p": [22] },
	{ "s": "ВПИЕМ", "p": [83] },
	{ "s": "ВПИЛИ", "p": [183] },
	{ "s": "ВПИСАНОСТ", "p": [183] },
	{ "s": "ВПИТА", "p": [183] },
	{ "s": "ВПЛЕТЕ", "p": [46] },
	{ "s": "ВПЛЕТЕНА", "p": [185, 87] },
	{ "s": "ВПОСЛЕДСТВИЕ", "p": [202, 183, 156] },
	{ "s": "ВПРЪСКВАНЕ", "p": [168] },
	{ "s": "ВРАБЧЕТА", "p": [3] },
	{ "s": "ВРАТА", "p": [183, 160, 139, 94] },
	{ "s": "ВРАТАТА", "p": [198, 191, 139, 111] },
	{ "s": "ВРАТИ", "p": [157, 191] },
	{ "s": "ВРАТИТЕ", "p": [157] },
	{ "s": "ВРЕДИ", "p": [192] },
	{ "s": "ВРЕДНА", "p": [201] },
	{ "s": "ВРЕДНИ", "p": [195] },
	{ "s": "ВРЕДНИТЕ", "p": [24] },
	{ "s": "ВРЕЖЕ", "p": [184] },
	{ "s": "ВРЕКЪЛ", "p": [183] },
	{ "s": "ВРЕМЕ", "p": [201, 159, 198, 194, 192, 190, 188, 183, 202, 199, 193, 191, 189, 143, 42, 33, 23] },
	{ "s": "ВРЕМЕНА", "p": [192, 205, 193] },
	{ "s": "ВРЕМЕНАТА", "p": [39] },
	{ "s": "ВРЕМЕННА", "p": [103] },
	{ "s": "ВРЕМЕННИ", "p": [133] },
	{ "s": "ВРЕМЕННО", "p": [192] },
	{ "s": "ВРЕМЕТО", "p": [200, 188, 185, 202, 201, 193, 192, 191, 190, 183, 181, 128] },
	{ "s": "ВРЕТЕНО", "p": [205] },
	{ "s": "ВРОДЕНА", "p": [141] },
	{ "s": "ВРОДЕНАТА", "p": [186] },
	{ "s": "ВРЪВ", "p": [183, 22] },
	{ "s": "ВРЪЗ", "p": [185, 199, 186, 112, 52, 10] },
	{ "s": "ВРЪЗВАШЕ", "p": [201] },
	{ "s": "ВРЪЗКА", "p": [33, 202, 199, 190, 183, 11, 201, 185, 148] },
	{ "s": "ВРЪЗКИ", "p": [201, 190] },
	{ "s": "ВРЪХ", "p": [93, 27] },
	{ "s": "ВРЪЧВА", "p": [190] },
	{ "s": "ВРЪЩА", "p": [183] },
	{ "s": "ВРЯЛА", "p": [141] },
	{ "s": "ВСЕ", "p": [183, 191, 185, 202, 197, 169, 192, 98, 20, 208, 199, 198, 195, 194, 190, 189, 188, 186, 166, 148, 128, 116, 101, 99, 47, 5] },
	{ "s": "ВСЕВЪЗМОЖНИ", "p": [194, 192] },
	{ "s": "ВСЕКА", "p": [168] },
	{ "s": "ВСЕКИ", "p": [191, 183, 193, 33, 194, 186, 195, 202, 201, 200, 198, 197, 188, 122, 112, 24, 1, 208, 205, 204, 192, 190, 189, 185, 181, 143, 141, 137, 126, 116, 106, 99, 98, 88, 71, 68, 56, 38, 27, 22, 15, 10, 8, 6, 3] },
	{ "s": "ВСЕЛЕНА", "p": [76, 30] },
	{ "s": "ВСЕЛЕНАТА", "p": [109, 23] },
	{ "s": "ВСЕЛЕНИ", "p": [119, 12] },
	{ "s": "ВСЕЛЕНСКИ", "p": [184] },
	{ "s": "ВСЕМИРА", "p": [23] },
	{ "s": "ВСИЧКАТА", "p": [183] },
	{ "s": "ВСИЧКИ", "p": [191, 192, 201, 197, 193, 186, 183, 150, 208, 204, 202, 194, 189, 181, 128, 108, 90, 76, 66, 30, 26, 12, 1] },
	{ "s": "ВСИЧКИТЕ", "p": [207, 150, 183, 208, 202, 201, 194, 192, 188, 176, 100, 96, 81, 45, 22, 16, 8] },
	{ "s": "ВСИЧКО", "p": [183, 192, 185, 208, 207, 202, 191, 205, 194, 193, 140, 206, 204, 199, 198, 188, 186, 154, 134, 126, 107, 103, 96, 92, 69, 67, 65, 32, 31, 15] },
	{ "s": "ВСИЧКОТО", "p": [183, 193, 192, 157, 150, 145, 74, 30, 11, 3] },
	{ "s": "ВСЛУША", "p": [193] },
	{ "s": "ВСМУКВАШ", "p": [185] },
	{ "s": "ВСМУКНИ", "p": [185] },
	{ "s": "ВСЪЩНОСТ", "p": [183, 205, 202, 201, 198, 197, 191, 188, 172, 145, 140, 33, 14] },
	{ "s": "ВСЯКА", "p": [191, 192, 150, 183, 38, 202, 201, 200, 193, 184, 177, 143, 104, 101, 93, 80, 68, 33, 16, 14] },
	{ "s": "ВСЯКАКВА", "p": [191] },
	{ "s": "ВСЯКАКВИ", "p": [191, 188] },
	{ "s": "ВСЯКАКЪВ", "p": [185, 183] },
	{ "s": "ВСЯКО", "p": [192, 188, 184, 183, 199, 143, 76, 38, 33] },
	{ "s": "ВСЯКОГА", "p": [185] },
	{ "s": "ВТЕЧНЕНИТЕ", "p": [135] },
	{ "s": "ВТОРА", "p": [200] },
	{ "s": "ВТОРАТА", "p": [200] },
	{ "s": "ВТОРИТЕ", "p": [33] },
	{ "s": "ВТОРИЧНИ", "p": [192] },
	{ "s": "ВТОРИЯ", "p": [191] },
	{ "s": "ВТОРНИК", "p": [90] },
	{ "s": "ВТОРО", "p": [183, 199] },
	{ "s": "ВТОРОТО", "p": [183] },
	{ "s": "ВТРЕНЧЕН", "p": [185] },
	{ "s": "ВТРЕЩИХ", "p": [198, 192] },
	{ "s": "ВТРИВАМ", "p": [183] },
	{ "s": "ВТЪКАНИ", "p": [57] },
	{ "s": "ВТЪКНЕШ", "p": [46] },
	{ "s": "ВТЪЛПЕНА", "p": [43] },
	{ "s": "ВТЪЛПЕНОТО", "p": [100] },
	{ "s": "ВУЛГАРИЯ", "p": [193] },
	{ "s": "ВУЛГАРНОСТ", "p": [199] },
	{ "s": "ВХОДЪТ", "p": [192] },
	{ "s": "ВЦЕПЕНЕНИТЕ", "p": [166] },
	{ "s": "ВЧЕРА", "p": [105, 104] },
	{ "s": "ВЧЕРАШНА", "p": [189] },
	{ "s": "ВЧЕРАШНО", "p": [183] },
	{ "s": "ВЪВ", "p": [183, 207, 208, 199, 186, 185, 184, 121, 67, 10, 206, 180, 157, 144, 137, 134, 100, 71, 64, 61, 56, 45, 6, 205, 191, 174, 171, 159, 158, 133, 129, 128, 126, 124, 118, 111, 104, 99, 87, 83, 80, 69, 66, 62, 60, 54, 53, 46, 42, 41, 37, 24, 18, 4, 202, 198, 195, 193, 192, 188, 181, 178, 173, 168, 161, 160, 155, 153, 150, 148, 147, 145, 141, 139, 127, 119, 110, 109, 105, 103, 94, 89, 88, 86, 84, 77, 68, 65, 57, 55, 48, 40, 38, 33, 31, 30, 29, 26, 23, 22, 15, 13, 12, 11, 9, 3] },
	{ "s": "ВЪВЕДЕ", "p": [37] },
	{ "s": "ВЪВЕЖДАНЕТО", "p": [33] },
	{ "s": "ВЪВЛЕЧЕНИ", "p": [191] },
	{ "s": "ВЪВЛИЧАШ", "p": [146] },
	{ "s": "ВЪВЛЯКОХА", "p": [27] },
	{ "s": "ВЪГЛЕН", "p": [185] },
	{ "s": "ВЪГЛЕНИ", "p": [30] },
	{ "s": "ВЪДИЦА", "p": [192] },
	{ "s": "ВЪЗ", "p": [188, 186] },
	{ "s": "ВЪЗБУДА", "p": [44] },
	{ "s": "ВЪЗБУДЕН", "p": [61] },
	{ "s": "ВЪЗБУЖДАЛО", "p": [198] },
	{ "s": "ВЪЗБУЖДАНЕ", "p": [185] },
	{ "s": "ВЪЗБУЖДАТЕ", "p": [198] },
	{ "s": "ВЪЗБУЖДАЩИ", "p": [77] },
	{ "s": "ВЪЗБУЖДАЩО", "p": [164] },
	{ "s": "ВЪЗДИШКА", "p": [185, 170] },
	{ "s": "ВЪЗДИШКИ", "p": [200, 193] },
	{ "s": "ВЪЗДУХ", "p": [191, 184] },
	{ "s": "ВЪЗДУШНИ", "p": [191, 125] },
	{ "s": "ВЪЗДЪРЖАНЕ", "p": [184] },
	{ "s": "ВЪЗДЪХНА", "p": [197] },
	{ "s": "ВЪЗДЪХНАХ", "p": [194] },
	{ "s": "ВЪЗЕЛ", "p": [33] },
	{ "s": "ВЪЗКЛИКВАШ", "p": [186] },
	{ "s": "ВЪЗКРЕСЕНИЕ", "p": [26] },
	{ "s": "ВЪЗКРЕСЕНИЕТО", "p": [15] },
	{ "s": "ВЪЗКРЪСВАТ", "p": [183] },
	{ "s": "ВЪЗКРЪСНАТИ", "p": [183] },
	{ "s": "ВЪЗКРЪСНАХА", "p": [58] },
	{ "s": "ВЪЗКРЪСНЕ", "p": [142] },
	{ "s": "ВЪЗЛЕСТАТА", "p": [9] },
	{ "s": "ВЪЗМОЖНО", "p": [194, 193, 192, 1] },
	{ "s": "ВЪЗМОЖНОСТ", "p": [201] },
	{ "s": "ВЪЗМОЖНОСТТА", "p": [193, 189] },
	{ "s": "ВЪЗНЕСЕНИЯ", "p": [46] },
	{ "s": "ВЪЗНИКНАЛИ", "p": [200] },
	{ "s": "ВЪЗНИКНАХА", "p": [201, 200] },
	{ "s": "ВЪЗПИРА", "p": [201] },
	{ "s": "ВЪЗПИТАВАЛ", "p": [193] },
	{ "s": "ВЪЗПИТАН", "p": [198] },
	{ "s": "ВЪЗПИТАНИЕ", "p": [194, 193, 191] },
	{ "s": "ВЪЗПИТАТЕЛНО", "p": [27] },
	{ "s": "ВЪЗПОЛЗВАЙ", "p": [123] },
	{ "s": "ВЪЗПРИЕМЕ", "p": [192] },
	{ "s": "ВЪЗПРИЯТИЯ", "p": [184, 30] },
	{ "s": "ВЪЗПРОТИВИ", "p": [201] },
	{ "s": "ВЪЗПРЯ", "p": [193] },
	{ "s": "ВЪЗРАЖДА", "p": [183] },
	{ "s": "ВЪЗРАЖДАТ", "p": [24] },
	{ "s": "ВЪЗРАЗИХ", "p": [56] },
	{ "s": "ВЪЗРАСТЕН", "p": [103] },
	{ "s": "ВЪЗРАСТОВАТА", "p": [191] },
	{ "s": "ВЪЗРАСТОВИ", "p": [193] },
	{ "s": "ВЪЗРАСТТА", "p": [192] },
	{ "s": "ВЪЗРОДИ", "p": [193] },
	{ "s": "ВЪЗСОЛЕНИЧЪК", "p": [200] },
	{ "s": "ВЪЗСТАНОВЕНАТА", "p": [202] },
	{ "s": "ВЪЗТОРГ", "p": [192] },
	{ "s": "ВЪЗТОРЖЕНО", "p": [192] },
	{ "s": "ВЪЗХИТА", "p": [73, 44] },
	{ "s": "ВЪЗХИЩАВАМ", "p": [199] },
	{ "s": "ВЪЛНА", "p": [183, 139, 93, 92, 48, 30] },
	{ "s": "ВЪЛНЕНИЕ", "p": [94, 41] },
	{ "s": "ВЪЛНИ", "p": [205] },
	{ "s": "ВЪЛНИТЕ", "p": [201] },
	{ "s": "ВЪЛНУВА", "p": [188] },
	{ "s": "ВЪЛНУВАТ", "p": [191] },
	{ "s": "ВЪЛНУВАШЕ", "p": [200] },
	{ "s": "ВЪЛЧИШ", "p": [183] },
	{ "s": "ВЪЛШЕБНАТА", "p": [126] },
	{ "s": "ВЪНШНИ", "p": [190] },
	{ "s": "ВЪОБРАЖЕНИЕ", "p": [192] },
	{ "s": "ВЪОБРАЗИЛ", "p": [193] },
	{ "s": "ВЪОБРАЗЯВАЙТЕ", "p": [186] },
	{ "s": "ВЪОБРАЗЯВАМЕ", "p": [198] },
	{ "s": "ВЪОБРАЗЯВАШЕ", "p": [202] },
	{ "s": "ВЪОБЩЕ", "p": [183, 202] },
	{ "s": "ВЪПРЕКИ", "p": [202, 191, 201, 193, 192, 29] },
	{ "s": "ВЪПРОС", "p": [22, 199, 192, 190, 188] },
	{ "s": "ВЪПРОСА", "p": [194, 191, 190] },
	{ "s": "ВЪПРОСИ", "p": [28] },
	{ "s": "ВЪПРОСИТЕ", "p": [24] },
	{ "s": "ВЪПРОСИТЕЛНО", "p": [146] },
	{ "s": "ВЪПРОСНИЯ", "p": [189] },
	{ "s": "ВЪПРОСЪТ", "p": [188, 5] },
	{ "s": "ВЪРБА", "p": [117, 116, 115, 114] },
	{ "s": "ВЪРБИТЕ", "p": [102] },
	{ "s": "ВЪРВЕШЕ", "p": [202, 201] },
	{ "s": "ВЪРВИ", "p": [183, 41] },
	{ "s": "ВЪРВИМ", "p": [146, 186, 183] },
	{ "s": "ВЪРВИШ", "p": [188] },
	{ "s": "ВЪРВЯ", "p": [194] },
	{ "s": "ВЪРВЯХ", "p": [206] },
	{ "s": "ВЪРГАЛЯХ", "p": [60] },
	{ "s": "ВЪРЗОПИ", "p": [56] },
	{ "s": "ВЪРКОЛАК", "p": [183] },
	{ "s": "ВЪРЛУВА", "p": [15] },
	{ "s": "ВЪРНА", "p": [206, 192, 80] },
	{ "s": "ВЪРНАХА", "p": [201] },
	{ "s": "ВЪРНЕ", "p": [184] },
	{ "s": "ВЪРНЕШ", "p": [204] },
	{ "s": "ВЪРТЕНЕ", "p": [204, 31] },
	{ "s": "ВЪРТИ", "p": [201, 192, 17] },
	{ "s": "ВЪРТЯ", "p": [183] },
	{ "s": "ВЪРТЯТ", "p": [118] },
	{ "s": "ВЪРХА", "p": [183, 201] },
	{ "s": "ВЪРХОВНИЯ", "p": [148] },
	{ "s": "ВЪРХУ", "p": [193, 192, 201, 198, 194, 191, 188, 183, 147, 102, 32, 1] },
	{ "s": "ВЪРША", "p": [96] },
	{ "s": "ВЪТРЕ", "p": [183, 206, 194, 184, 144, 139, 138] },
	{ "s": "ВЪТРЕШНАТА", "p": [200] },
	{ "s": "ВЪТРЕШНО", "p": [183, 150, 145, 140] },
	{ "s": "ВЪТРЕШНОСТОМАШНА", "p": [200] },
	{ "s": "ВЯЛ", "p": [111] },
	{ "s": "ВЯРА", "p": [183, 7, 112, 191, 189, 118, 106, 98] },
	{ "s": "ВЯРАТА", "p": [195, 191, 104, 100] },
	{ "s": "ВЯРВАМ", "p": [204, 194, 188, 183, 147] },
	{ "s": "ВЯРВАМЕ", "p": [122, 100] },
	{ "s": "ВЯРВАНЕ", "p": [192] },
	{ "s": "ВЯРВАТ", "p": [44] },
	{ "s": "ВЯРВАХ", "p": [147, 103] },
	{ "s": "ВЯРВАШ", "p": [191, 134] },
	{ "s": "ВЯРВАШЕ", "p": [193, 99, 53] },
	{ "s": "ВЯТЪР", "p": [89, 109, 102, 93, 53] },
	{ "s": "ВЯТЪРА", "p": [207, 205, 192, 103, 100] },
	{ "s": "ВЯТЪРЪТ", "p": [193, 9] }
]