[
	{ "s": "ЦАПА", "p": [195] },
	{ "s": "ЦАРСКА", "p": [191] },
	{ "s": "ЦАРСТВО", "p": [200, 197, 87] },
	{ "s": "ЦАРУВАТ", "p": [188] },
	{ "s": "ЦАРЯТ", "p": [192, 189] },
	{ "s": "ЦВЕТА", "p": [128] },
	{ "s": "ЦВЕТЕ", "p": [175, 85, 84, 72] },
	{ "s": "ЦВЕТЕНЦА", "p": [58] },
	{ "s": "ЦВЕТОВЕ", "p": [201, 185] },
	{ "s": "ЦВЕТОВЕТЕ", "p": [194, 102] },
	{ "s": "ЦВЕТЧЕ", "p": [171, 81] },
	{ "s": "ЦВЕТЯ", "p": [185, 102, 83] },
	{ "s": "ЦВЕТЯТА", "p": [169] },
	{ "s": "ЦВЯТ", "p": [193, 141, 129, 120] },
	{ "s": "ЦЕВ", "p": [171, 53] },
	{ "s": "ЦЕЛ", "p": [192, 193, 191, 168, 148, 101, 19, 6] },
	{ "s": "ЦЕЛАТА", "p": [183] },
	{ "s": "ЦЕЛЕНАСОЧЕНО", "p": [191] },
	{ "s": "ЦЕЛЕШЕ", "p": [48] },
	{ "s": "ЦЕЛИ", "p": [191, 200, 192, 190] },
	{ "s": "ЦЕЛИТЕ", "p": [195, 159] },
	{ "s": "ЦЕЛИШ", "p": [28] },
	{ "s": "ЦЕЛИЯ", "p": [185, 57] },
	{ "s": "ЦЕЛИЯТ", "p": [183, 148] },
	{ "s": "ЦЕЛОСТТА", "p": [189] },
	{ "s": "ЦЕЛОФАН", "p": [163] },
	{ "s": "ЦЕЛУВАМ", "p": [121, 90, 63, 54] },
	{ "s": "ЦЕЛУВАНЕ", "p": [129] },
	{ "s": "ЦЕЛУВАНИ", "p": [185] },
	{ "s": "ЦЕЛУВАХ", "p": [60] },
	{ "s": "ЦЕЛУВАШ", "p": [191, 16] },
	{ "s": "ЦЕЛУВАЩИ", "p": [109] },
	{ "s": "ЦЕЛУВКА", "p": [175, 170, 148, 147, 89, 80] },
	{ "s": "ЦЕЛУВКАТА", "p": [185, 71] },
	{ "s": "ЦЕЛУВКИ", "p": [160, 145, 118, 48] },
	{ "s": "ЦЕЛУВКИТЕ", "p": [125] },
	{ "s": "ЦЕЛУНА", "p": [139] },
	{ "s": "ЦЕЛУНАХ", "p": [185, 139, 90, 75] },
	{ "s": "ЦЕНА", "p": [191, 183, 89] },
	{ "s": "ЦЕНАТА", "p": [201, 194] },
	{ "s": "ЦЕНИ", "p": [191] },
	{ "s": "ЦЕНИТЕ", "p": [191] },
	{ "s": "ЦЕННИ", "p": [193] },
	{ "s": "ЦЕННИТЕ", "p": [201, 193] },
	{ "s": "ЦЕННО", "p": [37] },
	{ "s": "ЦЕННОСТ", "p": [188, 145] },
	{ "s": "ЦЕННОСТИ", "p": [195, 193, 188, 104, 45] },
	{ "s": "ЦЕНТРОБЕЖНО", "p": [106] },
	{ "s": "ЦЕНТРОВЕ", "p": [191] },
	{ "s": "ЦЕНТЪРА", "p": [189] },
	{ "s": "ЦЕПНАТИНА", "p": [116] },
	{ "s": "ЦИГАНЕ", "p": [104] },
	{ "s": "ЦИГАНИ", "p": [191] },
	{ "s": "ЦИГАНИНА", "p": [191] },
	{ "s": "ЦИГАНИТЕ", "p": [188] },
	{ "s": "ЦИГАНКА", "p": [194] },
	{ "s": "ЦИГАНСКИТЕ", "p": [191] },
	{ "s": "ЦИГАНСКО", "p": [188, 89] },
	{ "s": "ЦИГАРА", "p": [185] },
	{ "s": "ЦИГАРИ", "p": [198] },
	{ "s": "ЦИГУЛАРКА", "p": [57] },
	{ "s": "ЦИГУЛКАТА", "p": [57] },
	{ "s": "ЦИКЛИ", "p": [183] },
	{ "s": "ЦИКЛИЧНОСТ", "p": [192, 183, 11] },
	{ "s": "ЦИКЪЛ", "p": [113, 192, 176] },
	{ "s": "ЦИКЪЛА", "p": [192] },
	{ "s": "ЦИКЪЛЪТ", "p": [192] },
	{ "s": "ЦИНИЗЪМ", "p": [189] },
	{ "s": "ЦИНИЧНО", "p": [189] },
	{ "s": "ЦИНИЧНОТО", "p": [190] },
	{ "s": "ЦИПЕСТИ", "p": [44] },
	{ "s": "ЦИРКУЛИРАМ", "p": [194] },
	{ "s": "ЦИРОЗА", "p": [201] },
	{ "s": "ЦИТАТ", "p": [191] },
	{ "s": "ЦИТАТИ", "p": [1] },
	{ "s": "ЦИТАТИТЕ", "p": [1] },
	{ "s": "ЦИТИРАШ", "p": [39] },
	{ "s": "ЦИФРА", "p": [202] },
	{ "s": "ЦИФРЕНИ", "p": [191] },
	{ "s": "ЦИФРЕНО", "p": [193] },
	{ "s": "ЦСКА", "p": [194] },
	{ "s": "ЦУНИ", "p": [183] },
	{ "s": "ЦУНИ-ГУНИ", "p": [183] },
	{ "s": "ЦУПЕНЕ", "p": [44] },
	{ "s": "ЦУПИ", "p": [183, 166] },
	{ "s": "ЦЪКАНЕ", "p": [194] },
	{ "s": "ЦЪКАШЕ", "p": [193] },
	{ "s": "ЦЪКНИ", "p": [121] },
	{ "s": "ЦЪРКВА", "p": [183, 147, 139] },
	{ "s": "ЦЪРКВИ", "p": [45] },
	{ "s": "ЦЪРКОВНО", "p": [148] },
	{ "s": "ЦЪРКОВНО-ГРОЗНА", "p": [148] },
	{ "s": "ЦЪФНАЛИ", "p": [185] },
	{ "s": "ЦЪФНАХ", "p": [147] },
	{ "s": "ЦЪФНЕ", "p": [183] },
	{ "s": "ЦЪФТЕШЕ", "p": [204] },
	{ "s": "ЦЪФТЯЩ", "p": [201] },
	{ "s": "ЦЪФТЯЩИ", "p": [20] },
	{ "s": "ЦЯЛ", "p": [29, 188, 183, 202, 199, 195, 192, 186] },
	{ "s": "ЦЯЛА", "p": [192, 183] },
	{ "s": "ЦЯЛАТА", "p": [208, 199, 198, 194, 192, 191, 189, 183, 174, 142, 111] },
	{ "s": "ЦЯЛО", "p": [200, 194, 49] },
	{ "s": "ЦЯЛОСТНАТА", "p": [202, 133] },
	{ "s": "ЦЯЛОСТНИ", "p": [1] },
	{ "s": "ЦЯЛОСТНИЯ", "p": [194] },
	{ "s": "ЦЯЛОСТНОТО", "p": [1] },
	{ "s": "ЦЯЛОТО", "p": [201, 194, 188, 61] }
]