[
	{ "s": "PACKAGE", "p": [206] },
	{ "s": "PAIN", "p": [209, 208] },
	{ "s": "PAS", "p": [204] },
	{ "s": "PASS", "p": [207] },
	{ "s": "PASSING", "p": [205] },
	{ "s": "PAVE", "p": [209] },
	{ "s": "PAVEMENTS", "p": [209] },
	{ "s": "PAY", "p": [208] },
	{ "s": "PEEL", "p": [208] },
	{ "s": "PENETRATION", "p": [195] },
	{ "s": "PERSONAL", "p": [1] },
	{ "s": "PIECES", "p": [209] },
	{ "s": "PINCH", "p": [208] },
	{ "s": "PINK", "p": [205, 146] },
	{ "s": "PLACE", "p": [209] },
	{ "s": "PLANS", "p": [209] },
	{ "s": "POET", "p": [1] },
	{ "s": "POETRY", "p": [209, 62, 1] },
	{ "s": "POINTY", "p": [208] },
	{ "s": "POISONED", "p": [208] },
	{ "s": "PORTIONS", "p": [209] },
	{ "s": "POST", "p": [18] },
	{ "s": "POTIONS", "p": [209] },
	{ "s": "PR", "p": [192] },
	{ "s": "PRAY", "p": [208] },
	{ "s": "PRAYERS", "p": [209] },
	{ "s": "PRIDE", "p": [209] },
	{ "s": "PRIESTS", "p": [209] },
	{ "s": "PRODUCTS", "p": [192] }
]