[
	{ "s": "М", "p": [189] },
	{ "s": "МА", "p": [168, 202, 201, 198, 188] },
	{ "s": "МА-АЛКИ", "p": [201] },
	{ "s": "МАВРОДИНОВА", "p": [87] },
	{ "s": "МАГАЗИН", "p": [188] },
	{ "s": "МАГАРЕ", "p": [132] },
	{ "s": "МАГЕСНИК", "p": [121] },
	{ "s": "МАГИЯ", "p": [194, 75] },
	{ "s": "МАЕНЕ", "p": [77, 16] },
	{ "s": "МАЗГАЗИНА", "p": [183] },
	{ "s": "МАЗЕН", "p": [29] },
	{ "s": "МАЗНО", "p": [185] },
	{ "s": "МАЗОВИ", "p": [76] },
	{ "s": "МАЗОЛЕСТ", "p": [202] },
	{ "s": "МАЗОХИСТИЧНО", "p": [183] },
	{ "s": "МАЙ", "p": [202, 204, 194, 183, 148, 126] },
	{ "s": "МАЙКА", "p": [191, 98, 201, 193, 120, 104] },
	{ "s": "МАЙКА-КЪРМАЧКА", "p": [104] },
	{ "s": "МАЙКАТА", "p": [191, 183, 171] },
	{ "s": "МАЙКИ", "p": [191] },
	{ "s": "МАЙНАТА", "p": [191] },
	{ "s": "МАЙСТОРСТВОТО", "p": [197] },
	{ "s": "МАЙЧИНО", "p": [98] },
	{ "s": "МАКАР", "p": [202, 185, 201, 192, 186, 157, 141, 95, 90] },
	{ "s": "МАКДОНАЛД", "p": [188, 183] },
	{ "s": "МАКДОНАЛД'С", "p": [183] },
	{ "s": "МАКДОНАЛД’С", "p": [188] },
	{ "s": "МАЛАМАШКАТА", "p": [185] },
	{ "s": "МАЛЕ", "p": [198, 195] },
	{ "s": "МАЛЕЕ", "p": [199] },
	{ "s": "МАЛКА", "p": [82, 186, 183, 18, 202, 201, 193, 192, 25] },
	{ "s": "МАЛКАТА", "p": [192, 186, 82] },
	{ "s": "МАЛКИ", "p": [183, 191, 189] },
	{ "s": "МАЛКИЯ", "p": [183] },
	{ "s": "МАЛКО", "p": [193, 192, 189, 183, 145, 128, 202, 200, 198, 191, 149, 141, 98, 94, 37, 26, 15, 5] },
	{ "s": "МАЛКОТО", "p": [193, 98] },
	{ "s": "МАЛОВАЖЕН", "p": [14] },
	{ "s": "МАЛОВАЖНИ", "p": [202] },
	{ "s": "МАЛОВАЖНИТЕ", "p": [201] },
	{ "s": "МАЛЦИНАТА", "p": [183] },
	{ "s": "МАЛЦИНСТВА", "p": [189] },
	{ "s": "МАЛЦИНСТВО", "p": [189] },
	{ "s": "МАЛЪК", "p": [201, 192, 147, 95, 26] },
	{ "s": "МАМИМ", "p": [188] },
	{ "s": "МАМИМЕ", "p": [122] },
	{ "s": "МАМКА", "p": [198, 199, 191] },
	{ "s": "МАМЯТ", "p": [188] },
	{ "s": "МАНЕВРА", "p": [194] },
	{ "s": "МАНЕКЕНСКИ", "p": [202] },
	{ "s": "МАНИКЮР", "p": [192] },
	{ "s": "МАНИЯ", "p": [186, 161] },
	{ "s": "МАРИАНСКАТА", "p": [200] },
	{ "s": "МАРИХУАНА", "p": [202] },
	{ "s": "МАРИЯ", "p": [118] },
	{ "s": "МАРКЕТИ", "p": [183] },
	{ "s": "МАРКЕТИНГ", "p": [188] },
	{ "s": "МАРКИРАНЕ", "p": [183] },
	{ "s": "МАРЛЯ", "p": [191] },
	{ "s": "МАРОДЕРСКИ", "p": [144] },
	{ "s": "МАРТ", "p": [10] },
	{ "s": "МАРШ", "p": [20] },
	{ "s": "МАРШРУТ", "p": [194] },
	{ "s": "МАРШРУТИТЕ", "p": [192] },
	{ "s": "МАРШРУТКА", "p": [194] },
	{ "s": "МАСА", "p": [202, 188, 186] },
	{ "s": "МАСАТА", "p": [191] },
	{ "s": "МАСИВ", "p": [183] },
	{ "s": "МАСКА", "p": [51, 167, 84] },
	{ "s": "МАСКАТА", "p": [193, 192, 84, 32] },
	{ "s": "МАСКИ", "p": [183] },
	{ "s": "МАСКИТЕ", "p": [183, 123, 60, 45] },
	{ "s": "МАСЛЕНИ", "p": [188] },
	{ "s": "МАСЛО", "p": [202, 141] },
	{ "s": "МАСОВ", "p": [188] },
	{ "s": "МАСОВА", "p": [103] },
	{ "s": "МАСОВО", "p": [188, 193] },
	{ "s": "МАСОВОТО", "p": [202] },
	{ "s": "МАСТИКА", "p": [184] },
	{ "s": "МАСТИЛО", "p": [73] },
	{ "s": "МАСТИЛОТО", "p": [183] },
	{ "s": "МАСТИТИ", "p": [188] },
	{ "s": "МАСТУРБИРАМ", "p": [183] },
	{ "s": "МАСУРА", "p": [202] },
	{ "s": "МАТЕРИАЛ", "p": [195, 192, 191] },
	{ "s": "МАТЕРИАЛА", "p": [198] },
	{ "s": "МАТЕРИАЛИ", "p": [191] },
	{ "s": "МАТЕРИАЛИ/СВИДЕТЕЛИ/ПОТЪРПЕВШИ", "p": [191] },
	{ "s": "МАТЕРИЯ", "p": [185] },
	{ "s": "МАТРАКА", "p": [198] },
	{ "s": "МАТРИЦАТА", "p": [18] },
	{ "s": "МАФИЯ", "p": [191] },
	{ "s": "МАХВА", "p": [99] },
	{ "s": "МАХЛЕНСКА", "p": [193] },
	{ "s": "МАХМУРLOOK", "p": [183] },
	{ "s": "МАХНА", "p": [15] },
	{ "s": "МАХНАХ", "p": [194] },
	{ "s": "МАЦОТЕШЕ", "p": [201] },
	{ "s": "МАЧ", "p": [194] },
	{ "s": "МАЧОВЕ", "p": [191] },
	{ "s": "МАШИНА", "p": [192] },
	{ "s": "МАШИНАТА", "p": [192] },
	{ "s": "МАШИНИ", "p": [192] },
	{ "s": "МАШИНИТЕ", "p": [76] },
	{ "s": "МАШИННИ", "p": [107] },
	{ "s": "МАЩАБ", "p": [26] },
	{ "s": "МАЩАБИТЕ", "p": [188] },
	{ "s": "МАЩАБНА", "p": [188] },
	{ "s": "МАЩЕХА", "p": [183, 120] },
	{ "s": "МАЯ", "p": [188] },
	{ "s": "МВР", "p": [190] },
	{ "s": "МЕ", "p": [183, 199, 185, 166, 188, 186, 56, 49, 48, 76, 198, 184, 52, 46, 36, 194, 172, 146, 139, 83, 33, 16, 13, 208, 128, 121, 96, 80, 73, 45, 39, 27, 26, 14, 11, 10, 205, 195, 191, 178, 167, 136, 135, 123, 95, 89, 84, 81, 69, 67, 60, 58, 53, 40, 28, 25, 24, 19, 17, 7, 5] },
	{ "s": "МЕД", "p": [202] },
	{ "s": "МЕДИИТЕ", "p": [190] },
	{ "s": "МЕДИЙНА", "p": [190] },
	{ "s": "МЕДИЙНИЯ", "p": [189] },
	{ "s": "МЕДУЗА", "p": [193] },
	{ "s": "МЕЖДУ", "p": [39, 202, 183, 201, 194, 192, 184, 48] },
	{ "s": "МЕЖДУНАРОДНО", "p": [194] },
	{ "s": "МЕЗЕ", "p": [197, 111, 56] },
	{ "s": "МЕЙКЪРИ", "p": [192] },
	{ "s": "МЕЙКЪРИТЕ", "p": [192] },
	{ "s": "МЕЙЛБОКСА", "p": [138] },
	{ "s": "МЕК", "p": [200] },
	{ "s": "МЕКИ", "p": [185] },
	{ "s": "МЕЛАНХОЛИЯ", "p": [186] },
	{ "s": "МЕЛНИЦИ", "p": [100] },
	{ "s": "МЕЛОДИЯ", "p": [183] },
	{ "s": "МЕЛОДИЯТА", "p": [74] },
	{ "s": "МЕН", "p": [183, 28, 204, 89, 198, 186, 178, 141, 94, 56, 43, 42, 208, 206, 199, 193, 184, 174, 173, 172, 138, 136, 108, 104, 90, 72, 52, 38, 37, 36, 30, 24, 17, 16, 15, 13, 11, 10, 7] },
	{ "s": "МЕНА", "p": [200] },
	{ "s": "МЕНАЖИРАТ", "p": [190] },
	{ "s": "МЕНГЕМЕ", "p": [33] },
	{ "s": "МЕНЕ", "p": [183, 139, 56, 10, 93, 27, 24, 21, 204, 186, 150, 77, 49, 44, 30, 18, 15] },
	{ "s": "МЕНСТР", "p": [183] },
	{ "s": "МЕНСТР'АЛНА", "p": [183] },
	{ "s": "МЕНСТРУАЦИЯ", "p": [192] },
	{ "s": "МЕНСЪН", "p": [208] },
	{ "s": "МЕНТЕ", "p": [84] },
	{ "s": "МЕНТЕТАТА", "p": [161] },
	{ "s": "МЕРАКА", "p": [186] },
	{ "s": "МЕРАЦИ", "p": [192] },
	{ "s": "МЕРИЛИН", "p": [208] },
	{ "s": "МЕРИШ", "p": [31] },
	{ "s": "МЕРКИ", "p": [202, 191, 190] },
	{ "s": "МЕРОПРИЯТИЕ", "p": [202] },
	{ "s": "МЕСАРСКИ", "p": [106] },
	{ "s": "МЕСАРЩИНА", "p": [183] },
	{ "s": "МЕСЕЦ", "p": [191, 194] },
	{ "s": "МЕСЕЦА", "p": [199, 201, 200] },
	{ "s": "МЕСЕЦИ", "p": [192, 202, 199, 98, 16] },
	{ "s": "МЕСИЯ", "p": [183] },
	{ "s": "МЕСИЯТА", "p": [186] },
	{ "s": "МЕСО", "p": [188] },
	{ "s": "МЕСТА", "p": [188, 183] },
	{ "s": "МЕСТОИМЕНИЯ", "p": [134] },
	{ "s": "МЕСТОПРЕСТЪПЛЕНИЕТО", "p": [190] },
	{ "s": "МЕТАБОЛИЗМЕНО", "p": [139] },
	{ "s": "МЕТАЛНИ", "p": [160] },
	{ "s": "МЕТАСТАЗА", "p": [10] },
	{ "s": "МЕТАСТАЗНО", "p": [27] },
	{ "s": "МЕТАФОРИ", "p": [161] },
	{ "s": "МЕТЕЖ", "p": [186] },
	{ "s": "МЕТЕШЕ", "p": [194] },
	{ "s": "МЕТНАХМЕ", "p": [198] },
	{ "s": "МЕТРИ", "p": [191] },
	{ "s": "МЕТРОЛОГИЧНИ", "p": [200] },
	{ "s": "МЕТЪЛ", "p": [198] },
	{ "s": "МЕХАНИЗМЪТ", "p": [192] },
	{ "s": "МЕХАНИЗЪМ", "p": [61, 53] },
	{ "s": "МЕХАНИЧНО", "p": [183] },
	{ "s": "МЕЧ", "p": [112] },
	{ "s": "МЕЧТА", "p": [68, 183, 186, 185, 77, 23, 8] },
	{ "s": "МЕЧТАЕ", "p": [133] },
	{ "s": "МЕЧТАЕХ", "p": [148] },
	{ "s": "МЕЧТАЕШЕ", "p": [202, 201] },
	{ "s": "МЕЧТАНАТА", "p": [186] },
	{ "s": "МЕЧТАНО", "p": [165] },
	{ "s": "МЕЧТАТА", "p": [186, 183] },
	{ "s": "МЕЧТАЯ", "p": [8, 204, 72, 42] },
	{ "s": "МЕЧТИ", "p": [186, 183, 207, 166, 185, 184, 170, 165, 157, 148, 142, 128, 109, 103, 100, 99, 87, 62, 54, 41, 9, 5] },
	{ "s": "МЕЧТИТЕ", "p": [185, 183, 177, 184, 173, 171, 157, 149, 100, 84, 79, 72, 70, 69, 66, 65, 64, 60, 59, 53, 52, 45, 19] },
	{ "s": "МИ", "p": [183, 199, 185, 194, 191, 186, 171, 141, 198, 35, 53, 29, 208, 206, 188, 177, 168, 90, 59, 40, 36, 24, 207, 205, 184, 138, 137, 118, 100, 92, 82, 73, 61, 37, 33, 26, 14, 10, 204, 201, 193, 192, 178, 175, 173, 166, 164, 160, 159, 150, 135, 134, 128, 105, 93, 85, 83, 78, 70, 63, 60, 48, 47, 46, 43, 34, 31, 19, 17, 16, 8] },
	{ "s": "МИГ", "p": [162, 207, 148, 122, 92, 18] },
	{ "s": "МИГА", "p": [162, 80] },
	{ "s": "МИГАР", "p": [183] },
	{ "s": "МИГАЩ", "p": [192] },
	{ "s": "МИГЛИ", "p": [200] },
	{ "s": "МИГОВЕ", "p": [12] },
	{ "s": "МИГЪТ", "p": [162, 207] },
	{ "s": "МИДА", "p": [183] },
	{ "s": "МИЕНЕ", "p": [103] },
	{ "s": "МИЗЕРИЯ", "p": [194] },
	{ "s": "МИКРОВЪЛНОВО", "p": [37] },
	{ "s": "МИКРОН", "p": [68] },
	{ "s": "МИКС", "p": [198, 183] },
	{ "s": "МИЛА", "p": [183] },
	{ "s": "МИЛАТА", "p": [201, 194] },
	{ "s": "МИЛВАМ", "p": [204] },
	{ "s": "МИЛИ", "p": [178, 186] },
	{ "s": "МИЛИАРДНО", "p": [7] },
	{ "s": "МИЛИМЕТЪР", "p": [143] },
	{ "s": "МИЛИОН", "p": [129] },
	{ "s": "МИЛИОНА", "p": [178] },
	{ "s": "МИЛИОНЕРИ", "p": [191] },
	{ "s": "МИЛИОНИ", "p": [197, 188, 183, 104, 12] },
	{ "s": "МИЛИОННО", "p": [74] },
	{ "s": "МИЛИЦИОНЕР", "p": [192] },
	{ "s": "МИЛИЦИОНЕРЩИНАТА", "p": [192] },
	{ "s": "МИЛИЦИЯ", "p": [192] },
	{ "s": "МИЛО", "p": [186, 185, 84] },
	{ "s": "МИЛОСТ", "p": [103, 93] },
	{ "s": "МИЛОСТИНЯ", "p": [117] },
	{ "s": "МИЛУВКАТА", "p": [93] },
	{ "s": "МИЛУВКИ", "p": [160] },
	{ "s": "МИМОЛЕТЕН", "p": [185] },
	{ "s": "МИНА", "p": [194, 201, 195] },
	{ "s": "МИНАВАШ", "p": [89] },
	{ "s": "МИНАЛАТА", "p": [192] },
	{ "s": "МИНАЛИЯ", "p": [191] },
	{ "s": "МИНАЛО", "p": [24, 185, 151] },
	{ "s": "МИНАЛОТО", "p": [184, 126] },
	{ "s": "МИНАТИ", "p": [66] },
	{ "s": "МИНАХ", "p": [194] },
	{ "s": "МИНЕ", "p": [183, 143] },
	{ "s": "МИНИ", "p": [176, 113] },
	{ "s": "МИНИАТЮРИ", "p": [152] },
	{ "s": "МИНИАТЮРНИ", "p": [63] },
	{ "s": "МИНИМАЛНИ", "p": [194] },
	{ "s": "МИНИМАЛНО", "p": [183] },
	{ "s": "МИНИМУМ", "p": [191] },
	{ "s": "МИНИСТРИ", "p": [191] },
	{ "s": "МИНИСТЪР", "p": [194, 191] },
	{ "s": "МИНИСТЪР-ПРЕДСЕДАТЕЛ", "p": [191] },
	{ "s": "МИНОР", "p": [57] },
	{ "s": "МИНУВАЧ", "p": [200, 116] },
	{ "s": "МИНУВАЧКА", "p": [200] },
	{ "s": "МИНУС", "p": [193] },
	{ "s": "МИНУСИ", "p": [107] },
	{ "s": "МИНУТА", "p": [207, 197] },
	{ "s": "МИНУТИ", "p": [194, 199] },
	{ "s": "МИНУТКА", "p": [207, 46] },
	{ "s": "МИНУТНИ", "p": [202] },
	{ "s": "МИОКАРД", "p": [183] },
	{ "s": "МИР", "p": [201, 200, 183] },
	{ "s": "МИРИЗМА", "p": [184] },
	{ "s": "МИРИЗМАТА", "p": [184] },
	{ "s": "МИРИС", "p": [143, 100] },
	{ "s": "МИРИСА", "p": [111] },
	{ "s": "МИРИША", "p": [185] },
	{ "s": "МИРИШЕ", "p": [200, 193] },
	{ "s": "МИРИШЕШЕ", "p": [99] },
	{ "s": "МИРОГЛЕДА", "p": [183] },
	{ "s": "МИСИЯ", "p": [192, 183] },
	{ "s": "МИСЛЕЛ", "p": [194] },
	{ "s": "МИСЛЕНЕ", "p": [183] },
	{ "s": "МИСЛЕХ", "p": [185, 70, 13] },
	{ "s": "МИСЛЕШЕ", "p": [184] },
	{ "s": "МИСЛИ", "p": [107, 33] },
	{ "s": "МИСЛИМ", "p": [183] },
	{ "s": "МИСЛИТЕ", "p": [183] },
	{ "s": "МИСЛИШ", "p": [188, 186, 141] },
	{ "s": "МИСЛЯ", "p": [192, 200, 194, 191, 154] },
	{ "s": "МИСЛЯТ", "p": [191] },
	{ "s": "МИСЪЛ", "p": [27, 201, 192, 93, 29] },
	{ "s": "МИСЪЛТА", "p": [208, 190] },
	{ "s": "МИТА", "p": [87] },
	{ "s": "МИТОВЕ", "p": [90] },
	{ "s": "МИШЕНА", "p": [47] },
	{ "s": "МИШЕНИ", "p": [185] },
	{ "s": "МИШЦИТЕ", "p": [129] },
	{ "s": "МЛАД", "p": [202, 201, 191, 10] },
	{ "s": "МЛАДА", "p": [192] },
	{ "s": "МЛАДАТА", "p": [201, 192, 98] },
	{ "s": "МЛАДЕЖИ", "p": [191] },
	{ "s": "МЛАДИ", "p": [100, 198, 190, 184, 183, 128, 38, 3] },
	{ "s": "МЛАДИТЕ", "p": [191, 190, 193, 192, 186] },
	{ "s": "МЛАДИЯ", "p": [202, 201, 183] },
	{ "s": "МЛАДИЯТ", "p": [202, 201] },
	{ "s": "МЛАДО", "p": [192, 190] },
	{ "s": "МЛАДОЛИК", "p": [63] },
	{ "s": "МЛАДОСТ", "p": [194, 129, 111, 103] },
	{ "s": "МЛАДОСТТА", "p": [171] },
	{ "s": "МЛАДОТО", "p": [192] },
	{ "s": "МЛАТЕХ", "p": [183] },
	{ "s": "МЛАТИ", "p": [27] },
	{ "s": "МЛЕКОПИТАЕЩИ", "p": [183, 11] },
	{ "s": "МЛЕЧНА", "p": [188] },
	{ "s": "МЛЕЧНИ", "p": [188] },
	{ "s": "МЛЪКВАМ", "p": [183] },
	{ "s": "МЛЪКНА", "p": [183] },
	{ "s": "МЛЪКНЕ", "p": [142] },
	{ "s": "МЛЪКНЕШ", "p": [183] },
	{ "s": "МЛЪКНИ", "p": [186] },
	{ "s": "МЛЯКО", "p": [188, 184] },
	{ "s": "МНЕНИЕ", "p": [201, 190, 183] },
	{ "s": "МНИМА", "p": [183] },
	{ "s": "МНОГО", "p": [192, 199, 193, 202, 183, 201, 198, 197, 191, 186, 137, 204, 195, 194, 190, 188, 185, 181, 135, 130, 63, 60, 59, 43, 40, 26, 19, 1] },
	{ "s": "МНОГО-МНОГО", "p": [192] },
	{ "s": "МНОГОКРАТНИ", "p": [197] },
	{ "s": "МНОГОКРАТНО", "p": [190] },
	{ "s": "МНОГОСТРАННА", "p": [193] },
	{ "s": "МНОГОТО", "p": [193] },
	{ "s": "МНОЖА", "p": [86] },
	{ "s": "МНОЖЕСТВО", "p": [183] },
	{ "s": "МНОЖИ", "p": [86] },
	{ "s": "МОБИЛНИЯ", "p": [202] },
	{ "s": "МОБИЛНИЯТ", "p": [188] },
	{ "s": "МОГА", "p": [192, 199, 194, 191, 188, 186, 185, 183, 145, 95, 80, 60] },
	{ "s": "МОГАТ", "p": [191, 190, 188] },
	{ "s": "МОГЛА", "p": [200] },
	{ "s": "МОГЪЛ", "p": [193, 63] },
	{ "s": "МОДЕЛ", "p": [11, 201, 183] },
	{ "s": "МОДЕРНИ", "p": [192, 157] },
	{ "s": "МОДИФИЦИРАН", "p": [135] },
	{ "s": "МОЕ", "p": [185, 188, 183, 145, 94] },
	{ "s": "МОЕТО", "p": [188, 185, 183, 145, 85, 24] },
	{ "s": "МОЖА", "p": [199, 194] },
	{ "s": "МОЖАХ", "p": [206, 198, 194] },
	{ "s": "МОЖЕ", "p": [191, 192, 200, 190, 201, 186, 202, 198, 197, 195, 193, 189, 185, 184, 183, 138, 22, 18] },
	{ "s": "МОЖЕМ", "p": [191] },
	{ "s": "МОЖЕТЕ", "p": [192] },
	{ "s": "МОЖЕХ", "p": [183, 80, 200, 199, 194] },
	{ "s": "МОЖЕШ", "p": [199, 45, 208, 191, 188, 185, 184, 16] },
	{ "s": "МОЖЕШЕ", "p": [197, 201, 199, 194, 190] },
	{ "s": "МОЗЪК", "p": [199] },
	{ "s": "МОЗЪКА", "p": [183] },
	{ "s": "МОЗЪЦИТЕ", "p": [201] },
	{ "s": "МОЗЪЧНИЯ", "p": [202] },
	{ "s": "МОИТЕ", "p": [199, 183, 135, 33, 14] },
	{ "s": "МОЙ", "p": [134, 191] },
	{ "s": "МОЙТА", "p": [183, 10, 141, 52, 34, 22, 4] },
	{ "s": "МОЙТЕ", "p": [183] },
	{ "s": "МОЙТО", "p": [183, 188] },
	{ "s": "МОКРА", "p": [42] },
	{ "s": "МОКРО", "p": [183, 6] },
	{ "s": "МОЛЕКУЛА", "p": [183] },
	{ "s": "МОЛЕНЕ", "p": [50] },
	{ "s": "МОЛЕХ", "p": [191, 183] },
	{ "s": "МОЛЕЦОВО", "p": [160] },
	{ "s": "МОЛЕШЕ", "p": [15] },
	{ "s": "МОЛИ", "p": [208, 193, 183, 111] },
	{ "s": "МОЛИВ", "p": [185] },
	{ "s": "МОЛИТВА", "p": [183] },
	{ "s": "МОЛОВЕ", "p": [191] },
	{ "s": "МОЛЯ", "p": [194, 183, 204, 193, 132, 95, 93, 78, 67, 40, 36, 33, 28, 1] },
	{ "s": "МОМА", "p": [186, 185] },
	{ "s": "МОМАТА", "p": [201] },
	{ "s": "МОМЕНТ", "p": [183, 202, 33] },
	{ "s": "МОМЕНТА", "p": [201, 191, 200, 192, 190, 18] },
	{ "s": "МОМЕНТАЛНО", "p": [192] },
	{ "s": "МОМЕНТИ", "p": [198] },
	{ "s": "МОМЕНТНА", "p": [183] },
	{ "s": "МОМЕНТЪТ", "p": [183, 11] },
	{ "s": "МОМИЧЕ", "p": [190, 192, 135, 10, 194, 183, 164, 134, 104, 72] },
	{ "s": "МОМИЧЕНЦЕ", "p": [63] },
	{ "s": "МОМИЧЕТО", "p": [185, 201, 194, 190, 10] },
	{ "s": "МОМЧЕ", "p": [193, 55, 202, 188, 183] },
	{ "s": "МОМЧЕТА", "p": [7] },
	{ "s": "МОМЧЕТО", "p": [193, 208, 10] },
	{ "s": "МОНА", "p": [9] },
	{ "s": "МОНА-ЛИЗAНА", "p": [9] },
	{ "s": "МОНАХИНЯ", "p": [117] },
	{ "s": "МОНОГАМНА", "p": [200] },
	{ "s": "МОНОГАМНОСТ", "p": [201] },
	{ "s": "МОНОЛИТЕН", "p": [191] },
	{ "s": "МОНОЛИТНИ", "p": [119] },
	{ "s": "МОНОЛОГ", "p": [100, 199] },
	{ "s": "МОНОЛОЖНО", "p": [181] },
	{ "s": "МОНОТОНЕН", "p": [79] },
	{ "s": "МОНУМЕНТ", "p": [189] },
	{ "s": "МОРАЛ", "p": [31] },
	{ "s": "МОРАЛЕН", "p": [188] },
	{ "s": "МОРАЛИ", "p": [112] },
	{ "s": "МОРАЛЪТ", "p": [103] },
	{ "s": "МОРЕ", "p": [207, 183, 202, 201, 191] },
	{ "s": "МОРЕТА", "p": [71] },
	{ "s": "МОРЕТО", "p": [206, 201, 191, 183, 92, 84] },
	{ "s": "МОРНА", "p": [63] },
	{ "s": "МОРСКА", "p": [183] },
	{ "s": "МОРСКИ", "p": [80] },
	{ "s": "МОРФИН", "p": [206] },
	{ "s": "МОСТ", "p": [148] },
	{ "s": "МОСТОВЕ", "p": [107] },
	{ "s": "МОТИВ", "p": [202] },
	{ "s": "МОТИВАЦИЯ", "p": [186] },
	{ "s": "МОТИВИРАНО", "p": [191] },
	{ "s": "МОТОР", "p": [183] },
	{ "s": "МОТОРНО", "p": [184] },
	{ "s": "МОТОРУ", "p": [183] },
	{ "s": "МОТОТО", "p": [188] },
	{ "s": "МОТРИСА", "p": [99] },
	{ "s": "МОШЕНИК", "p": [188] },
	{ "s": "МОЩНИ", "p": [192] },
	{ "s": "МОЩНО", "p": [202] },
	{ "s": "МОЯ", "p": [199, 183, 145, 141, 73] },
	{ "s": "МОЯТ", "p": [183, 199, 198, 194, 147] },
	{ "s": "МОЯТА", "p": [183, 185, 63, 194, 186, 37] },
	{ "s": "МРАВКАТА", "p": [68] },
	{ "s": "МРАВКИТЕ", "p": [208] },
	{ "s": "МРАВУНЯК", "p": [68] },
	{ "s": "МРАЗ", "p": [180] },
	{ "s": "МРАЗЕНЕ", "p": [183, 109] },
	{ "s": "МРАЗЕНЕТО", "p": [37] },
	{ "s": "МРАЗЕНИ", "p": [147, 144] },
	{ "s": "МРАЗЕШЕ", "p": [198] },
	{ "s": "МРАЗЕЩ", "p": [183] },
	{ "s": "МРАЗИ", "p": [25] },
	{ "s": "МРАЗОВИТИ", "p": [78] },
	{ "s": "МРАЗОВИТИЯ", "p": [170] },
	{ "s": "МРАЗЪТ", "p": [27] },
	{ "s": "МРАЗЯ", "p": [186, 199, 198, 42] },
	{ "s": "МРАЗЯТ", "p": [140, 44] },
	{ "s": "МРАК", "p": [183, 208, 142, 126, 117] },
	{ "s": "МРАКА", "p": [208, 183, 87, 57] },
	{ "s": "МРАКЪТ", "p": [10] },
	{ "s": "МРАЧНО", "p": [183, 143] },
	{ "s": "МРАЧНОТО", "p": [186] },
	{ "s": "МРЕЖА", "p": [199] },
	{ "s": "МРЕЖИ", "p": [199, 108, 31] },
	{ "s": "МРЕМ", "p": [195] },
	{ "s": "МРЪВКА", "p": [118] },
	{ "s": "МРЪДНАЛА", "p": [201] },
	{ "s": "МРЪЗНА", "p": [184] },
	{ "s": "МРЪСЕН", "p": [184, 127] },
	{ "s": "МРЪСНА", "p": [183] },
	{ "s": "МРЪСНАТА", "p": [197] },
	{ "s": "МРЪСНИ", "p": [183, 191, 186, 142, 100, 45, 32] },
	{ "s": "МРЪСНИЦА", "p": [201] },
	{ "s": "МРЪСНИЯТ", "p": [191] },
	{ "s": "МРЪСНО", "p": [42, 184, 145, 140, 102, 58] },
	{ "s": "МРЪСОТИИ", "p": [186] },
	{ "s": "МРЪСОТИЯТА", "p": [194] },
	{ "s": "МУ", "p": [202, 193, 201, 183, 197, 188, 198, 192, 111, 33, 200, 195, 191, 134, 6, 199, 190, 154, 139, 127, 63, 1] },
	{ "s": "МУЗА", "p": [183, 141, 131] },
	{ "s": "МУЗИКА", "p": [200, 188, 202, 87, 71, 57] },
	{ "s": "МУЗИКАЛНИ", "p": [200] },
	{ "s": "МУЗИКАТА", "p": [202] },
	{ "s": "МУЛЕТО", "p": [188] },
	{ "s": "МУМИИ", "p": [192] },
	{ "s": "МУМИЯ", "p": [192] },
	{ "s": "МУСКАТИ", "p": [111] },
	{ "s": "МУСКУЛИ", "p": [201] },
	{ "s": "МУСКУЛИТЕ", "p": [208] },
	{ "s": "МУТИРАЛИ", "p": [144] },
	{ "s": "МУТИРАМ", "p": [186] },
	{ "s": "МУТРИТЕ", "p": [195] },
	{ "s": "МУХА", "p": [184] },
	{ "s": "МУХЛЯСАЛИ", "p": [90] },
	{ "s": "МУХЪЛ", "p": [107] },
	{ "s": "МУШКАТО", "p": [183] },
	{ "s": "МЪГЛА", "p": [183, 89] },
	{ "s": "МЪГЛЯВА", "p": [10] },
	{ "s": "МЪГЛЯВО", "p": [110] },
	{ "s": "МЪДРЕЦ", "p": [201] },
	{ "s": "МЪЖ", "p": [190, 186, 201, 200, 199, 192, 185, 183] },
	{ "s": "МЪЖА", "p": [191, 183, 77, 22] },
	{ "s": "МЪЖА-МЕЧТА", "p": [77] },
	{ "s": "МЪЖА/ЖЕНА", "p": [191] },
	{ "s": "МЪЖДУКАШЕ", "p": [6] },
	{ "s": "МЪЖЕ", "p": [202] },
	{ "s": "МЪЖЕТЕ", "p": [199, 192] },
	{ "s": "МЪЖКА", "p": [186] },
	{ "s": "МЪЖКИ", "p": [200, 201, 186, 148] },
	{ "s": "МЪЖКИЯ", "p": [186] },
	{ "s": "МЪЖЪТ", "p": [208, 186, 98, 24] },
	{ "s": "МЪЖЪТ-БАЩАТА", "p": [98] },
	{ "s": "МЪКА", "p": [84, 201, 185, 171, 51] },
	{ "s": "МЪКАТА", "p": [201, 202, 127, 111, 92, 60] },
	{ "s": "МЪКИТЕ", "p": [57] },
	{ "s": "МЪЛНИЯ", "p": [95] },
	{ "s": "МЪЛЧА", "p": [35] },
	{ "s": "МЪЛЧАНИЕ", "p": [189, 99] },
	{ "s": "МЪЛЧАНИЕТО", "p": [188] },
	{ "s": "МЪЛЧЕШЕ", "p": [172] },
	{ "s": "МЪЛЧИ", "p": [17, 9] },
	{ "s": "МЪЛЧИШ", "p": [183, 3] },
	{ "s": "МЪРДАНЕ", "p": [197] },
	{ "s": "МЪРТВА", "p": [158, 208, 184, 183, 139, 118, 65, 38] },
	{ "s": "МЪРТВАТА", "p": [142] },
	{ "s": "МЪРТВИ", "p": [183, 157, 102, 45] },
	{ "s": "МЪРТВИТЕ", "p": [87, 156] },
	{ "s": "МЪРТВО", "p": [184, 160] },
	{ "s": "МЪРТВО-СЪХРАНЯВАЩА", "p": [160] },
	{ "s": "МЪРТВОТО", "p": [184, 128, 94, 41] },
	{ "s": "МЪРТЪВ", "p": [202, 190] },
	{ "s": "МЪРША", "p": [192] },
	{ "s": "МЪСТ", "p": [103] },
	{ "s": "МЪТНО", "p": [184] },
	{ "s": "МЪХЕСТАТА", "p": [183] },
	{ "s": "МЪЧЕНИЕ", "p": [94, 56, 32] },
	{ "s": "МЪЧЕНИЕТО", "p": [124] },
	{ "s": "МЪЧЕНИЯ", "p": [186] },
	{ "s": "МЪЧИТЕЛЕН", "p": [199] },
	{ "s": "МЪЧИТЕЛНА", "p": [192] },
	{ "s": "МЪЧИТЕЛНО", "p": [60] },
	{ "s": "МЬОБИУС", "p": [8] },
	{ "s": "МЮСЮЛМАНСКИ", "p": [189] },
	{ "s": "МЯЗАХ", "p": [194] },
	{ "s": "МЯСТО", "p": [202, 201, 194, 192, 191, 183, 142, 70, 6] },
	{ "s": "МЯСТОТО", "p": [202, 201] }
]