[
	{ "s": "Д", "p": [6] },
	{ "s": "ДА", "p": [183, 191, 202, 192, 186, 193, 199, 194, 201, 188, 185, 200, 198, 189, 184, 190, 197, 204, 24, 22, 150, 103, 43, 69, 146, 52, 18, 205, 195, 159, 40, 32, 208, 95, 80, 73, 56, 44, 27, 149, 147, 138, 137, 119, 106, 100, 63, 60, 49, 45, 39, 14, 3, 178, 157, 156, 145, 127, 126, 112, 101, 98, 90, 74, 70, 59, 57, 47, 38, 17, 15, 13, 1, 206, 181, 168, 155, 154, 144, 142, 141, 140, 136, 135, 134, 123, 121, 107, 105, 87, 72, 58, 46, 29, 28, 26, 11, 8, 176, 174, 172, 167, 160, 158, 152, 133, 122, 118, 115, 111, 109, 104, 102, 99, 93, 92, 91, 84, 83, 82, 68, 67, 66, 65, 64, 62, 61, 55, 54, 53, 42, 37, 34, 33, 31, 23, 20, 19, 16, 7] },
	{ "s": "ДАААА", "p": [199] },
	{ "s": "ДАВА", "p": [193, 188, 184, 111, 80] },
	{ "s": "ДАВАМ", "p": [183] },
	{ "s": "ДАВАМЕ", "p": [101] },
	{ "s": "ДАВАНЕ", "p": [21] },
	{ "s": "ДАВАТ", "p": [133] },
	{ "s": "ДАВАШ", "p": [186, 78] },
	{ "s": "ДАВАШЕ", "p": [202, 111] },
	{ "s": "ДАВЕЩА", "p": [177] },
	{ "s": "ДАВИ", "p": [183, 56, 41] },
	{ "s": "ДАВИМ", "p": [67] },
	{ "s": "ДАВИШ", "p": [184, 183] },
	{ "s": "ДАВЯ", "p": [186, 147] },
	{ "s": "ДАВЯТ", "p": [161, 142, 140] },
	{ "s": "ДАДАТ", "p": [126] },
	{ "s": "ДАДЕ", "p": [199] },
	{ "s": "ДАДЕНОСТ", "p": [184] },
	{ "s": "ДАДОХ", "p": [183] },
	{ "s": "ДАЖБИ", "p": [192] },
	{ "s": "ДАЖЕ", "p": [183, 7, 204, 185, 166, 158, 144, 138, 133, 119, 90, 87, 83, 72, 57, 40, 28, 14] },
	{ "s": "ДАЙ", "p": [198, 104, 100] },
	{ "s": "ДАЛ", "p": [201] },
	{ "s": "ДАЛАВЕРА", "p": [188] },
	{ "s": "ДАЛАВЕРАТА", "p": [188] },
	{ "s": "ДАЛАВЕРИ", "p": [191] },
	{ "s": "ДАЛЕЧ", "p": [199, 195, 202, 201, 200, 190, 72] },
	{ "s": "ДАЛЕЧЕ", "p": [66, 63] },
	{ "s": "ДАЛЕЧЕН", "p": [186, 93] },
	{ "s": "ДАЛЕЧНА", "p": [201] },
	{ "s": "ДАЛЕЧНИ", "p": [205, 199] },
	{ "s": "ДАЛИ", "p": [191, 185, 126, 190, 183, 199, 192, 146, 81, 22, 206, 205, 202, 189, 169, 101, 84, 60, 53, 26, 24, 19] },
	{ "s": "ДАЛНОВИДНО", "p": [202] },
	{ "s": "ДАМ", "p": [206, 198, 183, 154] },
	{ "s": "ДАМА", "p": [192] },
	{ "s": "ДАМГА", "p": [168] },
	{ "s": "ДАМИ", "p": [192, 191] },
	{ "s": "ДАМИТЕ", "p": [202] },
	{ "s": "ДАННИ", "p": [191] },
	{ "s": "ДАНО", "p": [191, 136] },
	{ "s": "ДАНЪК", "p": [161] },
	{ "s": "ДАНЪКОПЛАТЕЦ", "p": [191] },
	{ "s": "ДАНЪКОПЛАТЦИ", "p": [191] },
	{ "s": "ДАНЪЦИ", "p": [188] },
	{ "s": "ДАРА", "p": [106] },
	{ "s": "ДАРБА", "p": [201] },
	{ "s": "ДАРБАТА", "p": [141] },
	{ "s": "ДАРЯВАТ", "p": [192] },
	{ "s": "ДАТА", "p": [189] },
	{ "s": "ДАТАТА", "p": [33] },
	{ "s": "ДАЧИЯ", "p": [188] },
	{ "s": "ДВА", "p": [199, 63, 33, 191, 190, 75] },
	{ "s": "ДВАЖ", "p": [202, 198] },
	{ "s": "ДВАЙСЕТ", "p": [168] },
	{ "s": "ДВАЙСЕТ-НУЛА-СЕДЕМ", "p": [168] },
	{ "s": "ДВАМА", "p": [191, 142, 194, 183, 133, 35, 33, 30, 17, 8, 4] },
	{ "s": "ДВАМАТА", "p": [201, 202, 200, 24, 183] },
	{ "s": "ДВАМИНА", "p": [104] },
	{ "s": "ДВАМИНАТА", "p": [202] },
	{ "s": "ДВАТА", "p": [202, 201, 192, 99] },
	{ "s": "ДВЕ", "p": [183, 11, 94, 201, 199, 198, 194, 191, 188, 185, 184, 178, 148, 127, 33, 12, 7] },
	{ "s": "ДВЕ-ТРИ", "p": [178] },
	{ "s": "ДВЕСТАГОДИШНО", "p": [191] },
	{ "s": "ДВЕТЕ", "p": [200, 74, 53] },
	{ "s": "ДВИЖЕНИЕ", "p": [192, 191] },
	{ "s": "ДВИЖЕНИЕТО", "p": [194] },
	{ "s": "ДВИЖЕНИЯ", "p": [135] },
	{ "s": "ДВИЖЕЩИ", "p": [185] },
	{ "s": "ДВОИЧНИ", "p": [76] },
	{ "s": "ДВОЙНА", "p": [183] },
	{ "s": "ДВОЙНО", "p": [202, 192] },
	{ "s": "ДВОР", "p": [189, 185] },
	{ "s": "ДВУПОЛЮСЕН", "p": [11, 183] },
	{ "s": "ДВУПОСОЧНО", "p": [183, 11] },
	{ "s": "ДВУСТРАННО", "p": [81] },
	{ "s": "ДВУЦИФРЕНО", "p": [193] },
	{ "s": "ДЕ", "p": [192] },
	{ "s": "ДЕБАЛАНСИРА", "p": [202] },
	{ "s": "ДЕБАЛАНСИРАШЕ", "p": [202] },
	{ "s": "ДЕБАТ", "p": [191] },
	{ "s": "ДЕБЕЛАТА", "p": [198, 192] },
	{ "s": "ДЕБЕЛО", "p": [202] },
	{ "s": "ДЕБЕЛОБУЗЕСТА", "p": [202] },
	{ "s": "ДЕБЕЛОБУЗЕСТАТА", "p": [202] },
	{ "s": "ДЕБЕЛОКОЖИЕТО", "p": [199] },
	{ "s": "ДЕБНЕ", "p": [183, 104] },
	{ "s": "ДЕБНЕЩИ", "p": [142] },
	{ "s": "ДЕБРИТЕ", "p": [202] },
	{ "s": "ДЕВИ", "p": [184] },
	{ "s": "ДЕВИ-ЕВИ", "p": [184] },
	{ "s": "ДЕВИЧЕ", "p": [201] },
	{ "s": "ДЕВОЙКАТА", "p": [183] },
	{ "s": "ДЕВОЙЧЕ", "p": [202] },
	{ "s": "ДЕВСТВЕН", "p": [198] },
	{ "s": "ДЕВСТВЕНА", "p": [192] },
	{ "s": "ДЕГРАДАЦИЯ", "p": [202] },
	{ "s": "ДЕГРАДИРАМ", "p": [185] },
	{ "s": "ДЕДАЛ", "p": [90] },
	{ "s": "ДЕЖУРНО", "p": [183] },
	{ "s": "ДЕЙНОСТИ", "p": [207, 202] },
	{ "s": "ДЕЙСТВА", "p": [199] },
	{ "s": "ДЕЙСТВАШ", "p": [186] },
	{ "s": "ДЕЙСТВИЕ", "p": [199] },
	{ "s": "ДЕЙСТВИТЕЛНИ", "p": [200, 193, 192] },
	{ "s": "ДЕЙСТВИТЕЛНО", "p": [191, 185] },
	{ "s": "ДЕЙСТВИТЕЛНОСТ", "p": [202, 198, 190, 183, 177, 159, 96] },
	{ "s": "ДЕЙСТВИЯ", "p": [201] },
	{ "s": "ДЕКА", "p": [183] },
	{ "s": "ДЕКАРА", "p": [191] },
	{ "s": "ДЕКОЛТЕТА", "p": [200] },
	{ "s": "ДЕКОЛТЕТО", "p": [202, 200, 168] },
	{ "s": "ДЕКОРАТИВЕН", "p": [163] },
	{ "s": "ДЕЛА", "p": [183, 147, 112] },
	{ "s": "ДЕЛЕНЕ", "p": [131] },
	{ "s": "ДЕЛЕНИЕТО", "p": [124] },
	{ "s": "ДЕЛИ", "p": [19] },
	{ "s": "ДЕЛИКАТЕН", "p": [192] },
	{ "s": "ДЕЛИКАТЕС", "p": [197] },
	{ "s": "ДЕЛИКАТЕСИ", "p": [201] },
	{ "s": "ДЕЛО", "p": [194] },
	{ "s": "ДЕМЕК", "p": [193, 33] },
	{ "s": "ДЕМОКРАТИЧНА", "p": [191] },
	{ "s": "ДЕМОН", "p": [186, 10] },
	{ "s": "ДЕМОНА", "p": [183] },
	{ "s": "ДЕМОНИ", "p": [183] },
	{ "s": "ДЕМОНСТРАЦИИ", "p": [191] },
	{ "s": "ДЕМОНСТРИРА", "p": [190, 189] },
	{ "s": "ДЕН", "p": [193, 194, 183, 29, 202, 200, 204, 201, 199, 128, 33, 205, 197, 192, 191, 189, 186, 170, 83, 56, 38, 1] },
	{ "s": "ДЕН-ДВА", "p": [33] },
	{ "s": "ДЕНА", "p": [202, 198] },
	{ "s": "ДЕНЯТ", "p": [184, 204, 83, 69] },
	{ "s": "ДЕПРЕСИРА", "p": [202] },
	{ "s": "ДЕПРЕСИРАХТЕ", "p": [185] },
	{ "s": "ДЕПРЕСИЯ", "p": [201, 192, 186, 184, 183, 63] },
	{ "s": "ДЕПУТАТСКИЯ", "p": [191] },
	{ "s": "ДЕРАЙЛИРА", "p": [192] },
	{ "s": "ДЕРАЙЛИРАЛИ", "p": [192] },
	{ "s": "ДЕРЕ", "p": [191, 188] },
	{ "s": "ДЕРЗАЕШЕ", "p": [15] },
	{ "s": "ДЕСЕН", "p": [183] },
	{ "s": "ДЕСЕТ", "p": [200] },
	{ "s": "ДЕСЕТИЛЕТИЯ", "p": [188] },
	{ "s": "ДЕСЕТКИ", "p": [56] },
	{ "s": "ДЕТ", "p": [198, 183] },
	{ "s": "ДЕТ-МЕТЪЛ", "p": [198] },
	{ "s": "ДЕТАЙЛИ", "p": [200] },
	{ "s": "ДЕТАЙЛИТЕ", "p": [200] },
	{ "s": "ДЕТЕ", "p": [188, 183, 186, 171] },
	{ "s": "ДЕТЕКТОР", "p": [191] },
	{ "s": "ДЕТЕТО", "p": [186, 191, 184, 171, 120, 111, 38] },
	{ "s": "ДЕТЕТО-БОГ", "p": [120] },
	{ "s": "ДЕТИНСТВО", "p": [149, 103] },
	{ "s": "ДЕТИНЩИНА", "p": [81] },
	{ "s": "ДЕТО", "p": [186, 183] },
	{ "s": "ДЕТСТВОТО", "p": [188, 186, 160, 98] },
	{ "s": "ДЕФЕКТ", "p": [145] },
	{ "s": "ДЕФЕКТИ", "p": [184] },
	{ "s": "ДЕФЕКТНА", "p": [183] },
	{ "s": "ДЕФИНИЦИИ", "p": [191] },
	{ "s": "ДЕФИНИЦИЯ", "p": [192] },
	{ "s": "ДЕФИЦИТ", "p": [183, 40, 11] },
	{ "s": "ДЕФИЦИТНО", "p": [184] },
	{ "s": "ДЕЦА", "p": [191, 194, 208, 198, 118] },
	{ "s": "ДЕЦАТА", "p": [208, 188, 184, 124, 38] },
	{ "s": "ДЕЧИЦАТА", "p": [186] },
	{ "s": "ДЖАЗ", "p": [200] },
	{ "s": "ДЖАЗМЕНА", "p": [200] },
	{ "s": "ДЖАЗМЕНИТЕ", "p": [200] },
	{ "s": "ДЖАМИЯТА", "p": [189] },
	{ "s": "ДЖИН", "p": [185] },
	{ "s": "ДЖИНА", "p": [185] },
	{ "s": "ДЖИП", "p": [194, 191] },
	{ "s": "ДЖОБА", "p": [202] },
	{ "s": "ДЖОБЕНЕ", "p": [191] },
	{ "s": "ДЖОБИ", "p": [188] },
	{ "s": "ДЖОЙНТ", "p": [191] },
	{ "s": "ДЖОЙНТИ", "p": [202] },
	{ "s": "ДЖУНИЪР", "p": [201] },
	{ "s": "ДЗЕН", "p": [192, 109] },
	{ "s": "ДЗЕН-ПОГОВОРКА", "p": [109] },
	{ "s": "ДИАГНОЗА", "p": [186] },
	{ "s": "ДИАГНОЗПОВЕД", "p": [119] },
	{ "s": "ДИАГНОСТИКА", "p": [200] },
	{ "s": "ДИВА", "p": [185, 149, 148] },
	{ "s": "ДИВЕЧ", "p": [191] },
	{ "s": "ДИВИТЕ", "p": [63] },
	{ "s": "ДИВНА", "p": [30] },
	{ "s": "ДИВОТАТА", "p": [109] },
	{ "s": "ДИГНА", "p": [168] },
	{ "s": "ДИЗАЙН", "p": [1] },
	{ "s": "ДИЛЪРИТЕ", "p": [191] },
	{ "s": "ДИМ", "p": [54] },
	{ "s": "ДИМИТЪР", "p": [104] },
	{ "s": "ДИМИШ", "p": [118] },
	{ "s": "ДИМЯТ", "p": [118] },
	{ "s": "ДИНИ", "p": [183] },
	{ "s": "ДИПЛЕНИ", "p": [186] },
	{ "s": "ДИПЛИШ", "p": [57] },
	{ "s": "ДИРЕКТНО", "p": [191] },
	{ "s": "ДИРЕШЕ", "p": [202] },
	{ "s": "ДИРЕЩИ", "p": [148] },
	{ "s": "ДИРИ", "p": [186, 185, 88] },
	{ "s": "ДИРИГЕНТ", "p": [192] },
	{ "s": "ДИРИТЕ", "p": [184, 38] },
	{ "s": "ДИРИХ", "p": [174] },
	{ "s": "ДИРНИК", "p": [168] },
	{ "s": "ДИРЯ", "p": [23, 174, 168, 55, 6] },
	{ "s": "ДИРЯТ", "p": [175, 73] },
	{ "s": "ДИСЕКТНО", "p": [110] },
	{ "s": "ДИСЕКЦИЯ", "p": [71] },
	{ "s": "ДИСК", "p": [183] },
	{ "s": "ДИСКОРДНО", "p": [67] },
	{ "s": "ДИСКРЕТНОТО", "p": [9] },
	{ "s": "ДИХАНИЕ", "p": [10] },
	{ "s": "ДИХАНИЯ", "p": [192] },
	{ "s": "ДИШАНЕТО", "p": [40] },
	{ "s": "ДИШАШ", "p": [186, 184] },
	{ "s": "ДЛАН", "p": [164] },
	{ "s": "ДЛАНИ", "p": [185, 119] },
	{ "s": "ДЛЪЖЕН", "p": [199] },
	{ "s": "ДНЕС", "p": [185, 208, 198, 192, 178, 134] },
	{ "s": "ДНЕСКА", "p": [160, 185, 6] },
	{ "s": "ДНЕШНИТЕ", "p": [186] },
	{ "s": "ДНИ", "p": [194, 192, 193, 191, 190, 183, 165, 107, 41] },
	{ "s": "ДНИТЕ", "p": [202, 171, 77] },
	{ "s": "ДО", "p": [183, 194, 191, 185, 188, 192, 186, 200, 193, 202, 87, 74, 48, 37, 204, 201, 199, 184, 178, 173, 161, 145, 144, 141, 138, 129, 117, 110, 107, 101, 98, 93, 92, 90, 76, 65, 64, 58, 41, 33, 31, 27, 16, 5] },
	{ "s": "ДОБАВИЛ", "p": [199, 183] },
	{ "s": "ДОБАВКА", "p": [201] },
	{ "s": "ДОБАВЯ", "p": [199] },
	{ "s": "ДОБАВЯМ", "p": [199] },
	{ "s": "ДОБИЛО", "p": [193] },
	{ "s": "ДОБИХА", "p": [201] },
	{ "s": "ДОБРА", "p": [192, 183] },
	{ "s": "ДОБРАТА", "p": [14] },
	{ "s": "ДОБРЕ", "p": [202, 199, 191, 185, 63, 194, 192, 183, 157, 201, 200, 197, 193] },
	{ "s": "ДОБРИ", "p": [192, 201, 193] },
	{ "s": "ДОБРИТЕ", "p": [202, 193] },
	{ "s": "ДОБРИЯ", "p": [197] },
	{ "s": "ДОБРИЯТ", "p": [197, 200, 193] },
	{ "s": "ДОБРО", "p": [160, 202, 201, 183, 33] },
	{ "s": "ДОБРОСЪSEXКИ", "p": [198] },
	{ "s": "ДОБРОТАТА", "p": [202] },
	{ "s": "ДОБРОТО", "p": [185, 183, 193, 192, 11] },
	{ "s": "ДОБРУВАНЕ", "p": [183] },
	{ "s": "ДОБЪР", "p": [197, 185, 202, 148, 104, 33] },
	{ "s": "ДОВЕДЕ", "p": [201, 192, 188] },
	{ "s": "ДОВЕЛИ", "p": [200] },
	{ "s": "ДОВЕРИЕ", "p": [183] },
	{ "s": "ДОВИЖДАНЕ", "p": [185, 204, 166, 143] },
	{ "s": "ДОВОЛЕН", "p": [192, 131] },
	{ "s": "ДОВОЛНО", "p": [201] },
	{ "s": "ДОВЧЕРА", "p": [6] },
	{ "s": "ДОВЪРШВАМ", "p": [186, 82] },
	{ "s": "ДОГ", "p": [182] },
	{ "s": "ДОГАН", "p": [194, 189] },
	{ "s": "ДОГАРЯТ", "p": [54] },
	{ "s": "ДОГАРЯЩИ", "p": [185] },
	{ "s": "ДОГОВОР", "p": [202] },
	{ "s": "ДОГОВОРЕНО", "p": [185] },
	{ "s": "ДОГОНИХ", "p": [158] },
	{ "s": "ДОЗА", "p": [192, 186, 183, 148] },
	{ "s": "ДОИЗЖИВЯВАНЕ", "p": [183] },
	{ "s": "ДОЙДА", "p": [69] },
	{ "s": "ДОЙДЕ", "p": [56, 202, 208, 194, 191, 145, 43, 9] },
	{ "s": "ДОЙДЕШ", "p": [59, 7] },
	{ "s": "ДОКАЖЕ", "p": [193] },
	{ "s": "ДОКАЗАЛ", "p": [190] },
	{ "s": "ДОКАЗАНИ", "p": [144] },
	{ "s": "ДОКАЗАНО", "p": [194, 192] },
	{ "s": "ДОКАЗВА", "p": [193] },
	{ "s": "ДОКАТ", "p": [208] },
	{ "s": "ДОКАТО", "p": [183, 201, 184, 197, 192, 147, 200, 191, 185, 206, 204, 202, 194, 193, 188, 181, 160, 134, 81, 64, 53, 39, 38, 33, 26, 16, 15, 13, 5] },
	{ "s": "ДОКОГА", "p": [188, 132] },
	{ "s": "ДОКОЛКО", "p": [188] },
	{ "s": "ДОКОЛКОТО", "p": [194, 206, 192, 191] },
	{ "s": "ДОКОСВА", "p": [5] },
	{ "s": "ДОКОСВАЙ", "p": [123] },
	{ "s": "ДОКОСНАХ", "p": [75] },
	{ "s": "ДОКЪДЕТО", "p": [185] },
	{ "s": "ДОЛЕ", "p": [183] },
	{ "s": "ДОЛИНА", "p": [206] },
	{ "s": "ДОЛИТА", "p": [205] },
	{ "s": "ДОЛНА", "p": [194] },
	{ "s": "ДОЛНАТА", "p": [191, 186] },
	{ "s": "ДОЛНИ", "p": [201] },
	{ "s": "ДОЛУ", "p": [201, 200] },
	{ "s": "ДОМ", "p": [195, 191, 147] },
	{ "s": "ДОМАШНАТА", "p": [15] },
	{ "s": "ДОМАШНИЯ", "p": [201] },
	{ "s": "ДОМЪТ", "p": [202] },
	{ "s": "ДОН", "p": [202, 132] },
	{ "s": "ДОН-ЖУАН", "p": [202] },
	{ "s": "ДОНАСЯ", "p": [175] },
	{ "s": "ДОНЕСЕ", "p": [191, 105, 102] },
	{ "s": "ДОНЕСЕН", "p": [147] },
	{ "s": "ДОНЕСЕНА", "p": [183] },
	{ "s": "ДОНЕСЛИ", "p": [111] },
	{ "s": "ДООГРАБЕНИ", "p": [66] },
	{ "s": "ДОПИР", "p": [204, 6] },
	{ "s": "ДОПИРИ", "p": [9] },
	{ "s": "ДОПИРЪТ", "p": [183, 11] },
	{ "s": "ДОПЛАВА", "p": [206] },
	{ "s": "ДОПУСНАТ", "p": [191] },
	{ "s": "ДОПУСНЕ", "p": [197] },
	{ "s": "ДОПУСТИМО", "p": [191] },
	{ "s": "ДОПЪЛНИТЕЛНО", "p": [191, 189] },
	{ "s": "ДОРАСНА", "p": [186, 82] },
	{ "s": "ДОРИ", "p": [186, 192, 191, 183, 202, 193, 189, 208, 206, 204, 198, 195, 190, 185, 178, 139, 134, 132, 104, 76, 67, 48, 43, 17] },
	{ "s": "ДОСАДЯВАЩИ", "p": [200] },
	{ "s": "ДОСЕГА", "p": [104, 206, 204, 201] },
	{ "s": "ДОСЕГАШНИТЕ", "p": [202] },
	{ "s": "ДОСЕТИТЕ", "p": [201] },
	{ "s": "ДОСИЕТАТА", "p": [191] },
	{ "s": "ДОСТА", "p": [202, 194, 192, 126] },
	{ "s": "ДОСТАТЪЧНА", "p": [193, 192] },
	{ "s": "ДОСТАТЪЧНО", "p": [202, 147, 193, 199, 189, 101, 26] },
	{ "s": "ДОСТИГАЩА", "p": [191] },
	{ "s": "ДОСТИГАЩИ", "p": [191] },
	{ "s": "ДОСТИГНА", "p": [202] },
	{ "s": "ДОСТИГНАТ", "p": [188] },
	{ "s": "ДОСТИГНЕ", "p": [105] },
	{ "s": "ДОСТОЙНО", "p": [193] },
	{ "s": "ДОСТОЙНСТВО", "p": [192, 15] },
	{ "s": "ДОСТОЛЕПА", "p": [168] },
	{ "s": "ДОСТОЛЕПНИ", "p": [194] },
	{ "s": "ДОСТОЯНИЕ", "p": [199] },
	{ "s": "ДОСТЪП", "p": [193, 31] },
	{ "s": "ДОСУЩ", "p": [189, 183, 139] },
	{ "s": "ДОСУЩО", "p": [142] },
	{ "s": "ДОТАМ", "p": [202, 201, 200, 106] },
	{ "s": "ДОТОЛКОЗ", "p": [138] },
	{ "s": "ДОТУК", "p": [208] },
	{ "s": "ДОТЪТРИХ", "p": [139] },
	{ "s": "ДОУТОЧНЯТ", "p": [200] },
	{ "s": "ДОЧАКА", "p": [115] },
	{ "s": "ДОЧАКВА", "p": [192] },
	{ "s": "ДОЧУХ", "p": [75] },
	{ "s": "ДОШЕЛ", "p": [183] },
	{ "s": "ДОШЛА", "p": [157] },
	{ "s": "ДОШЛО", "p": [202] },
	{ "s": "ДОШЪЛ", "p": [191, 198] },
	{ "s": "ДРАГО", "p": [202] },
	{ "s": "ДРАЗГИ", "p": [201] },
	{ "s": "ДРАЗНЕНИЕ", "p": [201] },
	{ "s": "ДРАЗНЕШЕ", "p": [197] },
	{ "s": "ДРАЗНЕЩИ", "p": [189] },
	{ "s": "ДРАМА", "p": [199, 139, 118, 35] },
	{ "s": "ДРАМИ", "p": [201, 135] },
	{ "s": "ДРАНЕ", "p": [69] },
	{ "s": "ДРАСКОТИНКА", "p": [186] },
	{ "s": "ДРАЩИ", "p": [24] },
	{ "s": "ДРЕВНА", "p": [194] },
	{ "s": "ДРЕМЕ", "p": [202, 183] },
	{ "s": "ДРЕСИРАХТЕ", "p": [185] },
	{ "s": "ДРЕСИРАШЕ", "p": [186] },
	{ "s": "ДРЕХИ", "p": [192] },
	{ "s": "ДРЕХИТЕ", "p": [183, 29] },
	{ "s": "ДРИПАВА", "p": [183] },
	{ "s": "ДРОБА", "p": [186, 183] },
	{ "s": "ДРОБОВЕТЕ", "p": [185] },
	{ "s": "ДРУГ", "p": [183, 201, 198, 194, 191, 190, 195, 22, 208, 204, 202, 200, 80, 60, 27, 19] },
	{ "s": "ДРУГА", "p": [185, 183, 204, 200, 192, 190, 189] },
	{ "s": "ДРУГАДЕ", "p": [202] },
	{ "s": "ДРУГАР", "p": [132] },
	{ "s": "ДРУГАРСКО", "p": [167] },
	{ "s": "ДРУГАРЯ", "p": [183] },
	{ "s": "ДРУГАТА", "p": [208, 186, 94] },
	{ "s": "ДРУГИ", "p": [193, 202, 192, 130, 200, 44, 201, 199, 198, 191, 190, 188, 138, 32, 2] },
	{ "s": "ДРУГИТЕ", "p": [12, 193] },
	{ "s": "ДРУГИЯ", "p": [202, 190, 20] },
	{ "s": "ДРУГИЯТ", "p": [202, 183] },
	{ "s": "ДРУГО", "p": [191, 201, 202, 192, 38] },
	{ "s": "ДРУГОТО", "p": [94, 183] },
	{ "s": "ДРУГОЦВЕТНОТО", "p": [183] },
	{ "s": "ДРУГОЯЧЕ", "p": [183] },
	{ "s": "ДРУЖБА", "p": [202] },
	{ "s": "ДРУЖНО", "p": [202] },
	{ "s": "ДРУСАНЕ", "p": [181] },
	{ "s": "ДРУСАТЕ", "p": [186] },
	{ "s": "ДРЪЖКА", "p": [195] },
	{ "s": "ДРЪЗНАЛ", "p": [202, 197, 186] },
	{ "s": "ДРЯМКА", "p": [148, 99] },
	{ "s": "ДС", "p": [195] },
	{ "s": "ДУБЛИКАТ", "p": [164] },
	{ "s": "ДУБЪЛ", "p": [201] },
	{ "s": "ДУЛСИНЕЯ", "p": [132] },
	{ "s": "ДУМА", "p": [194, 192, 135] },
	{ "s": "ДУМАТА", "p": [192, 183] },
	{ "s": "ДУМИ", "p": [191, 189, 184, 110, 74, 71, 22] },
	{ "s": "ДУМИТЕ", "p": [183, 201, 192, 189, 50, 12] },
	{ "s": "ДУПЕНЦА", "p": [191] },
	{ "s": "ДУПЕТА", "p": [183] },
	{ "s": "ДУПКА", "p": [183] },
	{ "s": "ДУПКИ", "p": [194] },
	{ "s": "ДУПКИТЕ", "p": [191] },
	{ "s": "ДУПЧЕШЕ", "p": [99] },
	{ "s": "ДУХ", "p": [202] },
	{ "s": "ДУХА", "p": [191, 104] },
	{ "s": "ДУХАЛ", "p": [191] },
	{ "s": "ДУХАЛ/А", "p": [191] },
	{ "s": "ДУХАНЕ", "p": [104] },
	{ "s": "ДУХАШ", "p": [191] },
	{ "s": "ДУХОВА", "p": [200] },
	{ "s": "ДУХОВИТОСТ", "p": [200] },
	{ "s": "ДУХОВНА", "p": [26] },
	{ "s": "ДУХОВНО", "p": [106, 26] },
	{ "s": "ДУХОВНОСТИ", "p": [124] },
	{ "s": "ДУХОВНОТО", "p": [105] },
	{ "s": "ДУШ", "p": [194] },
	{ "s": "ДУША", "p": [185, 103, 202, 192, 184, 183, 56, 38, 5] },
	{ "s": "ДУШАТА", "p": [183, 197, 186, 109, 201, 137, 106, 65, 64, 62, 61, 57, 55, 14] },
	{ "s": "ДУШАТЯ", "p": [183] },
	{ "s": "ДУШЕВЕН", "p": [106] },
	{ "s": "ДУШИ", "p": [197, 186, 193, 183, 166, 103, 57, 33, 11] },
	{ "s": "ДУШИТЕ", "p": [197, 67, 45] },
	{ "s": "ДУШИЦИТЕ", "p": [129] },
	{ "s": "ДЪБОВА", "p": [184] },
	{ "s": "ДЪВКАНЕ", "p": [118] },
	{ "s": "ДЪВЧЕНЕ", "p": [48] },
	{ "s": "ДЪВЧЕНЕТО", "p": [160] },
	{ "s": "ДЪГА", "p": [102, 79, 62] },
	{ "s": "ДЪГАТА", "p": [186] },
	{ "s": "ДЪГОВИ", "p": [62] },
	{ "s": "ДЪЖД", "p": [183, 95, 58, 186, 170, 142, 114, 85, 79] },
	{ "s": "ДЪЖДА", "p": [194, 62, 42] },
	{ "s": "ДЪЖДОВЕ", "p": [202] },
	{ "s": "ДЪЖДОВЕН", "p": [148, 83] },
	{ "s": "ДЪЖДОВНО", "p": [186] },
	{ "s": "ДЪЖДОВНОТО", "p": [102] },
	{ "s": "ДЪЖДОЗИМА", "p": [57] },
	{ "s": "ДЪЖДОСЛОВНИ", "p": [95] },
	{ "s": "ДЪЖДЪТ", "p": [194, 200, 185, 148, 88] },
	{ "s": "ДЪЛБАЕ", "p": [186, 98] },
	{ "s": "ДЪЛБИНИТЕ", "p": [202] },
	{ "s": "ДЪЛБОКИ", "p": [200] },
	{ "s": "ДЪЛБОКО", "p": [185, 183, 205, 201] },
	{ "s": "ДЪЛБОЧИНА", "p": [186] },
	{ "s": "ДЪЛБОЧИНАТА", "p": [201] },
	{ "s": "ДЪЛГА", "p": [204, 201, 200] },
	{ "s": "ДЪЛГИТЕ", "p": [200] },
	{ "s": "ДЪЛГИЯ", "p": [56] },
	{ "s": "ДЪЛГО", "p": [201] },
	{ "s": "ДЪЛГОСРОЧНО", "p": [149] },
	{ "s": "ДЪЛГОТО", "p": [181] },
	{ "s": "ДЪЛЖА", "p": [199] },
	{ "s": "ДЪЛЪГ", "p": [191] },
	{ "s": "ДЪНКИТЕ", "p": [200] },
	{ "s": "ДЪНО", "p": [101] },
	{ "s": "ДЪРВЕН", "p": [195, 191, 139, 94] },
	{ "s": "ДЪРВЕТА", "p": [185, 88] },
	{ "s": "ДЪРВЕШЕ", "p": [198] },
	{ "s": "ДЪРВОТО", "p": [127, 174] },
	{ "s": "ДЪРЖАВА", "p": [191, 189, 195, 194] },
	{ "s": "ДЪРЖАВАТА", "p": [195, 193] },
	{ "s": "ДЪРЖАВНА", "p": [189] },
	{ "s": "ДЪРЖАВНИ", "p": [191] },
	{ "s": "ДЪРЖАЛ", "p": [183] },
	{ "s": "ДЪРЖАТ", "p": [193, 191] },
	{ "s": "ДЪРЖЕШЕ", "p": [197] },
	{ "s": "ДЪРЖИ", "p": [193] },
	{ "s": "ДЪРЖИМ", "p": [191] },
	{ "s": "ДЪРЗОСТТА", "p": [188] },
	{ "s": "ДЪРПА", "p": [33] },
	{ "s": "ДЪРПАШ", "p": [33] },
	{ "s": "ДЪРПАШЕ", "p": [202] },
	{ "s": "ДЪРТ", "p": [79] },
	{ "s": "ДЪРТА", "p": [184] },
	{ "s": "ДЪРТИ", "p": [100] },
	{ "s": "ДЪСКА", "p": [87] },
	{ "s": "ДЪСКАТА", "p": [198] },
	{ "s": "ДЪХ", "p": [175, 195, 192, 183, 170, 144, 111, 90, 89, 68, 48] },
	{ "s": "ДЪХА", "p": [109, 90] },
	{ "s": "ДЪХАВА", "p": [180] },
	{ "s": "ДЪХАВИ", "p": [185] },
	{ "s": "ДЪХАВИЯТ", "p": [100] },
	{ "s": "ДЪХЪТ", "p": [183, 162] },
	{ "s": "ДЪЩЕРИЧКА", "p": [201] },
	{ "s": "ДЪЩЕРЯ", "p": [111] },
	{ "s": "ДЮНЕРА", "p": [191] },
	{ "s": "ДЮС", "p": [169, 139] },
	{ "s": "ДЯВОЛ", "p": [33, 151] },
	{ "s": "ДЯВОЛ(3", "p": [33] },
	{ "s": "ДЯВОЛА", "p": [61] },
	{ "s": "ДЯВОЛИТЕ", "p": [191, 201, 200, 194, 192, 188] },
	{ "s": "ДЯВОЛСКИ", "p": [183] },
	{ "s": "ДЯВОЛЪТ", "p": [139] },
	{ "s": "ДЯДО", "p": [131, 191] },
	{ "s": "ДЯЛ", "p": [184] },
	{ "s": "ДЯСНО", "p": [183] }
]