[
	{ "s": "T", "p": [209, 206, 207, 208, 204, 146] },
	{ "s": "T.V", "p": [208] },
	{ "s": "TAKE", "p": [205, 204] },
	{ "s": "TALK", "p": [204] },
	{ "s": "TANGLED", "p": [208] },
	{ "s": "TASTING", "p": [209] },
	{ "s": "TEARS", "p": [209] },
	{ "s": "TECH", "p": [194] },
	{ "s": "TELL", "p": [204, 146] },
	{ "s": "THAT", "p": [208, 209, 206, 204, 192] },
	{ "s": "THAT’S", "p": [192] },
	{ "s": "THE", "p": [209, 208, 207, 205, 204, 206, 202, 200, 192, 151, 1] },
	{ "s": "THEN", "p": [206, 204] },
	{ "s": "THERE", "p": [209, 208, 205, 204, 146] },
	{ "s": "THERE'LL", "p": [204] },
	{ "s": "THERE'S", "p": [208, 146] },
	{ "s": "THERE’S", "p": [209] },
	{ "s": "THEY", "p": [207] },
	{ "s": "THIEVERY", "p": [202, 71] },
	{ "s": "THIS", "p": [208, 204] },
	{ "s": "THOSE", "p": [208] },
	{ "s": "THOUGH", "p": [207, 204] },
	{ "s": "THOUGHT", "p": [204] },
	{ "s": "THREATENING", "p": [209] },
	{ "s": "THROUGH", "p": [205, 209] },
	{ "s": "THROW", "p": [205] },
	{ "s": "THROWN", "p": [209] },
	{ "s": "TI", "p": [202] },
	{ "s": "TILL", "p": [204, 209, 49] },
	{ "s": "TIME", "p": [205] },
	{ "s": "TINY", "p": [209] },
	{ "s": "TIRED", "p": [206] },
	{ "s": "TO", "p": [209, 208, 205, 204, 206, 207] },
	{ "s": "TOGETHER", "p": [146] },
	{ "s": "TOKEN", "p": [209] },
	{ "s": "TOMA", "p": [1, 210] },
	{ "s": "TOMA.KASHMIRSKI[AT]GMAIL.COM", "p": [210] },
	{ "s": "TOMORROW", "p": [208] },
	{ "s": "TOMORROW'S", "p": [208] },
	{ "s": "TOO", "p": [209, 206] },
	{ "s": "TOPPLED", "p": [209] },
	{ "s": "TORE", "p": [206] },
	{ "s": "TOTAL", "p": [209] },
	{ "s": "TOUCH", "p": [204] },
	{ "s": "TOWARD", "p": [205] },
	{ "s": "TOYS", "p": [209] },
	{ "s": "TRASH", "p": [209] },
	{ "s": "TRIED", "p": [206] },
	{ "s": "TRIES", "p": [205] },
	{ "s": "TRUST", "p": [204] },
	{ "s": "TRY", "p": [209] },
	{ "s": "TUK", "p": [202] },
	{ "s": "TURN", "p": [204] },
	{ "s": "TURNED", "p": [208] },
	{ "s": "TURNING", "p": [204] },
	{ "s": "TURNS", "p": [208, 209] },
	{ "s": "TWO", "p": [205] },
	{ "s": "TОГАВА", "p": [15] }
]