[
	{ "s": "Г", "p": [188, 183] },
	{ "s": "ГАВРЪТНАХ", "p": [154] },
	{ "s": "ГАВРЪТНЕ", "p": [200] },
	{ "s": "ГАД", "p": [201] },
	{ "s": "ГАДЕН", "p": [111] },
	{ "s": "ГАДЖЕ", "p": [200] },
	{ "s": "ГАДЖЕТО", "p": [199, 191] },
	{ "s": "ГАДНО", "p": [118] },
	{ "s": "ГАЗ", "p": [200, 139] },
	{ "s": "ГАЗЕХМЕ", "p": [100] },
	{ "s": "ГАЛАКТИКИ", "p": [183, 11] },
	{ "s": "ГАЛЕНО", "p": [201, 202] },
	{ "s": "ГАЛЕРИ", "p": [178] },
	{ "s": "ГАЛЕЩА", "p": [192, 164] },
	{ "s": "ГАЛИТЕ", "p": [186] },
	{ "s": "ГАЛЯ", "p": [54] },
	{ "s": "ГАЛЯТ", "p": [142] },
	{ "s": "ГАНГРЕНА", "p": [116] },
	{ "s": "ГАНГРЕНИ", "p": [112] },
	{ "s": "ГАРА", "p": [192] },
	{ "s": "ГАРАНТИРАШЕ", "p": [188] },
	{ "s": "ГАРАНЦИЯ", "p": [79] },
	{ "s": "ГАРВАН", "p": [183, 122, 83] },
	{ "s": "ГАРГИ", "p": [186] },
	{ "s": "ГАРИТЕ", "p": [186] },
	{ "s": "ГАРНИРА", "p": [84] },
	{ "s": "ГАСИ", "p": [13] },
	{ "s": "ГАСНА", "p": [204, 183] },
	{ "s": "ГАСНАТ", "p": [21] },
	{ "s": "ГАСНЕ", "p": [192, 183, 104] },
	{ "s": "ГАСНЕМ", "p": [91] },
	{ "s": "ГАСНЕШ", "p": [183] },
	{ "s": "ГАСНЕЩА", "p": [171] },
	{ "s": "ГАСНЕЩИ", "p": [150] },
	{ "s": "ГАСЯТ", "p": [191] },
	{ "s": "ГАЩИТЕ", "p": [198] },
	{ "s": "ГВОЗДЕИТЕ", "p": [161] },
	{ "s": "ГДЕ", "p": [183, 48] },
	{ "s": "ГЕЙ", "p": [201, 200, 189] },
	{ "s": "ГЕЛ", "p": [152] },
	{ "s": "ГЕН", "p": [128] },
	{ "s": "ГЕНЕРАЦИЯ", "p": [159] },
	{ "s": "ГЕНИЯТ", "p": [191] },
	{ "s": "ГЕПЕН", "p": [201] },
	{ "s": "ГЕПНЕ", "p": [202] },
	{ "s": "ГЕРОИ", "p": [79] },
	{ "s": "ГЕРОИНЯ", "p": [192] },
	{ "s": "ГЕРОЙ", "p": [192] },
	{ "s": "ГИ", "p": [191, 183, 157, 46, 193, 192, 185, 90, 81, 56, 208, 201, 197, 194, 189, 184, 135, 127, 123, 103, 71, 53, 43, 31, 9] },
	{ "s": "ГИБЕЛ", "p": [184] },
	{ "s": "ГИГАНТ", "p": [141] },
	{ "s": "ГИГАНТСКИ", "p": [185, 166, 148] },
	{ "s": "ГИЗДАВА", "p": [9] },
	{ "s": "ГИНАТ", "p": [183] },
	{ "s": "ГЛАВА", "p": [200, 184, 94] },
	{ "s": "ГЛАВАТА", "p": [202, 208, 201, 195, 190, 183] },
	{ "s": "ГЛАВЕН", "p": [193] },
	{ "s": "ГЛАВИ", "p": [161] },
	{ "s": "ГЛАВИТЕ", "p": [205] },
	{ "s": "ГЛАВИЦА", "p": [200, 183] },
	{ "s": "ГЛАВНО", "p": [199] },
	{ "s": "ГЛАВОЗАМАЙВАЩА", "p": [202] },
	{ "s": "ГЛАВОЛОМНА", "p": [200] },
	{ "s": "ГЛАВОЛОМНО", "p": [192] },
	{ "s": "ГЛАД", "p": [145, 185, 183, 148, 106, 99, 86, 61] },
	{ "s": "ГЛАДА", "p": [188] },
	{ "s": "ГЛАДЕН", "p": [188, 115] },
	{ "s": "ГЛАДКА", "p": [109] },
	{ "s": "ГЛАДКО", "p": [200] },
	{ "s": "ГЛАДКОТО", "p": [139] },
	{ "s": "ГЛАДНА", "p": [186, 111] },
	{ "s": "ГЛАДНИ", "p": [183, 142, 110] },
	{ "s": "ГЛАДНИЯ", "p": [40] },
	{ "s": "ГЛАДНО", "p": [33, 102] },
	{ "s": "ГЛАДУВАЩИ", "p": [109] },
	{ "s": "ГЛАДЪК", "p": [40] },
	{ "s": "ГЛАРУС", "p": [92] },
	{ "s": "ГЛАРУСИТЕ", "p": [201] },
	{ "s": "ГЛАС", "p": [200, 186, 183, 146, 54, 50, 40, 17] },
	{ "s": "ГЛАСА", "p": [183] },
	{ "s": "ГЛАСИ", "p": [190] },
	{ "s": "ГЛАСНИ", "p": [183] },
	{ "s": "ГЛАСНО", "p": [146, 32] },
	{ "s": "ГЛАСЧЕ", "p": [201] },
	{ "s": "ГЛАСЪТ", "p": [40] },
	{ "s": "ГЛАСЯТ", "p": [189] },
	{ "s": "ГЛЕДА", "p": [202, 192, 185] },
	{ "s": "ГЛЕДАЙ", "p": [186] },
	{ "s": "ГЛЕДАМ", "p": [54, 160, 77] },
	{ "s": "ГЛЕДАМЕ", "p": [155, 188] },
	{ "s": "ГЛЕДАНА", "p": [77] },
	{ "s": "ГЛЕДАНЕ", "p": [191] },
	{ "s": "ГЛЕДАТ", "p": [140] },
	{ "s": "ГЛЕДАХ", "p": [183, 81] },
	{ "s": "ГЛЕДАШ", "p": [183, 159] },
	{ "s": "ГЛЕДАШЕ", "p": [202, 26, 172] },
	{ "s": "ГЛЕДАЩА", "p": [186, 82] },
	{ "s": "ГЛЕДКА", "p": [191] },
	{ "s": "ГЛЕДНИ", "p": [26] },
	{ "s": "ГЛЕЗЕНА", "p": [183] },
	{ "s": "ГЛЕЗЕШЕ", "p": [26] },
	{ "s": "ГЛЕТАВ", "p": [175] },
	{ "s": "ГЛОЖДИ", "p": [183] },
	{ "s": "ГЛУПАК", "p": [199] },
	{ "s": "ГЛУПАШКИ", "p": [201] },
	{ "s": "ГЛУПОСТ", "p": [199, 194] },
	{ "s": "ГЛУПЦИ", "p": [201] },
	{ "s": "ГЛУТНИЦАТА", "p": [186] },
	{ "s": "ГЛУХ", "p": [191] },
	{ "s": "ГЛУХО", "p": [171] },
	{ "s": "ГЛУХОНЯМО", "p": [135] },
	{ "s": "ГЛЪТКА", "p": [48, 185] },
	{ "s": "ГЛЪХНЕ", "p": [185, 87] },
	{ "s": "ГМУРНЕ", "p": [201] },
	{ "s": "ГНЕВНА", "p": [202] },
	{ "s": "ГНЕЗДА", "p": [102] },
	{ "s": "ГНЕЗДО", "p": [117, 56] },
	{ "s": "ГНЕЗДЯТ", "p": [107] },
	{ "s": "ГНИЕ", "p": [183] },
	{ "s": "ГНИЕМ", "p": [163] },
	{ "s": "ГНИЕХ", "p": [147] },
	{ "s": "ГНИЕШЕ", "p": [99] },
	{ "s": "ГНИЕЩА", "p": [192] },
	{ "s": "ГНИЕЩОТО", "p": [183, 145] },
	{ "s": "ГНИЛИ", "p": [119] },
	{ "s": "ГНИЛИТЕ", "p": [102] },
	{ "s": "ГНИЛОТО", "p": [140] },
	{ "s": "ГНИЯТ", "p": [183] },
	{ "s": "ГНЯВ", "p": [129] },
	{ "s": "ГО", "p": [202, 201, 197, 191, 183, 200, 185, 164, 60, 199, 198, 193, 111, 36, 33, 195, 189, 188, 168, 150, 141, 137, 135, 112, 106, 104, 103, 100, 67, 65, 61, 22, 17, 15] },
	{ "s": "ГОВЕДОТО", "p": [99] },
	{ "s": "ГОВНА", "p": [202, 193] },
	{ "s": "ГОВНО", "p": [193] },
	{ "s": "ГОВНОЛИН", "p": [194] },
	{ "s": "ГОВОРЕШЕ", "p": [183] },
	{ "s": "ГОВОРИ", "p": [191, 192, 205, 183, 35] },
	{ "s": "ГОВОРИМ", "p": [192] },
	{ "s": "ГОВОРИШ", "p": [108, 31] },
	{ "s": "ГОВОРЯ", "p": [191] },
	{ "s": "ГОДЕ", "p": [202] },
	{ "s": "ГОДЕЖНИ", "p": [66] },
	{ "s": "ГОДИНА", "p": [202, 201, 188] },
	{ "s": "ГОДИНАТА", "p": [191] },
	{ "s": "ГОДИНИ", "p": [200, 197, 198, 191, 24, 202, 201, 194, 192, 190, 188, 186, 107, 81] },
	{ "s": "ГОДИНИТЕ", "p": [183, 111] },
	{ "s": "ГОДИНКИ", "p": [190] },
	{ "s": "ГОДИШНА", "p": [185] },
	{ "s": "ГОДИШНО", "p": [190] },
	{ "s": "ГОДНОСТ", "p": [81, 70, 30] },
	{ "s": "ГОЛ", "p": [192, 150, 26] },
	{ "s": "ГОЛА", "p": [139] },
	{ "s": "ГОЛГОТА", "p": [161, 112] },
	{ "s": "ГОЛЕ", "p": [201] },
	{ "s": "ГОЛЕ-ЕМИ", "p": [201] },
	{ "s": "ГОЛЕМА", "p": [202] },
	{ "s": "ГОЛЕМИ", "p": [202, 193, 29] },
	{ "s": "ГОЛЕМИЯ", "p": [194, 191] },
	{ "s": "ГОЛЕМИЯТ", "p": [199] },
	{ "s": "ГОЛО", "p": [186] },
	{ "s": "ГОЛОСЛОВНИЧА", "p": [181] },
	{ "s": "ГОЛОТО", "p": [112] },
	{ "s": "ГОЛЯМ", "p": [201] },
	{ "s": "ГОЛЯМА", "p": [206, 202, 201, 197, 193, 26] },
	{ "s": "ГОЛЯМАТА", "p": [202, 192, 191, 189, 188] },
	{ "s": "ГОНЕНЕ", "p": [183, 106] },
	{ "s": "ГОНЕНИЦА", "p": [8] },
	{ "s": "ГОНЕЩ", "p": [186] },
	{ "s": "ГОНИ", "p": [183] },
	{ "s": "ГОНОРЕЯ", "p": [186] },
	{ "s": "ГОНЯТ", "p": [122] },
	{ "s": "ГОРА", "p": [126] },
	{ "s": "ГОРАТА", "p": [194, 183] },
	{ "s": "ГОРДО", "p": [201, 103] },
	{ "s": "ГОРДОСТ", "p": [191, 188] },
	{ "s": "ГОРЕ", "p": [183] },
	{ "s": "ГОРЕНЕТО", "p": [192] },
	{ "s": "ГОРЕОПИСАНИТЕ", "p": [201] },
	{ "s": "ГОРЕОПОСОЧЕНАТА", "p": [190] },
	{ "s": "ГОРЕПОСОЧЕНИЯ", "p": [193] },
	{ "s": "ГОРЕСПОМЕНАТИ", "p": [202] },
	{ "s": "ГОРЕСПОМЕНАТИТЕ", "p": [200] },
	{ "s": "ГОРЕСПОМЕНАТИЯ", "p": [201, 189] },
	{ "s": "ГОРЕЩАТА", "p": [139] },
	{ "s": "ГОРИ", "p": [191, 183] },
	{ "s": "ГОРИВА", "p": [195] },
	{ "s": "ГОРИВО", "p": [192, 104] },
	{ "s": "ГОРИВОТО", "p": [192] },
	{ "s": "ГОРИМ", "p": [146] },
	{ "s": "ГОРИТЕ", "p": [195] },
	{ "s": "ГОРКОТО", "p": [183] },
	{ "s": "ГОРСКА", "p": [185, 114] },
	{ "s": "ГОРЧИВА", "p": [81] },
	{ "s": "ГОРЧИВИ", "p": [109, 20] },
	{ "s": "ГОРЧИЛКАТА", "p": [20] },
	{ "s": "ГОРЯТ", "p": [195, 192, 118, 13] },
	{ "s": "ГОРЯХ", "p": [178] },
	{ "s": "ГОСПОДИ", "p": [194, 107, 118] },
	{ "s": "ГОСПОДИНЕ", "p": [185] },
	{ "s": "ГОСПОЖИЦЕ", "p": [63] },
	{ "s": "ГОСТИ", "p": [43] },
	{ "s": "ГОТИНАТА", "p": [188] },
	{ "s": "ГОТОВ", "p": [185, 119] },
	{ "s": "ГОТОВНОСТ", "p": [200, 112] },
	{ "s": "ГОТУРИ", "p": [152] },
	{ "s": "ГОЩАВАТ", "p": [197] },
	{ "s": "ГОЩАВАХА", "p": [197] },
	{ "s": "ГРАБИМ", "p": [144] },
	{ "s": "ГРАБИТЕ", "p": [186] },
	{ "s": "ГРАБИТЕЛ", "p": [191] },
	{ "s": "ГРАБИТЕЛЯ", "p": [191] },
	{ "s": "ГРАБЯТ", "p": [191] },
	{ "s": "ГРАД", "p": [128, 129, 184, 200, 194, 191, 185, 180, 160, 115, 114, 99, 83] },
	{ "s": "ГРАДА", "p": [194, 183, 126, 113, 109, 97] },
	{ "s": "ГРАДЕНОТО", "p": [195] },
	{ "s": "ГРАДИНА", "p": [194] },
	{ "s": "ГРАДИНКИ", "p": [191] },
	{ "s": "ГРАДИНКИТЕ", "p": [188] },
	{ "s": "ГРАДОВЕ", "p": [191] },
	{ "s": "ГРАДСКА", "p": [191] },
	{ "s": "ГРАДСКИ", "p": [113] },
	{ "s": "ГРАДСКИЯ", "p": [195] },
	{ "s": "ГРАДЪТ", "p": [191, 117, 116] },
	{ "s": "ГРАДЯ", "p": [194] },
	{ "s": "ГРАЖДАНИ", "p": [191] },
	{ "s": "ГРАЖДАНИН", "p": [191, 103] },
	{ "s": "ГРАЖДАНСКА", "p": [97] },
	{ "s": "ГРАЖДАНСКО", "p": [194] },
	{ "s": "ГРАМАДНА", "p": [186, 175] },
	{ "s": "ГРАНДИОЗНИ", "p": [192] },
	{ "s": "ГРАНИЦАТА", "p": [75, 183] },
	{ "s": "ГРАНИЦИ", "p": [199] },
	{ "s": "ГРАНИЦИТЕ", "p": [199, 189] },
	{ "s": "ГРАНИЧИ", "p": [63] },
	{ "s": "ГРАТАВА", "p": [63] },
	{ "s": "ГРАФАТА", "p": [183, 8] },
	{ "s": "ГРАФИК", "p": [183] },
	{ "s": "ГРАФОМАН", "p": [193] },
	{ "s": "ГРАЦИОЗНО", "p": [84] },
	{ "s": "ГРАЦИЯ", "p": [186] },
	{ "s": "ГРАЧ", "p": [122, 87] },
	{ "s": "ГРАЧЕЙКИ", "p": [142] },
	{ "s": "ГРАЧИ", "p": [92] },
	{ "s": "ГРЕБЕН", "p": [183] },
	{ "s": "ГРЕДА", "p": [34] },
	{ "s": "ГРЕЕХА", "p": [204] },
	{ "s": "ГРЕЙ", "p": [185] },
	{ "s": "ГРЕХОВЕ", "p": [208, 151] },
	{ "s": "ГРЕХОВНА", "p": [186] },
	{ "s": "ГРЕХОВНИ", "p": [59] },
	{ "s": "ГРЕХОВНО", "p": [26] },
	{ "s": "ГРЕХОВНОСТ", "p": [112] },
	{ "s": "ГРЕШЕН", "p": [183, 150, 28] },
	{ "s": "ГРЕШКА", "p": [206, 164, 33] },
	{ "s": "ГРЕШНА", "p": [202, 118] },
	{ "s": "ГРЕШНИК", "p": [24] },
	{ "s": "ГРЕШНОТО", "p": [202] },
	{ "s": "ГРИВА", "p": [183] },
	{ "s": "ГРИЖИ", "p": [98] },
	{ "s": "ГРИЖЛИВО", "p": [157] },
	{ "s": "ГРИМ", "p": [183, 200, 51] },
	{ "s": "ГРИМАСА", "p": [167, 160] },
	{ "s": "ГРИМАСИТЕ", "p": [45] },
	{ "s": "ГРИМИРАН", "p": [186] },
	{ "s": "ГРИМОВЕ", "p": [45, 32] },
	{ "s": "ГРИП", "p": [186] },
	{ "s": "ГРОБ", "p": [186, 183, 104] },
	{ "s": "ГРОБА", "p": [87] },
	{ "s": "ГРОБИЩЕ", "p": [189] },
	{ "s": "ГРОБНИЦИ", "p": [157, 112] },
	{ "s": "ГРОБОВЕТЕ", "p": [190] },
	{ "s": "ГРОЗЕН", "p": [122] },
	{ "s": "ГРОЗНА", "p": [160, 148, 99] },
	{ "s": "ГРОЗНАТА", "p": [191] },
	{ "s": "ГРОЗНИЯ", "p": [106] },
	{ "s": "ГРОЗНО", "p": [110, 189, 136, 99, 65, 22] },
	{ "s": "ГРОЗНОТО", "p": [189] },
	{ "s": "ГРОТЕСКНО", "p": [160] },
	{ "s": "ГРУБ", "p": [192] },
	{ "s": "ГРУБИЯНЩИНА", "p": [194] },
	{ "s": "ГРУБО", "p": [191] },
	{ "s": "ГРУПА", "p": [191] },
	{ "s": "ГРУПАТА", "p": [202] },
	{ "s": "ГРЪБ", "p": [204, 195, 183, 181] },
	{ "s": "ГРЪБНАК", "p": [191] },
	{ "s": "ГРЪД", "p": [98] },
	{ "s": "ГРЪДЕН", "p": [5] },
	{ "s": "ГРЪДНОТО", "p": [37] },
	{ "s": "ГРЪКЛЯН", "p": [48] },
	{ "s": "ГРЪКЛЯНИТЕ", "p": [122] },
	{ "s": "ГРЪКЛЯННО", "p": [128] },
	{ "s": "ГРЪМКОТО", "p": [188] },
	{ "s": "ГРЪМНАХА", "p": [190] },
	{ "s": "ГРЯХ", "p": [185, 181, 120, 19] },
	{ "s": "ГУБЕНЕ", "p": [191] },
	{ "s": "ГУБЕЩИ", "p": [191] },
	{ "s": "ГУБИ", "p": [192] },
	{ "s": "ГУБИХ", "p": [103] },
	{ "s": "ГУБИШ", "p": [199, 27] },
	{ "s": "ГУБЯ", "p": [199] },
	{ "s": "ГУГУТКА", "p": [183] },
	{ "s": "ГУЗЕН", "p": [131] },
	{ "s": "ГУЗНО", "p": [162] },
	{ "s": "ГУМА", "p": [71] },
	{ "s": "ГУМЕНО", "p": [183] },
	{ "s": "ГУНИ", "p": [183] },
	{ "s": "ГУРЕЛИ", "p": [58] },
	{ "s": "ГУША", "p": [101] },
	{ "s": "ГУШВА", "p": [116] },
	{ "s": "ГУШКАНЕ", "p": [61] },
	{ "s": "ГУШКАНИЯ", "p": [198] },
	{ "s": "ГУШНА", "p": [24] },
	{ "s": "ГУШНИ", "p": [168] },
	{ "s": "ГЪБИ", "p": [188] },
	{ "s": "ГЪБИЧКИ", "p": [193] },
	{ "s": "ГЪБИЧКИТЕ", "p": [193] },
	{ "s": "ГЪДЕЛИЧКАЩИ", "p": [201] },
	{ "s": "ГЪЗ", "p": [139] },
	{ "s": "ГЪЗАРЕЕНЕ", "p": [188] },
	{ "s": "ГЪЗАРЕЕНЕТО", "p": [188] },
	{ "s": "ГЪЗЪ", "p": [191] },
	{ "s": "ГЪЛТАШ", "p": [184, 183] },
	{ "s": "ГЪЛЪБЧЕТА", "p": [200] },
	{ "s": "ГЪРБА", "p": [158] },
	{ "s": "ГЪРБИ", "p": [48] },
	{ "s": "ГЪРБОВЕТЕ", "p": [15] },
	{ "s": "ГЪРБЪТ", "p": [164] },
	{ "s": "ГЪРДАТА", "p": [186, 82] },
	{ "s": "ГЪРДИ", "p": [201, 192, 183] },
	{ "s": "ГЪРДИТЕ", "p": [200, 60, 40] },
	{ "s": "ГЪРКО", "p": [188] },
	{ "s": "ГЪРЛА", "p": [69] },
	{ "s": "ГЪРЛЕНИТЕ", "p": [144] },
	{ "s": "ГЪРЛЕНО", "p": [27] },
	{ "s": "ГЪРЛО", "p": [186] },
	{ "s": "ГЪРЛОТО", "p": [98] },
	{ "s": "ГЪРЧ", "p": [183, 85] },
	{ "s": "ГЪРЧОВЕ", "p": [48] },
	{ "s": "ГЪСЕНИЦА", "p": [185] },
	{ "s": "ГЪСЕНИЦАТА", "p": [53] },
	{ "s": "ГЪСТА", "p": [201, 117] },
	{ "s": "ГЪСТИ", "p": [102] },
	{ "s": "ГЪСТОСЛУЗЕСТА", "p": [202] }
]