[
	{ "s": "M", "p": [49] },
	{ "s": "MAD", "p": [209] },
	{ "s": "MADE", "p": [209] },
	{ "s": "MAKE", "p": [208, 204] },
	{ "s": "MAKES", "p": [205] },
	{ "s": "MAKING", "p": [209] },
	{ "s": "MAN", "p": [208, 209] },
	{ "s": "MANGO", "p": [191] },
	{ "s": "MANSON", "p": [208] },
	{ "s": "MANY", "p": [208] },
	{ "s": "MARILYN", "p": [208] },
	{ "s": "MARK", "p": [206, 49] },
	{ "s": "MAY", "p": [209] },
	{ "s": "MAZKATA", "p": [202] },
	{ "s": "ME", "p": [205, 208, 206, 204, 146, 49] },
	{ "s": "MEANING", "p": [206] },
	{ "s": "MEANS", "p": [209] },
	{ "s": "MEET", "p": [205] },
	{ "s": "MELISA_MOTHERLAND", "p": [193] },
	{ "s": "MERCY", "p": [209] },
	{ "s": "MI", "p": [202] },
	{ "s": "MIGHT", "p": [204, 209] },
	{ "s": "MILLION", "p": [205] },
	{ "s": "MIND", "p": [208] },
	{ "s": "MINUTE", "p": [207] },
	{ "s": "MIRROR", "p": [49] },
	{ "s": "MISCHIEF", "p": [209] },
	{ "s": "MISTAKE", "p": [206] },
	{ "s": "MNOGO", "p": [202] },
	{ "s": "MOMENT", "p": [207, 209] },
	{ "s": "MOMENT'S", "p": [207] },
	{ "s": "MONEY", "p": [207] },
	{ "s": "MONSTER", "p": [208] },
	{ "s": "MOON", "p": [204] },
	{ "s": "MOONLIGHT", "p": [206] },
	{ "s": "MORE", "p": [10] },
	{ "s": "MORNING", "p": [206, 205] },
	{ "s": "MORPHINE", "p": [49] },
	{ "s": "MORTEM", "p": [18] },
	{ "s": "MOTION", "p": [209] },
	{ "s": "MOTIONLESS", "p": [205] },
	{ "s": "MUSCLES", "p": [208] },
	{ "s": "MUST", "p": [204] },
	{ "s": "MUTE", "p": [209] },
	{ "s": "MY", "p": [209, 208, 207, 206, 205] },
	{ "s": "MYTH", "p": [209] },
	{ "s": "MЪЖЪТ", "p": [208] }
]