[
	{ "s": "OCEAN", "p": [209] },
	{ "s": "OF", "p": [209, 208, 205, 204, 207, 183, 1] },
	{ "s": "OFF", "p": [208] },
	{ "s": "OH", "p": [207] },
	{ "s": "OLD", "p": [207] },
	{ "s": "ON", "p": [204, 209, 208, 207, 205] },
	{ "s": "ONCE", "p": [209] },
	{ "s": "ONE", "p": [205, 208] },
	{ "s": "ONLY", "p": [207] },
	{ "s": "OPEN", "p": [206, 208] },
	{ "s": "OR", "p": [205, 204] },
	{ "s": "OTHER", "p": [208] },
	{ "s": "OTHERWISE", "p": [209] },
	{ "s": "OTKROVENIA", "p": [194, 1] },
	{ "s": "OTKROVENIA.COM", "p": [194, 1] },
	{ "s": "OTROVENIA", "p": [193] },
	{ "s": "OTROVENIA.COM", "p": [193] },
	{ "s": "OUR", "p": [204] },
	{ "s": "OUT", "p": [209, 206] },
	{ "s": "OVERHEAD", "p": [205] },
	{ "s": "OWN", "p": [209] },
	{ "s": "OЛЮЩЕНО", "p": [165] },
	{ "s": "OСТАНАХ", "p": [145] },
	{ "s": "OТ", "p": [66] },
	{ "s": "OЧИ", "p": [146] },
	{ "s": "OЧИТЕ", "p": [79] }
]