[
	{ "s": "WAKING", "p": [205] },
	{ "s": "WALL", "p": [205] },
	{ "s": "WAS", "p": [208, 209, 206, 204] },
	{ "s": "WATER", "p": [207] },
	{ "s": "WAVES", "p": [205] },
	{ "s": "WE", "p": [209, 207, 208, 146] },
	{ "s": "WE'RE", "p": [208] },
	{ "s": "WEBSITE", "p": [1] },
	{ "s": "WEED", "p": [208] },
	{ "s": "WELL", "p": [204] },
	{ "s": "WERE", "p": [204] },
	{ "s": "WE’RE", "p": [209] },
	{ "s": "WHAT", "p": [209, 205, 204] },
	{ "s": "WHEN", "p": [209, 204, 208, 206] },
	{ "s": "WHERE", "p": [209, 206, 205] },
	{ "s": "WHERE'S", "p": [205] },
	{ "s": "WHILE", "p": [209] },
	{ "s": "WHO", "p": [151] },
	{ "s": "WHY", "p": [209, 205] },
	{ "s": "WHY'D", "p": [209] },
	{ "s": "WHY'S", "p": [205] },
	{ "s": "WIDE", "p": [205] },
	{ "s": "WILL", "p": [208, 204] },
	{ "s": "WILLOWING", "p": [205] },
	{ "s": "WIND", "p": [207] },
	{ "s": "WINDOW", "p": [205] },
	{ "s": "WINDOWS", "p": [205] },
	{ "s": "WINDS", "p": [209] },
	{ "s": "WINGS", "p": [209, 205] },
	{ "s": "WISHES", "p": [208] },
	{ "s": "WITH", "p": [209] },
	{ "s": "WITHIN", "p": [209] },
	{ "s": "WITHOUT", "p": [204] },
	{ "s": "WOMAN", "p": [204, 206] },
	{ "s": "WON", "p": [209, 207, 204] },
	{ "s": "WON'T", "p": [207, 204] },
	{ "s": "WON’T", "p": [209] },
	{ "s": "WORD", "p": [204] },
	{ "s": "WORLD", "p": [204, 209, 208] },
	{ "s": "WORRIED", "p": [209] },
	{ "s": "WRITER", "p": [194] },
	{ "s": "WRONG", "p": [209] }
]