[
	{ "s": "РÓБОТОПОДОБНИ", "p": [160] },
	{ "s": "РАБОТА", "p": [202, 194, 200, 197, 96, 90, 63, 33] },
	{ "s": "РАБОТЕШЕ", "p": [200] },
	{ "s": "РАБОТИ", "p": [198, 197, 191] },
	{ "s": "РАБОТНА", "p": [183] },
	{ "s": "РАБОТНИ", "p": [194] },
	{ "s": "РАБОТНИЯТ", "p": [194] },
	{ "s": "РАБОТЯ", "p": [194] },
	{ "s": "РАВНОВЕСИЕ", "p": [183] },
	{ "s": "РАВНОСМЕТКА", "p": [91] },
	{ "s": "РАВНЯВАТ", "p": [188] },
	{ "s": "РАДВАМ", "p": [73] },
	{ "s": "РАДВАМЕ", "p": [183] },
	{ "s": "РАДВАХА", "p": [197] },
	{ "s": "РАДВАШЕ", "p": [202, 201, 185] },
	{ "s": "РАДОСТ", "p": [194, 191, 185, 183, 111, 84] },
	{ "s": "РАДОСТИ", "p": [183, 138] },
	{ "s": "РАДОСТТА", "p": [186, 111] },
	{ "s": "РАДУШНА", "p": [84] },
	{ "s": "РАЖДА", "p": [127] },
	{ "s": "РАЖДАНЕ", "p": [183] },
	{ "s": "РАЖДАНЕТО", "p": [153] },
	{ "s": "РАЗБЕРАТ", "p": [190] },
	{ "s": "РАЗБЕРЕ", "p": [198, 191, 111] },
	{ "s": "РАЗБЕРЕТЕ", "p": [150] },
	{ "s": "РАЗБЕРЕШ", "p": [186] },
	{ "s": "РАЗБИВАМ", "p": [65] },
	{ "s": "РАЗБИВАМЕ", "p": [146] },
	{ "s": "РАЗБИВАЩИ", "p": [76] },
	{ "s": "РАЗБИЛА", "p": [73] },
	{ "s": "РАЗБИРА", "p": [192, 202, 201, 189, 183] },
	{ "s": "РАЗБИРАМ", "p": [63] },
	{ "s": "РАЗБИРАНЕ", "p": [183] },
	{ "s": "РАЗБИРАТЕЛСТВО", "p": [183] },
	{ "s": "РАЗБИРАХТЕ", "p": [185] },
	{ "s": "РАЗБИРАЧИ", "p": [141] },
	{ "s": "РАЗБИРАШ", "p": [199, 185, 183, 39] },
	{ "s": "РАЗБИТА", "p": [183] },
	{ "s": "РАЗБИТИ", "p": [63, 41] },
	{ "s": "РАЗБИТО", "p": [201, 183] },
	{ "s": "РАЗБИТОСТИ", "p": [183] },
	{ "s": "РАЗБИХА", "p": [183] },
	{ "s": "РАЗБИЧКВАМ", "p": [183] },
	{ "s": "РАЗБРА", "p": [60, 45, 205, 201, 184, 183, 111, 48] },
	{ "s": "РАЗБРАЛ", "p": [193, 197] },
	{ "s": "РАЗБРАЛА", "p": [186] },
	{ "s": "РАЗБРАХ", "p": [191, 150, 103, 58] },
	{ "s": "РАЗБРАХА", "p": [201] },
	{ "s": "РАЗВАЛЯТ", "p": [159] },
	{ "s": "РАЗВЕДЕНИЯ", "p": [6] },
	{ "s": "РАЗВЕЕМ", "p": [126] },
	{ "s": "РАЗВЕЖДАМ", "p": [61] },
	{ "s": "РАЗВЕЖДАМЕ", "p": [66] },
	{ "s": "РАЗВЕЯНИ", "p": [103] },
	{ "s": "РАЗВИ", "p": [202] },
	{ "s": "РАЗВИВАМЕ", "p": [188] },
	{ "s": "РАЗВИТ", "p": [202] },
	{ "s": "РАЗВИТИЕ", "p": [192, 197, 195, 184] },
	{ "s": "РАЗВИХРИ", "p": [139] },
	{ "s": "РАЗВЛЕЧЕНИЕ", "p": [94] },
	{ "s": "РАЗВРАТ", "p": [185, 180, 148, 129] },
	{ "s": "РАЗВРАТА", "p": [185, 25] },
	{ "s": "РАЗВРЪЗКА", "p": [202] },
	{ "s": "РАЗВЪЛНУВАХ", "p": [191] },
	{ "s": "РАЗВЯВАМЕ", "p": [112] },
	{ "s": "РАЗГАДА", "p": [33] },
	{ "s": "РАЗГАРА", "p": [198] },
	{ "s": "РАЗГЛЕЖДАНЕ", "p": [33] },
	{ "s": "РАЗГНЕВЕНА", "p": [185] },
	{ "s": "РАЗГОВОРИ", "p": [202] },
	{ "s": "РАЗГОЛВАНИ", "p": [185] },
	{ "s": "РАЗГОЛЕНИ", "p": [185, 88] },
	{ "s": "РАЗГРАФЕНА", "p": [77] },
	{ "s": "РАЗДАВАТЕ", "p": [186] },
	{ "s": "РАЗДАДЕШ", "p": [180] },
	{ "s": "РАЗДЕЛЕНИ", "p": [183] },
	{ "s": "РАЗДЕЛЕНИЕ", "p": [33] },
	{ "s": "РАЗДЕЛНИ", "p": [183] },
	{ "s": "РАЗДЕЛНО", "p": [189] },
	{ "s": "РАЗДЕЛЯ", "p": [202] },
	{ "s": "РАЗДЕЛЯМ", "p": [61] },
	{ "s": "РАЗДЕЛЯНЕ", "p": [185] },
	{ "s": "РАЗДИПЛЕНИ", "p": [45] },
	{ "s": "РАЗДРАЗНЕНО", "p": [199] },
	{ "s": "РАЗДРОБЕНОТО", "p": [166] },
	{ "s": "РАЗДЪРПАНА", "p": [183] },
	{ "s": "РАЗДЯЛА", "p": [201, 183, 145, 20, 17] },
	{ "s": "РАЗДЯЛИ", "p": [27] },
	{ "s": "РАЗЕДИНЕНИЕ", "p": [195] },
	{ "s": "РАЗКАЖЕ", "p": [201] },
	{ "s": "РАЗКАЗА", "p": [200] },
	{ "s": "РАЗКАЗАНА", "p": [120] },
	{ "s": "РАЗКАЗВАМ", "p": [138] },
	{ "s": "РАЗКАЗИ", "p": [196] },
	{ "s": "РАЗКАРАЙ", "p": [186, 141] },
	{ "s": "РАЗКАТАЕ", "p": [186] },
	{ "s": "РАЗКЛОНЕНИЯ", "p": [174] },
	{ "s": "РАЗКОЛ", "p": [195] },
	{ "s": "РАЗКОНЦЕНТРИРАХА", "p": [202] },
	{ "s": "РАЗКОПАН", "p": [89] },
	{ "s": "РАЗКРАЧ", "p": [201] },
	{ "s": "РАЗКРАЧЕНА", "p": [50] },
	{ "s": "РАЗКРИ", "p": [202] },
	{ "s": "РАЗКРИВА", "p": [202] },
	{ "s": "РАЗКРИВАШЕ", "p": [199] },
	{ "s": "РАЗКРИТИ", "p": [191] },
	{ "s": "РАЗКЪСАНАТА", "p": [183, 11] },
	{ "s": "РАЗКЪСАНИ", "p": [50, 45] },
	{ "s": "РАЗКЪСАНИТЕ", "p": [184] },
	{ "s": "РАЗКЪСАНО", "p": [144] },
	{ "s": "РАЗКЪСАХ", "p": [206] },
	{ "s": "РАЗКЪСВАМ", "p": [185] },
	{ "s": "РАЗЛАГАМЕ", "p": [146] },
	{ "s": "РАЗЛАГАШ", "p": [184, 183] },
	{ "s": "РАЗЛИВА", "p": [185] },
	{ "s": "РАЗЛИВАМ", "p": [186] },
	{ "s": "РАЗЛИКА", "p": [193, 111] },
	{ "s": "РАЗЛИКАТА", "p": [190] },
	{ "s": "РАЗЛИСТВАШ", "p": [78] },
	{ "s": "РАЗЛИСТЕНИ", "p": [58] },
	{ "s": "РАЗЛИЧАВА", "p": [190] },
	{ "s": "РАЗЛИЧЕН", "p": [12] },
	{ "s": "РАЗЛИЧНИ", "p": [202, 199, 185, 160, 125] },
	{ "s": "РАЗЛИЧНО", "p": [198] },
	{ "s": "РАЗЛОЖЕН", "p": [86] },
	{ "s": "РАЗЛОЖЕНИЕТО", "p": [197] },
	{ "s": "РАЗЛЪКА", "p": [51] },
	{ "s": "РАЗЛЮБИ", "p": [201] },
	{ "s": "РАЗЛЮЛЯВА", "p": [195] },
	{ "s": "РАЗЛЯ", "p": [185] },
	{ "s": "РАЗМАЖЕ", "p": [183, 134] },
	{ "s": "РАЗМАЗАНИЯ", "p": [202] },
	{ "s": "РАЗМАЗВА", "p": [183] },
	{ "s": "РАЗМАХА", "p": [189] },
	{ "s": "РАЗМЕР", "p": [183] },
	{ "s": "РАЗМЕРА", "p": [183] },
	{ "s": "РАЗМИВА", "p": [37] },
	{ "s": "РАЗМИВАТ", "p": [16] },
	{ "s": "РАЗМИНАВАНЕ", "p": [183, 11] },
	{ "s": "РАЗМИНАВАТ", "p": [26] },
	{ "s": "РАЗМИНАТ", "p": [205] },
	{ "s": "РАЗМИРИЦИ", "p": [183] },
	{ "s": "РАЗНЕБИТЕНА", "p": [73] },
	{ "s": "РАЗНИ", "p": [202] },
	{ "s": "РАЗОЧАРОВА", "p": [192] },
	{ "s": "РАЗОЧАРОВАНИЕ", "p": [193, 183] },
	{ "s": "РАЗПАДАМ", "p": [185] },
	{ "s": "РАЗПАДАХА", "p": [102] },
	{ "s": "РАЗПАДАЩИ", "p": [151] },
	{ "s": "РАЗПАДНА", "p": [145] },
	{ "s": "РАЗПАДНАТОСТ", "p": [184] },
	{ "s": "РАЗПАДНЕМЕ", "p": [146] },
	{ "s": "РАЗПЕРДУШИНВА", "p": [57] },
	{ "s": "РАЗПЕРИ", "p": [186] },
	{ "s": "РАЗПЕРИХ", "p": [119] },
	{ "s": "РАЗПИЛЕНИ", "p": [185, 88, 183, 170, 90] },
	{ "s": "РАЗПИЛЯ", "p": [193] },
	{ "s": "РАЗПИЛЯН", "p": [171, 48] },
	{ "s": "РАЗПИТВА", "p": [183] },
	{ "s": "РАЗПИТВАТ", "p": [107] },
	{ "s": "РАЗПИТВАШ", "p": [39] },
	{ "s": "РАЗПЛАКАНИЯТ", "p": [136] },
	{ "s": "РАЗПЛЕТАТ", "p": [33] },
	{ "s": "РАЗПЛЕТЕНИ", "p": [175] },
	{ "s": "РАЗПЛЕТЕНИТЕ", "p": [15] },
	{ "s": "РАЗПЛОД", "p": [183] },
	{ "s": "РАЗПОЗНАВА", "p": [192] },
	{ "s": "РАЗПОЛАГАМ", "p": [186] },
	{ "s": "РАЗПОЛАГАТ", "p": [193] },
	{ "s": "РАЗПОЛАГАШЕ", "p": [201] },
	{ "s": "РАЗПОЛОЖИЛ", "p": [194] },
	{ "s": "РАЗПОЯВА", "p": [183] },
	{ "s": "РАЗПРАВЯ", "p": [188] },
	{ "s": "РАЗПРАВЯХ", "p": [183, 53] },
	{ "s": "РАЗПРАВЯШЕ", "p": [199] },
	{ "s": "РАЗПРОДАДОХА", "p": [191] },
	{ "s": "РАЗПРОСТРАНИХА", "p": [190] },
	{ "s": "РАЗПРОСТРАНЯВА", "p": [189] },
	{ "s": "РАЗПРОСТРАНЯВАНИТЕ", "p": [188] },
	{ "s": "РАЗПРЪСНАТИ", "p": [148] },
	{ "s": "РАЗПЪВАЙ", "p": [36] },
	{ "s": "РАЗПЪВАМЕ", "p": [112] },
	{ "s": "РАЗПЪНЕМ", "p": [192] },
	{ "s": "РАЗПЪНЕШ", "p": [184] },
	{ "s": "РАЗПЪПВАЩА", "p": [116] },
	{ "s": "РАЗПЯТИЕ", "p": [26] },
	{ "s": "РАЗПЯТИЯ", "p": [53] },
	{ "s": "РАЗРАВЯТ", "p": [175] },
	{ "s": "РАЗРАЗИ", "p": [191] },
	{ "s": "РАЗРАСНА", "p": [10] },
	{ "s": "РАЗРЕВА", "p": [194] },
	{ "s": "РАЗРЕЗ", "p": [44] },
	{ "s": "РАЗРЕШИ", "p": [189] },
	{ "s": "РАЗРИВ", "p": [133] },
	{ "s": "РАЗРИВАМ", "p": [183] },
	{ "s": "РАЗРУХА", "p": [140, 111] },
	{ "s": "РАЗРУХАТА", "p": [161] },
	{ "s": "РАЗРЪЧКАН", "p": [129] },
	{ "s": "РАЗСЕЙВАНЕ", "p": [62] },
	{ "s": "РАЗСЕЙВАШ", "p": [78] },
	{ "s": "РАЗСЕЯНОСТ", "p": [183] },
	{ "s": "РАЗСЛЕДВАНЕ", "p": [199] },
	{ "s": "РАЗСТЛАН", "p": [156] },
	{ "s": "РАЗСТЛАНИ", "p": [185] },
	{ "s": "РАЗСТЛАХА", "p": [110] },
	{ "s": "РАЗСТОЯНИЕТО", "p": [186, 178] },
	{ "s": "РАЗСТРЕЛЯ", "p": [200] },
	{ "s": "РАЗСТРЕЛЯНО", "p": [185] },
	{ "s": "РАЗСТРОЙВАШЕ", "p": [202, 193] },
	{ "s": "РАЗСЪНИШ", "p": [185] },
	{ "s": "РАЗТАПЯХА", "p": [202] },
	{ "s": "РАЗТВАРЯМ", "p": [185] },
	{ "s": "РАЗТВАРЯТ", "p": [191] },
	{ "s": "РАЗТВАРЯЩА", "p": [183] },
	{ "s": "РАЗТВАРЯЩО", "p": [185] },
	{ "s": "РАЗТВОРЕНИЯТ", "p": [57] },
	{ "s": "РАЗТВОРИ", "p": [208, 56] },
	{ "s": "РАЗТВОРИХ", "p": [119] },
	{ "s": "РАЗТЕГНАТИ", "p": [129] },
	{ "s": "РАЗТИЧАМ", "p": [185] },
	{ "s": "РАЗТОПЕНАТА", "p": [202] },
	{ "s": "РАЗТРИВАМ", "p": [173] },
	{ "s": "РАЗТРЪБИ", "p": [189] },
	{ "s": "РАЗТУРЕНАТА", "p": [183] },
	{ "s": "РАЗТУХА", "p": [111] },
	{ "s": "РАЗТЪРСИ", "p": [202] },
	{ "s": "РАЗУМА", "p": [183, 149] },
	{ "s": "РАЗХВЪРЛЯМ", "p": [65] },
	{ "s": "РАЗХИЩЕНИЕ", "p": [200] },
	{ "s": "РАЗХОДКА", "p": [15] },
	{ "s": "РАЗЦЪФВАНЕ", "p": [168] },
	{ "s": "РАЗЧЕТЕ", "p": [150] },
	{ "s": "РАЗЧИТА", "p": [190] },
	{ "s": "РАЗЧИТАМ", "p": [60] },
	{ "s": "РАЗЧИТАТ", "p": [166] },
	{ "s": "РАЗЧИТАХ", "p": [103] },
	{ "s": "РАЗЧИТАШ", "p": [39] },
	{ "s": "РАЗЧОПЛЕН", "p": [183] },
	{ "s": "РАЗШЛЯКАЛА", "p": [198] },
	{ "s": "РАЗШЛЯКАХ", "p": [198] },
	{ "s": "РАЗЮЗДЕНО", "p": [78] },
	{ "s": "РАЗЯДЕНА", "p": [151] },
	{ "s": "РАЗЯДОХА", "p": [125] },
	{ "s": "РАЗЯРЕНО", "p": [111] },
	{ "s": "РАИРАН", "p": [84] },
	{ "s": "РАЙ", "p": [110, 79] },
	{ "s": "РАЙ-ОНИ", "p": [110] },
	{ "s": "РАЙОННИ", "p": [191] },
	{ "s": "РАЙСКИТЕ", "p": [188] },
	{ "s": "РАЙТЪР", "p": [194] },
	{ "s": "РАК", "p": [191] },
	{ "s": "РАКИЯ", "p": [183, 99] },
	{ "s": "РАМЕНЕ", "p": [202, 199] },
	{ "s": "РАМЕНЕТЕ", "p": [168] },
	{ "s": "РАМКА", "p": [183] },
	{ "s": "РАМКИ", "p": [31] },
	{ "s": "РАМКИТЕ", "p": [201] },
	{ "s": "РАМОТО", "p": [193, 164] },
	{ "s": "РАНА", "p": [183, 186, 40] },
	{ "s": "РАНАТА", "p": [191] },
	{ "s": "РАНАТА”(ЧЕТВЪРТА", "p": [191] },
	{ "s": "РАНГА", "p": [120] },
	{ "s": "РАНЕНА", "p": [185] },
	{ "s": "РАНЕНО", "p": [72] },
	{ "s": "РАНИ", "p": [183] },
	{ "s": "РАНИТЕ", "p": [164] },
	{ "s": "РАННА", "p": [183] },
	{ "s": "РАНО", "p": [201, 191, 90, 41] },
	{ "s": "РАНЯВА", "p": [190] },
	{ "s": "РАНЯВАНЕ", "p": [183] },
	{ "s": "РАСНАТ", "p": [186] },
	{ "s": "РАСНЕ", "p": [98] },
	{ "s": "РАСТАТ", "p": [129] },
	{ "s": "РАСТЕ", "p": [181, 144] },
	{ "s": "РАСТЕНЕТО", "p": [181] },
	{ "s": "РАСТЕНИЯ", "p": [200] },
	{ "s": "РАСТЯЩ", "p": [201] },
	{ "s": "РАСТЯЩО", "p": [67] },
	{ "s": "РАФИНИРАНО", "p": [109] },
	{ "s": "РАЯ", "p": [194, 186, 183, 106] },
	{ "s": "РАЯТ", "p": [183, 94] },
	{ "s": "РАЯТА", "p": [26] },
	{ "s": "РЕАКЦИИ", "p": [191] },
	{ "s": "РЕАЛЕН", "p": [79] },
	{ "s": "РЕАЛИЗАЦИЯ", "p": [200, 194, 193] },
	{ "s": "РЕАЛИЗИРА", "p": [202] },
	{ "s": "РЕАЛИСТИЧНА", "p": [125] },
	{ "s": "РЕАЛИЯ", "p": [193] },
	{ "s": "РЕАЛНАТА", "p": [194] },
	{ "s": "РЕАЛНО", "p": [185, 176, 140] },
	{ "s": "РЕАЛНОТО", "p": [181] },
	{ "s": "РЕАНИМАЦИЯ", "p": [191] },
	{ "s": "РЕБРА", "p": [208, 106] },
	{ "s": "РЕБРАТА", "p": [183, 110, 39] },
	{ "s": "РЕБРОТО", "p": [106] },
	{ "s": "РЕБУСИ", "p": [150] },
	{ "s": "РЕВ", "p": [171] },
	{ "s": "РЕВА", "p": [186] },
	{ "s": "РЕВЕМ", "p": [186, 146] },
	{ "s": "РЕВЕРБЕРИРА", "p": [199] },
	{ "s": "РЕВЕШ", "p": [199, 184, 183, 181] },
	{ "s": "РЕВНОСТ", "p": [183] },
	{ "s": "РЕВНОСТНО", "p": [192] },
	{ "s": "РЕВОЛВЕРИ", "p": [159] },
	{ "s": "РЕГИОН", "p": [188] },
	{ "s": "РЕД", "p": [184, 208, 191, 103, 99, 33] },
	{ "s": "РЕДА", "p": [33, 183, 194, 191] },
	{ "s": "РЕДАКТИРАНО", "p": [56] },
	{ "s": "РЕДАКТИРАШЕ", "p": [193] },
	{ "s": "РЕДАКТОР", "p": [193] },
	{ "s": "РЕДАКТОРИ", "p": [193] },
	{ "s": "РЕДАКЦИЯ", "p": [140, 106, 100, 37, 9, 6] },
	{ "s": "РЕДИЦА", "p": [183] },
	{ "s": "РЕДНО", "p": [189, 191] },
	{ "s": "РЕДОВЕ", "p": [191] },
	{ "s": "РЕДОВЕТЕ", "p": [39] },
	{ "s": "РЕДОВИЯ", "p": [200, 189] },
	{ "s": "РЕДОВНАТА", "p": [33] },
	{ "s": "РЕДОВНИЯТ", "p": [194] },
	{ "s": "РЕДОВНО", "p": [202] },
	{ "s": "РЕДОВНОТО", "p": [8] },
	{ "s": "РЕДОМ", "p": [189, 132] },
	{ "s": "РЕДУВАНЕ", "p": [183] },
	{ "s": "РЕДЪТ", "p": [123] },
	{ "s": "РЕЕХА", "p": [204] },
	{ "s": "РЕЕШ", "p": [123] },
	{ "s": "РЕЖА", "p": [186, 82] },
	{ "s": "РЕЖАТ", "p": [191, 140] },
	{ "s": "РЕЖЕНЕТО", "p": [28] },
	{ "s": "РЕЖЕШ", "p": [52, 31] },
	{ "s": "РЕЖЕЩ", "p": [175] },
	{ "s": "РЕЖЕЩИ", "p": [57] },
	{ "s": "РЕЖИМ", "p": [190] },
	{ "s": "РЕЖИСЬОР", "p": [192] },
	{ "s": "РЕЗЕНЧЕ", "p": [106] },
	{ "s": "РЕЗОН", "p": [185] },
	{ "s": "РЕЗОНАНС", "p": [64] },
	{ "s": "РЕЗУЛМАМИТЕ", "p": [192] },
	{ "s": "РЕЗУЛТАТ", "p": [174, 164] },
	{ "s": "РЕЗУЛТАТИ", "p": [192] },
	{ "s": "РЕЗУЛТАТИТЕ", "p": [192, 191] },
	{ "s": "РЕЙ", "p": [204, 10] },
	{ "s": "РЕЙТОВЕ", "p": [190] },
	{ "s": "РЕКА", "p": [183] },
	{ "s": "РЕКВИЕМ", "p": [58, 57] },
	{ "s": "РЕКВИЗИТА", "p": [201] },
	{ "s": "РЕКЕТ", "p": [191] },
	{ "s": "РЕКЛАМА", "p": [201, 188] },
	{ "s": "РЕКЛАМАТА", "p": [79, 70] },
	{ "s": "РЕКЛАМИ", "p": [184, 128, 38] },
	{ "s": "РЕКЛАМИТЕ", "p": [183] },
	{ "s": "РЕКЛАМНА", "p": [122] },
	{ "s": "РЕКЛАМНИ", "p": [122] },
	{ "s": "РЕКОЛТИ", "p": [110] },
	{ "s": "РЕКОРДИ", "p": [202] },
	{ "s": "РЕКОХ", "p": [199] },
	{ "s": "РЕЛАКС", "p": [183] },
	{ "s": "РЕЛИГИИ", "p": [45] },
	{ "s": "РЕЛИГИЯ", "p": [191, 119] },
	{ "s": "РЕЛСИТЕ", "p": [192] },
	{ "s": "РЕМОНТ", "p": [195, 194] },
	{ "s": "РЕНЕСАНС", "p": [100] },
	{ "s": "РЕНЕСЕАНС", "p": [112] },
	{ "s": "РЕНТГЕНОВИ", "p": [191] },
	{ "s": "РЕПЛИКИ", "p": [183] },
	{ "s": "РЕПРЕСИРА", "p": [191] },
	{ "s": "РЕСАНА", "p": [183] },
	{ "s": "РЕСПЕКТ", "p": [192] },
	{ "s": "РЕСТАРТ", "p": [183] },
	{ "s": "РЕСТОРАНТ", "p": [191] },
	{ "s": "РЕТРОСПЕКУЛА", "p": [83] },
	{ "s": "РЕТРОСПЕКЦИЯ", "p": [71] },
	{ "s": "РЕФЛЕКСИЯ", "p": [6] },
	{ "s": "РЕЦИДИВ", "p": [40] },
	{ "s": "РЕЦИДИВИ", "p": [183, 110] },
	{ "s": "РЕЦИТАЛ", "p": [61] },
	{ "s": "РЕЧ", "p": [112] },
	{ "s": "РЕЧЕ", "p": [202] },
	{ "s": "РЕЧЕМ", "p": [188] },
	{ "s": "РЕЧЕН", "p": [186] },
	{ "s": "РЕЧЕНО", "p": [202] },
	{ "s": "РЕЧЕНО-СТОРЕНО", "p": [202] },
	{ "s": "РЕША", "p": [194] },
	{ "s": "РЕШАТ", "p": [29] },
	{ "s": "РЕШЕНИЕ", "p": [201, 202, 193] },
	{ "s": "РЕШЕНИЕТО", "p": [201] },
	{ "s": "РЕШЕНИЯ", "p": [183, 63] },
	{ "s": "РЕШЕНИЯТА", "p": [92] },
	{ "s": "РЕШЕТКИ", "p": [188, 31] },
	{ "s": "РЕШИ", "p": [202, 199, 96, 16] },
	{ "s": "РЕШИЛ", "p": [198] },
	{ "s": "РЕШИЛА", "p": [202] },
	{ "s": "РЕШИХ", "p": [194] },
	{ "s": "РИБИТЕ", "p": [186] },
	{ "s": "РИБКИ", "p": [194] },
	{ "s": "РИБОЛОВ", "p": [192] },
	{ "s": "РИЗА", "p": [136, 43] },
	{ "s": "РИЗИ", "p": [150] },
	{ "s": "РИЗНИЦА", "p": [112] },
	{ "s": "РИКОШЕТ", "p": [5] },
	{ "s": "РИЛА", "p": [191] },
	{ "s": "РИМА", "p": [193, 152, 141, 57] },
	{ "s": "РИМИ", "p": [193, 136, 35] },
	{ "s": "РИНЕ", "p": [193] },
	{ "s": "РИСКУВА", "p": [193] },
	{ "s": "РИСКУВАХ", "p": [198] },
	{ "s": "РИСУВА", "p": [201] },
	{ "s": "РИТАЙ", "p": [64] },
	{ "s": "РИТАШ", "p": [185] },
	{ "s": "РИТМИ", "p": [183, 64, 57] },
	{ "s": "РИТМИЧНО", "p": [201] },
	{ "s": "РИТУАЛ", "p": [198] },
	{ "s": "РИТЪМ", "p": [193, 107, 40] },
	{ "s": "РИТЪМА", "p": [76] },
	{ "s": "РИЦАР", "p": [112] },
	{ "s": "РЛА", "p": [141] },
	{ "s": "РОБ", "p": [103] },
	{ "s": "РОБИ", "p": [108] },
	{ "s": "РОБОТ", "p": [184] },
	{ "s": "РОБОТИ", "p": [159, 107] },
	{ "s": "РОБСТВО", "p": [191] },
	{ "s": "РОБСТВОТО", "p": [189] },
	{ "s": "РОБУВА", "p": [122] },
	{ "s": "РОБУВАНЕ", "p": [129] },
	{ "s": "РОВИШ", "p": [186, 156] },
	{ "s": "РОВУ", "p": [183] },
	{ "s": "РОВЯ", "p": [166] },
	{ "s": "РОГА", "p": [33, 182] },
	{ "s": "РОГАТА", "p": [33] },
	{ "s": "РОД", "p": [148] },
	{ "s": "РОДЕН", "p": [144] },
	{ "s": "РОДЕНА", "p": [185, 77, 48, 34] },
	{ "s": "РОДЕНИ", "p": [201, 192, 186] },
	{ "s": "РОДИ", "p": [183, 201] },
	{ "s": "РОДИНА", "p": [194, 189] },
	{ "s": "РОДИХ", "p": [147, 208] },
	{ "s": "РОДИХМЕ", "p": [184, 162, 75] },
	{ "s": "РОДНИНИ", "p": [183] },
	{ "s": "РОДОПСКИ", "p": [191] },
	{ "s": "РОДЯ", "p": [145] },
	{ "s": "РОЖБИ", "p": [201, 191] },
	{ "s": "РОЖДЕН", "p": [83] },
	{ "s": "РОЖДЕНИЕ", "p": [34] },
	{ "s": "РОЗИ", "p": [168, 169, 147] },
	{ "s": "РОЗИТЕ", "p": [184, 38] },
	{ "s": "РОЗОВ", "p": [186] },
	{ "s": "РОЗОВА", "p": [65, 64, 62, 44] },
	{ "s": "РОЗОВИ", "p": [58] },
	{ "s": "РОЗОВО", "p": [183, 38, 9] },
	{ "s": "РОЗОВОТО", "p": [166] },
	{ "s": "РОКЛЯ", "p": [200] },
	{ "s": "РОЛИ", "p": [183] },
	{ "s": "РОЛЯ", "p": [184, 183, 22] },
	{ "s": "РОЛЯТА", "p": [184, 202] },
	{ "s": "РОМ", "p": [189] },
	{ "s": "РОМ-ГЕЙ", "p": [189] },
	{ "s": "РОМАНТИКА", "p": [201] },
	{ "s": "РОМАНТИКАТА", "p": [81] },
	{ "s": "РОМАНТИЧЕН", "p": [138] },
	{ "s": "РОМАНТИЧНА", "p": [185] },
	{ "s": "РОМАНТИЧНИ", "p": [198] },
	{ "s": "РОМЕО", "p": [183] },
	{ "s": "РОМЕО-ЖУЛИЕТЕНА", "p": [183] },
	{ "s": "РОМИ", "p": [191, 188] },
	{ "s": "РОМОЛЕШЕ", "p": [202] },
	{ "s": "РОМОН", "p": [186] },
	{ "s": "РОМОНЪТ", "p": [185] },
	{ "s": "РОМОСЕКСУАЛИСТ", "p": [189] },
	{ "s": "РОМСКИ", "p": [191] },
	{ "s": "РОНИ", "p": [129] },
	{ "s": "РОНЯ", "p": [67, 54] },
	{ "s": "РОСА", "p": [192] },
	{ "s": "РОШАТ", "p": [29] },
	{ "s": "РПУ", "p": [190] },
	{ "s": "РУГАЯ", "p": [188] },
	{ "s": "РУИНИ", "p": [69] },
	{ "s": "РУКНАХА", "p": [185] },
	{ "s": "РУЛЕТКИТЕ", "p": [159] },
	{ "s": "РУМЕНЕЯТ", "p": [186] },
	{ "s": "РУНТАВИ", "p": [201] },
	{ "s": "РУСАЛКА", "p": [41] },
	{ "s": "РУСАЛКАТА", "p": [41] },
	{ "s": "РУСКИ", "p": [195, 159] },
	{ "s": "РУСНАКА", "p": [194] },
	{ "s": "РУТИНА", "p": [12] },
	{ "s": "РУТИНАТА", "p": [197] },
	{ "s": "РУХВАТ", "p": [69, 52] },
	{ "s": "РУХВАШ", "p": [183] },
	{ "s": "РУХНА", "p": [23] },
	{ "s": "РУХНАЛО", "p": [193] },
	{ "s": "РУША", "p": [185] },
	{ "s": "РУШЕНЕ", "p": [195] },
	{ "s": "РУШЕНЕТО", "p": [195] },
	{ "s": "РУШИТЕ", "p": [186] },
	{ "s": "РЪБА", "p": [104] },
	{ "s": "РЪБАТИТЕ", "p": [208] },
	{ "s": "РЪБЕСТАТА", "p": [186] },
	{ "s": "РЪГАШ", "p": [186] },
	{ "s": "РЪЖДА", "p": [183] },
	{ "s": "РЪЖДЯСАЛИ", "p": [192] },
	{ "s": "РЪКА", "p": [185, 194, 191, 186, 200, 198, 192, 183, 167, 147, 139, 111, 104, 82, 79, 71, 69] },
	{ "s": "РЪКАТА", "p": [10, 205, 201, 190, 164, 139, 119, 33] },
	{ "s": "РЪКОВОДЕНО", "p": [194] },
	{ "s": "РЪКОПЛЯСКА", "p": [192] },
	{ "s": "РЪКОПЛЯСКАНЕ", "p": [192] },
	{ "s": "РЪКОПЛЯСКАНИЯ", "p": [192] },
	{ "s": "РЪКОПЛЯСКАНИЯТА", "p": [192] },
	{ "s": "РЪКОПЛЯСКАХА", "p": [184] },
	{ "s": "РЪКОПЛЯСКАШ", "p": [141] },
	{ "s": "РЪКОПЛЯСКАЩИ", "p": [192] },
	{ "s": "РЪКОПЛЯСКАЩИТЕ", "p": [192] },
	{ "s": "РЪКОСТИСКАНЕ", "p": [167] },
	{ "s": "РЪМЖЕШЕ", "p": [16] },
	{ "s": "РЪСЕНИ", "p": [58] },
	{ "s": "РЪСТА", "p": [183] },
	{ "s": "РЪФАМЕ", "p": [106] },
	{ "s": "РЪФАТ", "p": [14] },
	{ "s": "РЪФАШ", "p": [186] },
	{ "s": "РЪФАЩА", "p": [185] },
	{ "s": "РЪЦЕ", "p": [201, 200, 193, 185, 169, 168, 127, 119, 62, 5] },
	{ "s": "РЪЦЕТЕ", "p": [175, 208, 206, 201, 185, 125, 119, 70, 57] },
	{ "s": "РЪЧИЧКИТЕ", "p": [77] },
	{ "s": "РЯДКО", "p": [192, 149] },
	{ "s": "РЯДКОСТ", "p": [197, 194] },
	{ "s": "РЯДЪК", "p": [202, 40] },
	{ "s": "РЯЗКА", "p": [194] },
	{ "s": "РЯЗКО", "p": [200, 199, 192, 139] }
]