[
	{ "s": "Я", "p": [199, 183, 202, 71, 198, 206, 192, 201, 90, 200, 193, 188, 186, 68, 195, 194, 157, 127, 126, 116, 111, 109, 98, 53, 48, 41, 17] },
	{ "s": "Я́", "p": [183] },
	{ "s": "ЯБЪЛКА", "p": [208] },
	{ "s": "ЯБЪЛКИ", "p": [106, 20] },
	{ "s": "ЯБЪЛКИТЕ", "p": [20] },
	{ "s": "ЯВИ", "p": [183] },
	{ "s": "ЯВЛЕНИЕ", "p": [188] },
	{ "s": "ЯВНАТА", "p": [202] },
	{ "s": "ЯВНИ", "p": [184] },
	{ "s": "ЯВНОТО", "p": [202] },
	{ "s": "ЯВЯВАТ", "p": [189] },
	{ "s": "ЯГОДИ", "p": [75] },
	{ "s": "ЯД", "p": [201, 129] },
	{ "s": "ЯДАТ", "p": [123] },
	{ "s": "ЯДЕМ", "p": [194] },
	{ "s": "ЯДЕШ", "p": [188, 186] },
	{ "s": "ЯДКА", "p": [81] },
	{ "s": "ЯДНО", "p": [199] },
	{ "s": "ЯЗВА", "p": [68] },
	{ "s": "ЯЗВИ", "p": [186] },
	{ "s": "ЯЙЦА", "p": [201, 183] },
	{ "s": "ЯЙЦАТА", "p": [65] },
	{ "s": "ЯКА", "p": [192] },
	{ "s": "ЯКАТА", "p": [192] },
	{ "s": "ЯКИТЕ", "p": [192] },
	{ "s": "ЯКИЯТ", "p": [192] },
	{ "s": "ЯЛ", "p": [188] },
	{ "s": "ЯЛО", "p": [16] },
	{ "s": "ЯЛОВ", "p": [145] },
	{ "s": "ЯЛОВО", "p": [184] },
	{ "s": "ЯМА", "p": [183] },
	{ "s": "ЯННО", "p": [183] },
	{ "s": "ЯПОНСКИ", "p": [152] },
	{ "s": "ЯРКИТЕ", "p": [205] },
	{ "s": "ЯРОСТ", "p": [199, 111, 49] },
	{ "s": "ЯСЕН", "p": [57] },
	{ "s": "ЯСНА", "p": [173] },
	{ "s": "ЯСНО", "p": [202, 192, 198, 193, 185, 16] },
	{ "s": "ЯСНОТО", "p": [63] },
	{ "s": "ЯТА", "p": [170] },
	{ "s": "ЯТАТА", "p": [185, 88] },
	{ "s": "ЯТО", "p": [181] },
	{ "s": "ЯХНАЛИ", "p": [205] }
]