[
	{ "s": "ЛАБИЛНА", "p": [190] },
	{ "s": "ЛАБИРИНТ", "p": [83] },
	{ "s": "ЛАБИРИНТЕНАТА", "p": [68] },
	{ "s": "ЛАБИРИНТИ", "p": [205, 151] },
	{ "s": "ЛАВИРА", "p": [202] },
	{ "s": "ЛАВИЦИ", "p": [157] },
	{ "s": "ЛАЕ", "p": [186] },
	{ "s": "ЛАЕШЕ", "p": [16, 15] },
	{ "s": "ЛАЕЩИ", "p": [44] },
	{ "s": "ЛАЖОВА", "p": [192] },
	{ "s": "ЛАЗЕНЕ", "p": [184, 154] },
	{ "s": "ЛАЙНА", "p": [208, 202, 191] },
	{ "s": "ЛАЙНО", "p": [202] },
	{ "s": "ЛАЙФСТАЙЛ", "p": [188] },
	{ "s": "ЛАКОМО", "p": [105] },
	{ "s": "ЛАМБОРГИНИ", "p": [188] },
	{ "s": "ЛАМБОРГИНИТА", "p": [188] },
	{ "s": "ЛАМПА", "p": [183] },
	{ "s": "ЛАМПАТА", "p": [198] },
	{ "s": "ЛАМПИ", "p": [194] },
	{ "s": "ЛАНГАТА", "p": [202] },
	{ "s": "ЛАПАЛО", "p": [104] },
	{ "s": "ЛАПИТЕ", "p": [202] },
	{ "s": "ЛАСКА", "p": [98] },
	{ "s": "ЛАСКАТЕЛЕН", "p": [22] },
	{ "s": "ЛАСКИ", "p": [46] },
	{ "s": "ЛАСКИТЕ", "p": [202] },
	{ "s": "ЛАТИНИЦА", "p": [189] },
	{ "s": "ЛАФОВЕ", "p": [202] },
	{ "s": "ЛАЧЕНИ", "p": [45] },
	{ "s": "ЛВ", "p": [194, 191] },
	{ "s": "ЛЕБЕДИ", "p": [186] },
	{ "s": "ЛЕБЕДОВО", "p": [136] },
	{ "s": "ЛЕБЕДОВО-ЗИМНО", "p": [136] },
	{ "s": "ЛЕВА", "p": [191] },
	{ "s": "ЛЕВЕНТ", "p": [201, 200] },
	{ "s": "ЛЕВСКИ", "p": [194, 191, 189, 195] },
	{ "s": "ЛЕГЕНДИ", "p": [110] },
	{ "s": "ЛЕГЛА", "p": [94] },
	{ "s": "ЛЕГЛО", "p": [202] },
	{ "s": "ЛЕГЛОТО", "p": [198, 6] },
	{ "s": "ЛЕГНА", "p": [202] },
	{ "s": "ЛЕГНАЛ", "p": [168] },
	{ "s": "ЛЕГНЕ", "p": [202] },
	{ "s": "ЛЕД", "p": [180, 186, 185, 183] },
	{ "s": "ЛЕДА", "p": [162] },
	{ "s": "ЛЕДЕН", "p": [183] },
	{ "s": "ЛЕДЕНИ", "p": [87] },
	{ "s": "ЛЕДНА", "p": [93] },
	{ "s": "ЛЕДНИ", "p": [185] },
	{ "s": "ЛЕДОВЕТЕ", "p": [48] },
	{ "s": "ЛЕДЪТ", "p": [148] },
	{ "s": "ЛЕЕ", "p": [62] },
	{ "s": "ЛЕЖАЛА", "p": [6] },
	{ "s": "ЛЕЖИМ", "p": [198] },
	{ "s": "ЛЕК", "p": [201, 190, 186, 150] },
	{ "s": "ЛЕКА", "p": [14, 202, 200, 137, 36] },
	{ "s": "ЛЕКАР", "p": [191] },
	{ "s": "ЛЕКАРЯТ", "p": [191] },
	{ "s": "ЛЕКЕ", "p": [191] },
	{ "s": "ЛЕКИ", "p": [81] },
	{ "s": "ЛЕКО", "p": [33, 202, 200, 194, 24] },
	{ "s": "ЛЕКОМИСЛИЕТО", "p": [185] },
	{ "s": "ЛЕКОТА", "p": [48] },
	{ "s": "ЛЕКУВА", "p": [185, 183] },
	{ "s": "ЛЕНТАТА", "p": [8] },
	{ "s": "ЛЕПА", "p": [168] },
	{ "s": "ЛЕПИЛО", "p": [104] },
	{ "s": "ЛЕПКАВ", "p": [152] },
	{ "s": "ЛЕПКАВИТЕ", "p": [29] },
	{ "s": "ЛЕПНА", "p": [168] },
	{ "s": "ЛЕПНАЛ", "p": [183] },
	{ "s": "ЛЕПНЕ", "p": [183] },
	{ "s": "ЛЕПНЕЩИЯТ", "p": [142] },
	{ "s": "ЛЕСЕН", "p": [201, 185] },
	{ "s": "ЛЕСНО", "p": [166, 195, 183, 202, 200, 191, 190, 188, 186, 185, 149, 81, 58] },
	{ "s": "ЛЕТА", "p": [71] },
	{ "s": "ЛЕТАРГИЯ", "p": [186] },
	{ "s": "ЛЕТВИ", "p": [31] },
	{ "s": "ЛЕТЕЖ", "p": [183] },
	{ "s": "ЛЕТЕН", "p": [204, 180, 170, 117, 59] },
	{ "s": "ЛЕТИ", "p": [205, 202] },
	{ "s": "ЛЕТИШ", "p": [181] },
	{ "s": "ЛЕТЯ", "p": [204] },
	{ "s": "ЛЕТЯТ", "p": [181] },
	{ "s": "ЛЕТЯХМЕ", "p": [4] },
	{ "s": "ЛЕХА", "p": [185] },
	{ "s": "ЛЕШ", "p": [142, 112] },
	{ "s": "ЛЕШОЯДИ", "p": [197] },
	{ "s": "ЛЕЩА", "p": [194] },
	{ "s": "ЛИ", "p": [183, 199, 186, 191, 33, 109, 100, 185, 60, 28, 202, 157, 126, 53, 188, 101, 30, 27, 205, 198, 194, 192, 184, 164, 146, 143, 96, 67, 63, 57, 45, 37, 10, 201, 200, 195, 190, 189, 174, 167, 159, 118, 111, 106, 104, 90, 77, 74, 73, 72, 58, 47, 38, 36, 35, 22, 17, 15, 3] },
	{ "s": "ЛИГА", "p": [195] },
	{ "s": "ЛИГАВЕЩИ", "p": [44] },
	{ "s": "ЛИДЕРА", "p": [181] },
	{ "s": "ЛИЖА", "p": [183] },
	{ "s": "ЛИЗAНА", "p": [9] },
	{ "s": "ЛИК", "p": [156] },
	{ "s": "ЛИКА", "p": [109] },
	{ "s": "ЛИКВИДИРА", "p": [188] },
	{ "s": "ЛИКОВЕ", "p": [32] },
	{ "s": "ЛИКЪТ", "p": [183] },
	{ "s": "ЛИЛИИТЕ", "p": [194] },
	{ "s": "ЛИНЕЙКАТА", "p": [191] },
	{ "s": "ЛИНИЯТА", "p": [195, 192] },
	{ "s": "ЛИНК", "p": [6] },
	{ "s": "ЛИНЧ", "p": [184] },
	{ "s": "ЛИПСА", "p": [201, 184, 98] },
	{ "s": "ЛИПСАТА", "p": [201, 194, 191, 186, 185, 183, 177, 160, 79] },
	{ "s": "ЛИПСВА", "p": [138, 17] },
	{ "s": "ЛИПСВАЙ", "p": [78] },
	{ "s": "ЛИПСВАМ", "p": [183] },
	{ "s": "ЛИПСВАТ", "p": [183] },
	{ "s": "ЛИПСВАШ", "p": [192, 184] },
	{ "s": "ЛИПСВАЩОТО", "p": [3] },
	{ "s": "ЛИПСИТЕ", "p": [183, 32] },
	{ "s": "ЛИРА", "p": [87] },
	{ "s": "ЛИРИКА", "p": [2] },
	{ "s": "ЛИРИЧНАТА", "p": [120] },
	{ "s": "ЛИСИЦИ", "p": [103] },
	{ "s": "ЛИСТ", "p": [143] },
	{ "s": "ЛИСТА", "p": [170, 141, 84] },
	{ "s": "ЛИСТАКА", "p": [194] },
	{ "s": "ЛИСТАТА", "p": [185, 89, 88, 81] },
	{ "s": "ЛИСТЕНЦА", "p": [58] },
	{ "s": "ЛИСТОВКА", "p": [43] },
	{ "s": "ЛИСТОПАД", "p": [114] },
	{ "s": "ЛИСТОПАДА", "p": [89] },
	{ "s": "ЛИСТОПАДИТЕ", "p": [162] },
	{ "s": "ЛИТЕРАТУРА", "p": [1] },
	{ "s": "ЛИТЕРАТУРАТА", "p": [1] },
	{ "s": "ЛИТЕРАТУРЕН", "p": [33] },
	{ "s": "ЛИТЕРАТУРНИТЕ", "p": [141] },
	{ "s": "ЛИТНА", "p": [119] },
	{ "s": "ЛИФТА", "p": [191] },
	{ "s": "ЛИЦА", "p": [191, 200, 193, 192] },
	{ "s": "ЛИЦАТА", "p": [39] },
	{ "s": "ЛИЦЕ", "p": [185, 202, 191, 83, 71] },
	{ "s": "ЛИЦЕВИ", "p": [198] },
	{ "s": "ЛИЦЕМЕР", "p": [199] },
	{ "s": "ЛИЦЕМЕРНО", "p": [183, 11] },
	{ "s": "ЛИЦЕТО", "p": [183, 201, 200, 199, 186, 160, 84, 82, 73, 6] },
	{ "s": "ЛИЧАНЕ", "p": [37] },
	{ "s": "ЛИЧЕШЕ", "p": [172, 99] },
	{ "s": "ЛИЧИ", "p": [186, 183] },
	{ "s": "ЛИЧИЦЕ", "p": [202] },
	{ "s": "ЛИЧНАТА", "p": [192, 194, 120, 118] },
	{ "s": "ЛИЧНИ", "p": [190, 167] },
	{ "s": "ЛИЧНИТЕ", "p": [202, 201] },
	{ "s": "ЛИЧНИЯ", "p": [201, 191, 189] },
	{ "s": "ЛИЧНО", "p": [89, 33, 199] },
	{ "s": "ЛИЧНОСТИ", "p": [191, 125] },
	{ "s": "ЛИШАВАШ", "p": [87] },
	{ "s": "ЛИШЕЙНО", "p": [183] },
	{ "s": "ЛИШЕЙНО-КИШАВО", "p": [183] },
	{ "s": "ЛИШЕНИЯ", "p": [99] },
	{ "s": "ЛИШЕНОСТ", "p": [202] },
	{ "s": "ЛОВ", "p": [192, 28] },
	{ "s": "ЛОГИКА", "p": [189] },
	{ "s": "ЛОГИКАТА", "p": [191] },
	{ "s": "ЛОГИЧНО", "p": [192, 183, 15] },
	{ "s": "ЛОГО", "p": [185] },
	{ "s": "ЛОЗЕНЕЦ", "p": [194] },
	{ "s": "ЛОЗУНГ", "p": [183] },
	{ "s": "ЛОЗУНГИ", "p": [192] },
	{ "s": "ЛОКАЛНОТО", "p": [194] },
	{ "s": "ЛОКВИ", "p": [183, 150] },
	{ "s": "ЛОКВИТЕ", "p": [194] },
	{ "s": "ЛОКОМОТИВИ", "p": [192] },
	{ "s": "ЛОКОМОТИВЪТ", "p": [192] },
	{ "s": "ЛОПАТА", "p": [193] },
	{ "s": "ЛОШ", "p": [195] },
	{ "s": "ЛОШИ", "p": [193] },
	{ "s": "ЛОШО", "p": [192] },
	{ "s": "ЛОШОТО", "p": [199, 192, 190, 14] },
	{ "s": "ЛУД", "p": [198, 186, 77] },
	{ "s": "ЛУДЕТИНА", "p": [63] },
	{ "s": "ЛУДОСТ", "p": [206, 16] },
	{ "s": "ЛУНА", "p": [204, 93] },
	{ "s": "ЛУНЕН", "p": [183, 57] },
	{ "s": "ЛУННА", "p": [206] },
	{ "s": "ЛУТАМ", "p": [56] },
	{ "s": "ЛУТАТ", "p": [46] },
	{ "s": "ЛЪГАЛ", "p": [199] },
	{ "s": "ЛЪГАНИ", "p": [149] },
	{ "s": "ЛЪЖА", "p": [191, 188, 103, 184, 148, 145] },
	{ "s": "ЛЪЖАТ", "p": [199] },
	{ "s": "ЛЪЖАТА", "p": [191] },
	{ "s": "ЛЪЖЕ", "p": [188] },
	{ "s": "ЛЪЖЕНЕДОЯЖДАНЕ", "p": [119] },
	{ "s": "ЛЪЖЕЦЪТ", "p": [199] },
	{ "s": "ЛЪЖЕШ", "p": [199] },
	{ "s": "ЛЪЖЕЩИТЕ", "p": [126] },
	{ "s": "ЛЪЖИ", "p": [199, 188, 60] },
	{ "s": "ЛЪЖИТЕ", "p": [199] },
	{ "s": "ЛЪЖИЦА", "p": [44] },
	{ "s": "ЛЪЖЛИВАТА", "p": [84] },
	{ "s": "ЛЪЖОВЕН", "p": [79] },
	{ "s": "ЛЪЖОВНИ", "p": [161] },
	{ "s": "ЛЪЖОВНОСТ", "p": [184] },
	{ "s": "ЛЪК", "p": [57, 48, 28] },
	{ "s": "ЛЪКА", "p": [57] },
	{ "s": "ЛЪСВАШ", "p": [73] },
	{ "s": "ЛЪСКАВИ", "p": [161, 27] },
	{ "s": "ЛЪСКАНЕ", "p": [118] },
	{ "s": "ЛЪСКАШ", "p": [186, 49] },
	{ "s": "ЛЪСНА", "p": [102] },
	{ "s": "ЛЪСНАЛ", "p": [185] },
	{ "s": "ЛЪХАТ", "p": [129] },
	{ "s": "ЛЪХАШ", "p": [84] },
	{ "s": "ЛЪХТИШ", "p": [180] },
	{ "s": "ЛЪЧ", "p": [85] },
	{ "s": "ЛЪЧЕНИЯ", "p": [195] },
	{ "s": "ЛЪЧИ", "p": [205, 173] },
	{ "s": "ЛЪЩЯЩА", "p": [73] },
	{ "s": "ЛЮБЕЗНО", "p": [24] },
	{ "s": "ЛЮБИМ", "p": [194, 202, 186, 98, 41] },
	{ "s": "ЛЮБИМА", "p": [193] },
	{ "s": "ЛЮБИМАТА", "p": [202, 63] },
	{ "s": "ЛЮБИМЕЦ", "p": [201] },
	{ "s": "ЛЮБИМЕЦ-ИЗТОЧНИК", "p": [201] },
	{ "s": "ЛЮБИМЕЦЪТ", "p": [15] },
	{ "s": "ЛЮБИМИ", "p": [49] },
	{ "s": "ЛЮБИМИЯ", "p": [202] },
	{ "s": "ЛЮБИМО", "p": [183, 78] },
	{ "s": "ЛЮБИМОТО", "p": [85] },
	{ "s": "ЛЮБНО", "p": [93] },
	{ "s": "ЛЮБОВ", "p": [202, 185, 184, 33, 201, 190, 186, 174, 149, 148, 70, 55, 45, 32, 7, 183, 30, 204, 200, 191, 180, 119, 118, 103, 101, 98, 82, 62, 61, 56, 53, 44, 41, 36, 31, 28, 19] },
	{ "s": "ЛЮБОВ-ОМРАЗА", "p": [148] },
	{ "s": "ЛЮБОВ-ПОРОК", "p": [148] },
	{ "s": "ЛЮБОВЕН", "p": [202, 198, 183, 25] },
	{ "s": "ЛЮБОВИ", "p": [110] },
	{ "s": "ЛЮБОВНА", "p": [2, 183, 74, 70] },
	{ "s": "ЛЮБОВНАТА", "p": [185, 27] },
	{ "s": "ЛЮБОВНИ", "p": [201, 185, 109, 90, 83] },
	{ "s": "ЛЮБОВНИТЕ", "p": [81, 184, 159, 38] },
	{ "s": "ЛЮБОВНИЦЕ", "p": [186] },
	{ "s": "ЛЮБОВНИЯ", "p": [183] },
	{ "s": "ЛЮБОВНИЯТ", "p": [183, 11] },
	{ "s": "ЛЮБОВНО", "p": [73, 20, 3] },
	{ "s": "ЛЮБОВТА", "p": [183, 202, 201, 186, 160, 126, 33, 204, 200, 190, 184, 162, 159, 145, 139, 132, 111, 103, 94, 93, 87, 80, 63, 30, 26, 2] },
	{ "s": "ЛЮБОВФФ", "p": [202] },
	{ "s": "ЛЮБОФФ", "p": [202] },
	{ "s": "ЛЮБУВАНЕ", "p": [183] },
	{ "s": "ЛЮБУВАХ", "p": [60] },
	{ "s": "ЛЮБЯХМЕ", "p": [184, 38] },
	{ "s": "ЛЮЛЯКОВО", "p": [62] },
	{ "s": "ЛЮЛЯКОВО-СЛИВЕН", "p": [62] },
	{ "s": "ЛЮТА", "p": [115] },
	{ "s": "ЛЯВ", "p": [183] },
	{ "s": "ЛЯВО", "p": [183, 37] },
	{ "s": "ЛЯВО-ГРЪДНОТО", "p": [37] },
	{ "s": "ЛЯГА", "p": [186, 98] },
	{ "s": "ЛЯГАМЕ", "p": [146] },
	{ "s": "ЛЯСТОВИЦА", "p": [75] },
	{ "s": "ЛЯТНА", "p": [185, 183, 88] },
	{ "s": "ЛЯТНО", "p": [117] },
	{ "s": "ЛЯТО", "p": [202, 89, 59, 22, 3] }
]