[
	{ "s": "А", "p": [183, 184, 186, 199, 192, 202, 185, 198, 191, 190, 188, 194, 189, 139, 134, 100, 201, 200, 38, 36, 24, 10, 204, 195, 157, 156, 155, 86, 79, 53, 45, 197, 193, 181, 178, 172, 168, 167, 163, 162, 159, 141, 118, 112, 104, 103, 102, 95, 90, 81, 72, 70, 66, 60, 57, 56, 49, 43, 40, 37, 33, 20, 19, 17, 14, 9, 8, 6] },
	{ "s": "А́", "p": [183] },
	{ "s": "АБЕ", "p": [198, 191] },
	{ "s": "АБОНАМЕНТНИ", "p": [44] },
	{ "s": "АБОНАТ", "p": [193] },
	{ "s": "АБОРДАЖ", "p": [22] },
	{ "s": "АБОРИГЕН", "p": [118] },
	{ "s": "АБОРТ", "p": [118, 79] },
	{ "s": "АБОРТЕНИ", "p": [208] },
	{ "s": "АБОРТИ", "p": [56] },
	{ "s": "АБОРТНО", "p": [151, 53] },
	{ "s": "АБРАЗИВ", "p": [186] },
	{ "s": "АБСОЛЮТЕН", "p": [202, 33] },
	{ "s": "АБСОЛЮТНИ", "p": [191] },
	{ "s": "АБСОЛЮТНО", "p": [192, 202, 199, 198, 191, 188, 1] },
	{ "s": "АБСТИНЕНТЕН", "p": [201] },
	{ "s": "АБСТРАКТНИ", "p": [31] },
	{ "s": "АБСУРДИТЕ", "p": [188] },
	{ "s": "АБСУРДНО", "p": [189] },
	{ "s": "АБСЦЕС", "p": [144, 69] },
	{ "s": "АБСЦЕСИТЕ", "p": [161] },
	{ "s": "АБСЦЕСЪТ", "p": [30] },
	{ "s": "АВАНС", "p": [104] },
	{ "s": "АВАРИЯ", "p": [194] },
	{ "s": "АВГУСТОВСКИ", "p": [201] },
	{ "s": "АВГУСТОВСКИТЕ", "p": [193] },
	{ "s": "АВТОБУС", "p": [194] },
	{ "s": "АВТОГРАФИ", "p": [183] },
	{ "s": "АВТОМОБИЛИ", "p": [188] },
	{ "s": "АВТОР", "p": [192, 204, 189, 33] },
	{ "s": "АВТОРА", "p": [191, 192, 1] },
	{ "s": "АВТОРИ", "p": [193] },
	{ "s": "АВТОРИТЕ", "p": [193] },
	{ "s": "АВТОРКА", "p": [192] },
	{ "s": "АВТОРСКО", "p": [33] },
	{ "s": "АВТОРЪТ", "p": [192, 200, 191] },
	{ "s": "АВТОСЕРВИЗИ", "p": [195] },
	{ "s": "АГИТИРАТ", "p": [45] },
	{ "s": "АГНЕТАТА", "p": [188] },
	{ "s": "АГНЕЦОВИ", "p": [69] },
	{ "s": "АГОНИЯ", "p": [158, 184, 50] },
	{ "s": "АГРАРНОТО", "p": [200] },
	{ "s": "АГРЕСИЯ", "p": [63] },
	{ "s": "АГРЕСИЯТА", "p": [198] },
	{ "s": "АД", "p": [19, 186, 180, 128] },
	{ "s": "АДА", "p": [119, 66] },
	{ "s": "АДАМ", "p": [106] },
	{ "s": "АДАМОВИ", "p": [106] },
	{ "s": "АДЕЛАИДА", "p": [201] },
	{ "s": "АДМИНИСТРАЦИЯТА", "p": [188] },
	{ "s": "АДРЕС", "p": [210] },
	{ "s": "АДРЕСА", "p": [138] },
	{ "s": "АДРЕСИРАНО", "p": [138] },
	{ "s": "АДСКИ", "p": [199, 131, 118] },
	{ "s": "АДЪТ", "p": [183] },
	{ "s": "АЕ", "p": [198, 194] },
	{ "s": "АЗ", "p": [183, 199, 186, 151, 185, 148, 82, 131, 198, 96, 194, 49, 191, 163, 141, 33, 204, 192, 118, 108, 95, 79, 34, 26, 25, 208, 206, 205, 200, 178, 158, 139, 104, 93, 92, 86, 70, 56, 54, 36, 22] },
	{ "s": "АЗИС", "p": [189] },
	{ "s": "АЗЪТ", "p": [178] },
	{ "s": "АКАУНТ", "p": [199] },
	{ "s": "АКАУНТА", "p": [199] },
	{ "s": "АКВАРИУМНО", "p": [77] },
	{ "s": "АКО", "p": [204, 191, 199, 192, 183, 194, 157, 39, 202, 198, 195, 193, 190, 188, 186, 181, 132, 109, 92, 43, 33, 28, 26, 1] },
	{ "s": "АКОРДНО", "p": [57] },
	{ "s": "АКРОКЛИШЕТА", "p": [161] },
	{ "s": "АКРОСТИХИЯ", "p": [156] },
	{ "s": "АКТ", "p": [189] },
	{ "s": "АКТИВНИ", "p": [44] },
	{ "s": "АКТОВЕ", "p": [189] },
	{ "s": "АКТУАЛИЗАЦИИТЕ", "p": [1] },
	{ "s": "АКТУАЛНИ", "p": [161] },
	{ "s": "АКЦЕНТ", "p": [1] },
	{ "s": "АКЦИОНЕРЪТ", "p": [194] },
	{ "s": "АЛА", "p": [183] },
	{ "s": "АЛБАТРОС", "p": [205] },
	{ "s": "АЛБУМИ", "p": [71] },
	{ "s": "АЛИАНС", "p": [191] },
	{ "s": "АЛКИ", "p": [201] },
	{ "s": "АЛКОХОЛ", "p": [191, 202, 200] },
	{ "s": "АЛКОХОЛА", "p": [202] },
	{ "s": "АЛКОХОЛЕН", "p": [198, 131] },
	{ "s": "АЛКОХОЛНИТЕ", "p": [202] },
	{ "s": "АЛЛАХ", "p": [191] },
	{ "s": "АЛНА", "p": [183] },
	{ "s": "АЛПИЙСКИТЕ", "p": [191] },
	{ "s": "АЛТРУИСТИЧНО", "p": [186] },
	{ "s": "АЛЧНА", "p": [186] },
	{ "s": "АЛЪК", "p": [199] },
	{ "s": "АМА", "p": [198, 168, 188, 28] },
	{ "s": "АМАН", "p": [141, 192] },
	{ "s": "АМАТЬОР", "p": [185] },
	{ "s": "АМБИЦИИ", "p": [202, 200] },
	{ "s": "АМБИЦИОЗНА", "p": [202, 192] },
	{ "s": "АМБРОЗИЯТА", "p": [197] },
	{ "s": "АМЕНОРЕЯ", "p": [186] },
	{ "s": "АМЕРИКАНЕЦ", "p": [191] },
	{ "s": "АМЕРИКАНСКИ", "p": [191] },
	{ "s": "АМЕРИКАНЦИ", "p": [202] },
	{ "s": "АМЕРИКАНЦИТЕ", "p": [202] },
	{ "s": "АМИ", "p": [188, 199] },
	{ "s": "АМОР", "p": [185] },
	{ "s": "АМОРНО", "p": [185] },
	{ "s": "АМОРФИЯ", "p": [161] },
	{ "s": "АМОРФНА", "p": [202] },
	{ "s": "АМПЛОА", "p": [201] },
	{ "s": "АМУР", "p": [164] },
	{ "s": "АМУРАТИЗАТОР", "p": [72] },
	{ "s": "АМУРЕНИ", "p": [157] },
	{ "s": "АМУРЕНО", "p": [184] },
	{ "s": "АМУРИТЕ", "p": [161, 159] },
	{ "s": "АМУРНИ", "p": [44] },
	{ "s": "АМУРЪТ", "p": [77] },
	{ "s": "АМФИТЕАТЪР", "p": [89] },
	{ "s": "АНАЛЕН", "p": [200] },
	{ "s": "АНАЛИЗ", "p": [33] },
	{ "s": "АНАЛИЗИ", "p": [191] },
	{ "s": "АНАЛНИЯ", "p": [201] },
	{ "s": "АНАЛОГ", "p": [198, 33] },
	{ "s": "АНАЛОГИЯ", "p": [192] },
	{ "s": "АНГАЖИРАТ", "p": [190] },
	{ "s": "АНГАЖИРАЩО", "p": [77] },
	{ "s": "АНГЕЛ", "p": [33, 183, 152] },
	{ "s": "АНГЕЛИ", "p": [181, 90] },
	{ "s": "АНГЕЛСКА", "p": [18] },
	{ "s": "АНГЕЛЧЕ", "p": [201, 186] },
	{ "s": "АНГЕЛЧЕТА", "p": [191] },
	{ "s": "АНГЛ", "p": [191] },
	{ "s": "АНГЛИЙСКА", "p": [209] },
	{ "s": "АНГЛИЧАНКА", "p": [191] },
	{ "s": "АНДРОГЕННО", "p": [22] },
	{ "s": "АНИЧКА", "p": [188] },
	{ "s": "АНТЕНАТА", "p": [185] },
	{ "s": "АНТИ", "p": [107, 189] },
	{ "s": "АНТИ-БЪЛГАРСКИ", "p": [189] },
	{ "s": "АНТИ-БЪЛГАРСКО", "p": [189] },
	{ "s": "АНТИ-ИСИХАЗЪМ", "p": [107] },
	{ "s": "АНТИБИОТИЦИ", "p": [201] },
	{ "s": "АНТИБЪЛГАРЩИНА", "p": [189] },
	{ "s": "АНТИКВАРНА", "p": [89] },
	{ "s": "АНТИКВАРНО", "p": [143, 156] },
	{ "s": "АНТИСЕКСИСТКА", "p": [186] },
	{ "s": "АНТРАКТИТЕ", "p": [161] },
	{ "s": "АПАРТАМЕНТ", "p": [201, 200] },
	{ "s": "АПАРТАМЕНТА", "p": [201] },
	{ "s": "АПАТИЧНО", "p": [140] },
	{ "s": "АПЕРИТИВ", "p": [186] },
	{ "s": "АПЕТИТ", "p": [200] },
	{ "s": "АПЕТИТА", "p": [183] },
	{ "s": "АПЕТИТНИ", "p": [33] },
	{ "s": "АПЕТИТЪТ", "p": [105] },
	{ "s": "АПЛАУЗ", "p": [192] },
	{ "s": "АПОГЕЙ", "p": [202] },
	{ "s": "АПРИЛ", "p": [194, 12] },
	{ "s": "АРАБИТЕ", "p": [191] },
	{ "s": "АРАБСКИ", "p": [202] },
	{ "s": "АРИТМИИ", "p": [60] },
	{ "s": "АРИТМИЧНО", "p": [18] },
	{ "s": "АРКАДА", "p": [183] },
	{ "s": "АРЛИНА", "p": [159] },
	{ "s": "АРМЕНЕЦ", "p": [194] },
	{ "s": "АРМЕНЦИ", "p": [189] },
	{ "s": "АРМИЯ", "p": [194, 189] },
	{ "s": "АРНИТЕ", "p": [183] },
	{ "s": "АРОГАНТНАТА", "p": [184] },
	{ "s": "АРОМАТ", "p": [129] },
	{ "s": "АРОМАТА", "p": [185, 148, 139] },
	{ "s": "АРОМАТЕН", "p": [185] },
	{ "s": "АРОМАТИ", "p": [195] },
	{ "s": "АРОМАТНА", "p": [175] },
	{ "s": "АРОМАТНО", "p": [131] },
	{ "s": "АРОМАТЪТ", "p": [198, 62] },
	{ "s": "АРТЕМУМИИ", "p": [71] },
	{ "s": "АРТИСТ", "p": [57] },
	{ "s": "АРТИСТИЧНИЯ", "p": [200] },
	{ "s": "АРХАИЧНИ", "p": [179] },
	{ "s": "АРШИНИ", "p": [52] },
	{ "s": "АСПАРУХ", "p": [191] },
	{ "s": "АСТРА", "p": [194] },
	{ "s": "АСФАЛТА", "p": [191] },
	{ "s": "АСЦЕДЕНТ", "p": [13] },
	{ "s": "АТМОСФЕРА", "p": [185] },
	{ "s": "АТОМИ", "p": [7] },
	{ "s": "АТРАКТИВНА", "p": [200] },
	{ "s": "АТРАКЦИЯ", "p": [191] },
	{ "s": "АТРИБУТИ", "p": [77] },
	{ "s": "АТРОФИРАЛИ", "p": [208] },
	{ "s": "АУДИ", "p": [188] },
	{ "s": "АУДИО", "p": [40] },
	{ "s": "АУДИТОРИЯ", "p": [192, 193] },
	{ "s": "АУДИТОРИЯТА", "p": [192, 193] },
	{ "s": "АУСПУХА", "p": [200] },
	{ "s": "АФЕРИ", "p": [191] },
	{ "s": "АФРИКА", "p": [201] },
	{ "s": "АФРИКАНЕЦ", "p": [191] },
	{ "s": "АФРИКАНСКИ", "p": [191] },
	{ "s": "АФРО", "p": [201] },
	{ "s": "АФРО-ИСТОРИИ", "p": [201] },
	{ "s": "АФТЪР", "p": [198] },
	{ "s": "АФТЪР-ЕФЕКТ", "p": [198] },
	{ "s": "АХ", "p": [72] },
	{ "s": "АХВАНЕ", "p": [160] },
	{ "s": "АХМЕД", "p": [189] }
]