[
	{ "s": "ЧАДЪР", "p": [189] },
	{ "s": "ЧАДЪРА", "p": [200] },
	{ "s": "ЧАЙКОВСКИ", "p": [184] },
	{ "s": "ЧАК", "p": [191, 188, 110, 101, 37] },
	{ "s": "ЧАКА", "p": [192, 87] },
	{ "s": "ЧАКАЙКИ", "p": [193] },
	{ "s": "ЧАКАЛА", "p": [41] },
	{ "s": "ЧАКАЛИ", "p": [197, 112] },
	{ "s": "ЧАКАМ", "p": [183, 194] },
	{ "s": "ЧАКАМЕ", "p": [189, 146] },
	{ "s": "ЧАКАНЕ", "p": [192] },
	{ "s": "ЧАКАНО", "p": [67] },
	{ "s": "ЧАКАТ", "p": [183, 140] },
	{ "s": "ЧАКАТЕ", "p": [183] },
	{ "s": "ЧАКАХ", "p": [43] },
	{ "s": "ЧАКАШ", "p": [183] },
	{ "s": "ЧАКАШЕ", "p": [15] },
	{ "s": "ЧАКАЩИ", "p": [194] },
	{ "s": "ЧАКАЩИЯТ", "p": [118] },
	{ "s": "ЧАЛГА", "p": [195, 188] },
	{ "s": "ЧАР", "p": [201] },
	{ "s": "ЧАРА", "p": [201] },
	{ "s": "ЧАРЛЗ", "p": [204, 10] },
	{ "s": "ЧАРШАФИТЕ", "p": [168] },
	{ "s": "ЧАС", "p": [194, 198, 197, 192] },
	{ "s": "ЧАСА", "p": [194] },
	{ "s": "ЧАСОВЕТЕ", "p": [200] },
	{ "s": "ЧАСОВНИК", "p": [177, 178] },
	{ "s": "ЧАСОВНИКОВ", "p": [61] },
	{ "s": "ЧАСОВНИЦИ", "p": [112] },
	{ "s": "ЧАСТ", "p": [17, 194, 192, 191, 148, 139] },
	{ "s": "ЧАСТЕН", "p": [190] },
	{ "s": "ЧАСТИЦА", "p": [18] },
	{ "s": "ЧАСТИЦИ", "p": [103, 183, 33] },
	{ "s": "ЧАСТИЦИТЕ", "p": [185, 128] },
	{ "s": "ЧАСЪТ", "p": [145] },
	{ "s": "ЧАТ", "p": [201, 194] },
	{ "s": "ЧАТ-ПАТ", "p": [194] },
	{ "s": "ЧАТ-ПАТОВО", "p": [201] },
	{ "s": "ЧАТАЛ", "p": [139] },
	{ "s": "ЧАТАЛИ", "p": [183] },
	{ "s": "ЧАША", "p": [148] },
	{ "s": "ЧАШАТА", "p": [183] },
	{ "s": "ЧАШИ", "p": [155, 55] },
	{ "s": "ЧАШКАТА", "p": [111] },
	{ "s": "ЧВОРУ", "p": [183] },
	{ "s": "ЧЕ", "p": [183, 202, 192, 186, 193, 199, 191, 201, 190, 189, 188, 198, 184, 185, 76, 66, 26, 208, 200, 197, 194, 141, 195, 138, 98, 204, 172, 103, 101, 63, 43, 207, 206, 159, 126, 100, 95, 87, 81, 79, 73, 53, 40, 38, 30, 27, 16, 13, 7, 177, 157, 150, 145, 143, 142, 133, 119, 111, 110, 106, 105, 104, 102, 99, 96, 94, 92, 74, 70, 61, 60, 56, 55, 52, 48, 37, 35, 31, 29, 25, 24, 19, 15, 9] },
	{ "s": "ЧЕВРЪСТА", "p": [183] },
	{ "s": "ЧЕЗ", "p": [138] },
	{ "s": "ЧЕКОВЕ", "p": [146] },
	{ "s": "ЧЕЛ", "p": [33] },
	{ "s": "ЧЕЛО", "p": [186] },
	{ "s": "ЧЕЛОТО", "p": [98, 26] },
	{ "s": "ЧЕЛЮСТ", "p": [31] },
	{ "s": "ЧЕЛЮСТИ", "p": [160, 124, 121, 83] },
	{ "s": "ЧЕП", "p": [195, 183] },
	{ "s": "ЧЕПА", "p": [168, 201] },
	{ "s": "ЧЕПЧЕТО", "p": [185] },
	{ "s": "ЧЕР", "p": [93] },
	{ "s": "ЧЕРВЕИ", "p": [172] },
	{ "s": "ЧЕРВЕНАТА", "p": [185, 93] },
	{ "s": "ЧЕРВЕНИ", "p": [194, 169] },
	{ "s": "ЧЕРВЕНО", "p": [198, 105] },
	{ "s": "ЧЕРВЕЯ", "p": [127] },
	{ "s": "ЧЕРВИ", "p": [186] },
	{ "s": "ЧЕРВИВИ", "p": [110, 20] },
	{ "s": "ЧЕРВИЛО", "p": [73] },
	{ "s": "ЧЕРВО", "p": [186] },
	{ "s": "ЧЕРВОТО", "p": [139] },
	{ "s": "ЧЕРЕН", "p": [208] },
	{ "s": "ЧЕРНА", "p": [10, 194, 183] },
	{ "s": "ЧЕРНИ", "p": [44] },
	{ "s": "ЧЕРНИЯ", "p": [194, 191] },
	{ "s": "ЧЕРНО", "p": [186, 166, 159, 109] },
	{ "s": "ЧЕРНО-БЯЛО", "p": [186] },
	{ "s": "ЧЕРНО-БЯЛОТО", "p": [159, 109] },
	{ "s": "ЧЕРНОМОРИЕТО", "p": [191] },
	{ "s": "ЧЕРНОТО", "p": [183, 188] },
	{ "s": "ЧЕРПЕНЕ", "p": [191] },
	{ "s": "ЧЕРТА", "p": [188] },
	{ "s": "ЧЕРТАЕШЕ", "p": [6] },
	{ "s": "ЧЕРТИ", "p": [185, 200] },
	{ "s": "ЧЕРУПКА", "p": [183] },
	{ "s": "ЧЕСТ", "p": [186, 183, 200, 192] },
	{ "s": "ЧЕСТВАШ", "p": [69] },
	{ "s": "ЧЕСТЕН", "p": [183] },
	{ "s": "ЧЕСТИ", "p": [202] },
	{ "s": "ЧЕСТИТ", "p": [190] },
	{ "s": "ЧЕСТИЧКО", "p": [183] },
	{ "s": "ЧЕСТНО", "p": [33] },
	{ "s": "ЧЕСТО", "p": [192, 184, 183, 194, 202, 191, 189, 185, 166, 149, 140, 66] },
	{ "s": "ЧЕСТОТИ", "p": [160] },
	{ "s": "ЧЕСТТА", "p": [186] },
	{ "s": "ЧЕСЪН", "p": [183] },
	{ "s": "ЧЕТА", "p": [194, 193, 108] },
	{ "s": "ЧЕТАТ", "p": [193] },
	{ "s": "ЧЕТВЪРТА", "p": [191] },
	{ "s": "ЧЕТЕ", "p": [193, 192, 39] },
	{ "s": "ЧЕТЕН", "p": [193] },
	{ "s": "ЧЕТЕНЕ", "p": [193] },
	{ "s": "ЧЕТЕШ", "p": [183, 184, 39] },
	{ "s": "ЧЕТИРИ", "p": [169] },
	{ "s": "ЧЕТИРИДЕСЕТ", "p": [194] },
	{ "s": "ЧЕТИРИТЕ", "p": [191] },
	{ "s": "ЧЕТКА", "p": [192] },
	{ "s": "ЧЕТРИТЕ", "p": [113] },
	{ "s": "ЧЕТЯХА", "p": [193] },
	{ "s": "ЧЕШМАТА", "p": [183] },
	{ "s": "ЧИЕТО", "p": [190] },
	{ "s": "ЧИЙ", "p": [200, 63] },
	{ "s": "ЧИНИЯ", "p": [200] },
	{ "s": "ЧИНТУЛОВ", "p": [192] },
	{ "s": "ЧИРЕ", "p": [202] },
	{ "s": "ЧИРЕТО", "p": [202] },
	{ "s": "ЧИСЛИТЕЛИ", "p": [184] },
	{ "s": "ЧИСЛО", "p": [193] },
	{ "s": "ЧИСТ", "p": [150, 147] },
	{ "s": "ЧИСТА", "p": [107, 48] },
	{ "s": "ЧИСТЕНЕ", "p": [45] },
	{ "s": "ЧИСТИ", "p": [37] },
	{ "s": "ЧИСТО", "p": [198] },
	{ "s": "ЧИСТОТА", "p": [195] },
	{ "s": "ЧИСТОТАТА", "p": [195] },
	{ "s": "ЧИСТОТО", "p": [202] },
	{ "s": "ЧИСТЯТ", "p": [191] },
	{ "s": "ЧИТАВ", "p": [192] },
	{ "s": "ЧИТАТЕЛ", "p": [200, 191] },
	{ "s": "ЧИТАТЕЛИТЕ", "p": [44] },
	{ "s": "ЧИФТ", "p": [152, 201, 56] },
	{ "s": "ЧИФТОВЕ", "p": [64] },
	{ "s": "ЧИЧКО", "p": [194] },
	{ "s": "ЧИЧО", "p": [201, 104] },
	{ "s": "ЧИЧОПЕЙ", "p": [185] },
	{ "s": "ЧИЯ", "p": [180] },
	{ "s": "ЧИЯТО", "p": [22] },
	{ "s": "ЧЛЕН", "p": [131, 200] },
	{ "s": "ЧЛЕНА", "p": [201] },
	{ "s": "ЧОВЕК", "p": [191, 201, 200, 184, 202, 192, 186, 151, 150, 33, 26, 10] },
	{ "s": "ЧОВЕКА", "p": [183, 161, 137] },
	{ "s": "ЧОВЕКЪТ", "p": [199, 192, 184, 183, 107] },
	{ "s": "ЧОВЕЦИ", "p": [159, 21] },
	{ "s": "ЧОВЕЧЕНЦЕ", "p": [21] },
	{ "s": "ЧОВЕЧНИ", "p": [188] },
	{ "s": "ЧОВЕЧНОСТ", "p": [112] },
	{ "s": "ЧОВЕШКА", "p": [107] },
	{ "s": "ЧОВЕШКАТА", "p": [192] },
	{ "s": "ЧОВЕШКИ", "p": [184, 102] },
	{ "s": "ЧОВЕШКИТЕ", "p": [106] },
	{ "s": "ЧОВЕШКО", "p": [143] },
	{ "s": "ЧОВКА", "p": [183] },
	{ "s": "ЧОВЧЕНО", "p": [136] },
	{ "s": "ЧОПЛИ", "p": [63] },
	{ "s": "ЧОРБА", "p": [194] },
	{ "s": "ЧРЕЗ", "p": [202, 31] },
	{ "s": "ЧУ", "p": [202] },
	{ "s": "ЧУВАЛ", "p": [191] },
	{ "s": "ЧУВАМ", "p": [40, 183, 75, 73] },
	{ "s": "ЧУВАШ", "p": [186] },
	{ "s": "ЧУВСТВА", "p": [184, 202, 200, 122, 121, 118, 37, 31, 24] },
	{ "s": "ЧУВСТВАМ", "p": [184, 199] },
	{ "s": "ЧУВСТВАНЕ", "p": [183] },
	{ "s": "ЧУВСТВАТА", "p": [183, 174, 125, 73, 58] },
	{ "s": "ЧУВСТВАШЕ", "p": [201] },
	{ "s": "ЧУВСТВЕН", "p": [148] },
	{ "s": "ЧУВСТВИТЕЛНИТЕ", "p": [192] },
	{ "s": "ЧУВСТВО", "p": [201, 200, 103, 35, 33] },
	{ "s": "ЧУВСТВОТО", "p": [33, 201, 198, 191, 183] },
	{ "s": "ЧУДАТОСТИ", "p": [167] },
	{ "s": "ЧУДЕЛ", "p": [199] },
	{ "s": "ЧУДЕНЕ", "p": [16] },
	{ "s": "ЧУДЕСЕН", "p": [200] },
	{ "s": "ЧУДЕСНА", "p": [73] },
	{ "s": "ЧУДЕХ", "p": [81] },
	{ "s": "ЧУДИ", "p": [199] },
	{ "s": "ЧУДИШ", "p": [183] },
	{ "s": "ЧУДНА", "p": [129] },
	{ "s": "ЧУДО", "p": [44] },
	{ "s": "ЧУДОВИЩЕ", "p": [186] },
	{ "s": "ЧУДОТО", "p": [189, 183] },
	{ "s": "ЧУДЯ", "p": [188, 199] },
	{ "s": "ЧУЕ", "p": [204, 202, 27] },
	{ "s": "ЧУЕШ", "p": [43] },
	{ "s": "ЧУЖБИНА", "p": [104] },
	{ "s": "ЧУЖД", "p": [114] },
	{ "s": "ЧУЖДА", "p": [191, 37] },
	{ "s": "ЧУЖДЕНЦИ", "p": [189] },
	{ "s": "ЧУЖДЕСТРАННА", "p": [191] },
	{ "s": "ЧУЖДЕСТРАННИ", "p": [202] },
	{ "s": "ЧУЖДИ", "p": [191, 183, 111] },
	{ "s": "ЧУЖДО", "p": [200, 84, 22] },
	{ "s": "ЧУЖДОТО", "p": [188] },
	{ "s": "ЧУКАЛ", "p": [199] },
	{ "s": "ЧУКАЛИ", "p": [202] },
	{ "s": "ЧУКАМ", "p": [198] },
	{ "s": "ЧУКАМЕ", "p": [198] },
	{ "s": "ЧУЛА", "p": [202] },
	{ "s": "ЧУПИ", "p": [183] },
	{ "s": "ЧУПЯТ", "p": [44, 7] },
	{ "s": "ЧУТУРА", "p": [200] },
	{ "s": "ЧУХ", "p": [192] },
	{ "s": "ЧУЧЕЛО", "p": [192] },
	{ "s": "ЧУЧЕЛОТО", "p": [183] }
]