[
	{ "s": "Б", "p": [10] },
	{ "s": "БАБА", "p": [192, 191, 188] },
	{ "s": "БАБАИТКО", "p": [188] },
	{ "s": "БАВНА", "p": [192] },
	{ "s": "БАВНО", "p": [185, 183, 153, 98] },
	{ "s": "БАВНОТО", "p": [183] },
	{ "s": "БАГРЕНА", "p": [62] },
	{ "s": "БАГРИТЕ", "p": [185, 88] },
	{ "s": "БАДЕМИТЕ", "p": [198] },
	{ "s": "БАЕ", "p": [186] },
	{ "s": "БАЗА", "p": [134] },
	{ "s": "БАЙ", "p": [191, 186, 82] },
	{ "s": "БАЙ-ПАСА", "p": [186, 82] },
	{ "s": "БАКАРДИ", "p": [131] },
	{ "s": "БАКТЕРИИ", "p": [197] },
	{ "s": "БАКШИШ", "p": [185, 26] },
	{ "s": "БАЛАДА", "p": [6] },
	{ "s": "БАЛКАН", "p": [191] },
	{ "s": "БАЛКАНСКИ", "p": [195] },
	{ "s": "БАЛКОНА", "p": [183] },
	{ "s": "БАЛЪЦИ", "p": [192, 188] },
	{ "s": "БАЛЪЦИТЕ", "p": [191] },
	{ "s": "БАЛЪЦИТЕ-ДАНЪКОПЛАТЦИ", "p": [191] },
	{ "s": "БАНАЛНА", "p": [207] },
	{ "s": "БАНАЛНО", "p": [185] },
	{ "s": "БАНАЛНОСТ", "p": [128] },
	{ "s": "БАНИЧАРНИЦА", "p": [188] },
	{ "s": "БАНИЧКА", "p": [188] },
	{ "s": "БАНИЧКАТА", "p": [188] },
	{ "s": "БАНКОВАТА", "p": [26] },
	{ "s": "БАРАБАНИТЕ", "p": [118] },
	{ "s": "БАРД", "p": [183, 131] },
	{ "s": "БАРЕМ", "p": [192] },
	{ "s": "БАРОВЕТЕ", "p": [183] },
	{ "s": "БАРОВСКИ", "p": [183] },
	{ "s": "БАРОМЕТРИТЕ", "p": [44] },
	{ "s": "БАРУТ", "p": [118] },
	{ "s": "БАСИ", "p": [198] },
	{ "s": "БАТКО", "p": [188] },
	{ "s": "БАТКО-БАБАИТКО", "p": [188] },
	{ "s": "БАЧКАНЕ", "p": [194] },
	{ "s": "БАЩА", "p": [191, 204, 193] },
	{ "s": "БАЩАТА", "p": [98] },
	{ "s": "БЕ", "p": [201, 202, 193, 73, 184, 183, 200, 198, 197, 186, 162, 204, 199, 194, 191, 190, 189, 139, 99, 90, 82, 16, 6] },
	{ "s": "БЕ6Е", "p": [201] },
	{ "s": "БЕДНОСТ", "p": [45] },
	{ "s": "БЕДРО", "p": [139] },
	{ "s": "БЕДСТВИЕ", "p": [183] },
	{ "s": "БЕДСТВИЯ", "p": [91] },
	{ "s": "БЕЗ", "p": [184, 183, 185, 191, 112, 192, 186, 51, 206, 194, 103, 98, 69, 100, 19, 201, 177, 70, 61, 56, 53, 33, 14, 202, 200, 195, 193, 102, 87, 59, 48, 199, 198, 181, 174, 168, 166, 165, 164, 157, 155, 154, 153, 151, 148, 146, 145, 142, 138, 135, 122, 120, 119, 118, 105, 99, 95, 93, 82, 73, 58, 57, 54, 52, 44, 38, 27, 26, 16, 7, 6] },
	{ "s": "БЕЗБОЖНО", "p": [144] },
	{ "s": "БЕЗБОСТАННО", "p": [183] },
	{ "s": "БЕЗБРОЙ", "p": [183, 191, 148, 59] },
	{ "s": "БЕЗБРОЙНИ", "p": [157, 59] },
	{ "s": "БЕЗБРОЙНО", "p": [59, 183, 156, 73] },
	{ "s": "БЕЗВЕРИЕ", "p": [183] },
	{ "s": "БЕЗВКУСТВОТО", "p": [80] },
	{ "s": "БЕЗВЛАСТИЕТО", "p": [123] },
	{ "s": "БЕЗВОЛНО", "p": [50] },
	{ "s": "БЕЗВРЕДНО", "p": [185] },
	{ "s": "БЕЗВРЕМИЕ", "p": [143] },
	{ "s": "БЕЗВЪЗВРАТНО", "p": [184, 38] },
	{ "s": "БЕЗГЛАСНО", "p": [186, 91, 84] },
	{ "s": "БЕЗГРЕШНО", "p": [192] },
	{ "s": "БЕЗГРИЖНИТЕ", "p": [194] },
	{ "s": "БЕЗДАРИЕТО", "p": [193] },
	{ "s": "БЕЗДАРНИТЕ", "p": [193] },
	{ "s": "БЕЗДНА", "p": [23, 19] },
	{ "s": "БЕЗДОМИЕТО", "p": [129] },
	{ "s": "БЕЗДОМНИК", "p": [99] },
	{ "s": "БЕЗДУШНО", "p": [61] },
	{ "s": "БЕЗДЪННИ", "p": [91] },
	{ "s": "БЕЗЖАЛОСТНО", "p": [195] },
	{ "s": "БЕЗЖИЗНЕНО", "p": [109, 10] },
	{ "s": "БЕЗЖИЧНИ", "p": [125] },
	{ "s": "БЕЗЗЪБО", "p": [81] },
	{ "s": "БЕЗИЗРАЗНО", "p": [55] },
	{ "s": "БЕЗИЗРАЗНОСТ", "p": [155] },
	{ "s": "БЕЗИЗХОДИЦА", "p": [17] },
	{ "s": "БЕЗИРАЗНО", "p": [149] },
	{ "s": "БЕЗКОМПРОМИСНО", "p": [191] },
	{ "s": "БЕЗКОНЕЧНИЯТ", "p": [186] },
	{ "s": "БЕЗКРАЕН", "p": [188] },
	{ "s": "БЕЗКРАЙ", "p": [72] },
	{ "s": "БЕЗКРАЙНА", "p": [195, 192] },
	{ "s": "БЕЗКРАЙНАТА", "p": [185] },
	{ "s": "БЕЗКРАЙНИ", "p": [105] },
	{ "s": "БЕЗКРАЙНО", "p": [86, 201, 185, 16] },
	{ "s": "БЕЗКРАЙНОТО", "p": [207, 134, 121] },
	{ "s": "БЕЗКРЕДИТНА", "p": [202] },
	{ "s": "БЕЗКРИЛАТО", "p": [122] },
	{ "s": "БЕЗКРИЛО", "p": [186] },
	{ "s": "БЕЗКРЪВНА", "p": [183] },
	{ "s": "БЕЗКРЪВНО", "p": [112] },
	{ "s": "БЕЗКРЪВНОТО", "p": [184] },
	{ "s": "БЕЗЛИЧИЕТО", "p": [104] },
	{ "s": "БЕЗЛИЧНА", "p": [185] },
	{ "s": "БЕЗЛИЧНО", "p": [183] },
	{ "s": "БЕЗЛИЧНОСТ", "p": [49] },
	{ "s": "БЕЗЛИЧНОСТНО", "p": [76] },
	{ "s": "БЕЗМЕРНО", "p": [121, 71] },
	{ "s": "БЕЗМИЛОСТЕН", "p": [15] },
	{ "s": "БЕЗМИЛОСТНА", "p": [10] },
	{ "s": "БЕЗМЪЛВНИ", "p": [184] },
	{ "s": "БЕЗМЪЛВНО", "p": [183] },
	{ "s": "БЕЗНАДЕЖДНО", "p": [173, 183] },
	{ "s": "БЕЗНАКАЗАНО", "p": [191] },
	{ "s": "БЕЗНАСЛАДНО", "p": [184, 183] },
	{ "s": "БЕЗОБИДНИ", "p": [183] },
	{ "s": "БЕЗОБРАЗНО", "p": [202] },
	{ "s": "БЕЗОРГАЗМЕНО", "p": [66] },
	{ "s": "БЕЗОТКАЗНО", "p": [183, 79, 39] },
	{ "s": "БЕЗОЧИЕ", "p": [189] },
	{ "s": "БЕЗОЧИЕТО", "p": [199, 188] },
	{ "s": "БЕЗОЧЛИВО", "p": [189] },
	{ "s": "БЕЗОЧЛИВОСТИ", "p": [194] },
	{ "s": "БЕЗПАМЕТНО", "p": [100] },
	{ "s": "БЕЗПЕПЕЛНО", "p": [61] },
	{ "s": "БЕЗПЛАТНО", "p": [183, 186] },
	{ "s": "БЕЗПЛОДИЕТО", "p": [129] },
	{ "s": "БЕЗПЛОДНИ", "p": [91] },
	{ "s": "БЕЗПЛОДНОТО", "p": [110] },
	{ "s": "БЕЗПЛЪТЕН", "p": [151] },
	{ "s": "БЕЗПЛЪТНОТО", "p": [121] },
	{ "s": "БЕЗПОГРЕШНО", "p": [44] },
	{ "s": "БЕЗПОЛЕЗНОСТ", "p": [112] },
	{ "s": "БЕЗПОЛЕЗНОСТИ", "p": [70] },
	{ "s": "БЕЗПОЛОВИ", "p": [200] },
	{ "s": "БЕЗПОЛОВИЯ", "p": [129] },
	{ "s": "БЕЗПОМОЩЕН", "p": [50] },
	{ "s": "БЕЗПОМОЩНА", "p": [118, 83] },
	{ "s": "БЕЗПОМОЩНО", "p": [184, 173, 144] },
	{ "s": "БЕЗПОРЯДЪЧНА", "p": [9] },
	{ "s": "БЕЗПОРЯДЪЧНО", "p": [122] },
	{ "s": "БЕЗПОЧВЕНИ", "p": [103] },
	{ "s": "БЕЗПОЩАДНА", "p": [186] },
	{ "s": "БЕЗПОЩАДНИЯ", "p": [186] },
	{ "s": "БЕЗПОЩАДНО", "p": [163, 112] },
	{ "s": "БЕЗПРИСТРАСТНО", "p": [61, 44] },
	{ "s": "БЕЗПРИСЪСТВИЕ", "p": [56] },
	{ "s": "БЕЗПРИЧИННО", "p": [188] },
	{ "s": "БЕЗПРОГНОЗОВО", "p": [9] },
	{ "s": "БЕЗПРОЗОРЕЧНА", "p": [9] },
	{ "s": "БЕЗПРОСТРАНСТВЕНА", "p": [49] },
	{ "s": "БЕЗПРОСТРАНСТВЕНО", "p": [183] },
	{ "s": "БЕЗРАБОТНО", "p": [194] },
	{ "s": "БЕЗРАЗЛИЧИЕ", "p": [200, 193, 164, 110] },
	{ "s": "БЕЗРАЗЛИЧИЕТО", "p": [120] },
	{ "s": "БЕЗРЕБРЕНОСТ", "p": [110] },
	{ "s": "БЕЗРЕЗЕРВНО", "p": [183] },
	{ "s": "БЕЗРОПОТНО", "p": [188] },
	{ "s": "БЕЗСИЛИЕ", "p": [67] },
	{ "s": "БЕЗСИЛИЕТО", "p": [185] },
	{ "s": "БЕЗСИЛНИ", "p": [185, 183, 81] },
	{ "s": "БЕЗСИЛНО", "p": [55] },
	{ "s": "БЕЗСКРУПУЛНИ", "p": [144] },
	{ "s": "БЕЗСКРУПУЛНО", "p": [202] },
	{ "s": "БЕЗСМИСЛЕНИ", "p": [185] },
	{ "s": "БЕЗСМИСЛЕНО", "p": [183, 55, 191] },
	{ "s": "БЕЗСМИСЛЕНОСТ", "p": [184] },
	{ "s": "БЕЗСМИСЛИЕ", "p": [184] },
	{ "s": "БЕЗСМЪРТЕН", "p": [197] },
	{ "s": "БЕЗСМЪРТИЕТО", "p": [184, 161] },
	{ "s": "БЕЗСПИР", "p": [112] },
	{ "s": "БЕЗСПИРНИ", "p": [151] },
	{ "s": "БЕЗСПИРНИТЕ", "p": [105] },
	{ "s": "БЕЗСПИРНО", "p": [186, 45] },
	{ "s": "БЕЗСПОРЕН", "p": [192] },
	{ "s": "БЕЗСРОКОВО", "p": [6] },
	{ "s": "БЕЗСТИЛНИ", "p": [81] },
	{ "s": "БЕЗСЦЕННА", "p": [89] },
	{ "s": "БЕЗСЪНИЦА", "p": [80] },
	{ "s": "БЕЗТЕГЛОВНОСТ", "p": [10] },
	{ "s": "БЕЗТЛЕЕЩО", "p": [61] },
	{ "s": "БЕЗТЛЕННО", "p": [61] },
	{ "s": "БЕЗУМЕН", "p": [61] },
	{ "s": "БЕЗУМИЕ", "p": [183] },
	{ "s": "БЕЗУМИЕТО", "p": [129, 63] },
	{ "s": "БЕЗУМИЯ", "p": [191, 189] },
	{ "s": "БЕЗУМНА", "p": [199, 188] },
	{ "s": "БЕЗУМНИ", "p": [50] },
	{ "s": "БЕЗУМНО", "p": [198, 189, 186] },
	{ "s": "БЕЗУПРЕЧНА", "p": [52] },
	{ "s": "БЕЗУПРЕЧНО", "p": [76] },
	{ "s": "БЕЗУСЛОВНО", "p": [155] },
	{ "s": "БЕЗУСЛОВНОСТИ", "p": [10] },
	{ "s": "БЕЗУТЕШНО", "p": [200] },
	{ "s": "БЕЗУЧАСТНО", "p": [188] },
	{ "s": "БЕЗУЧАСТНОТО", "p": [191] },
	{ "s": "БЕЗХАБЕРИЕ", "p": [188, 183] },
	{ "s": "БЕЗХЛЕБЕН", "p": [68] },
	{ "s": "БЕЗЦВЕТЕН", "p": [68] },
	{ "s": "БЕЗЦЕЛЕН", "p": [183] },
	{ "s": "БЕЗЦЕЛНО", "p": [66] },
	{ "s": "БЕЗЦЕННО", "p": [30] },
	{ "s": "БЕЗЦЕРЕМОННО", "p": [197] },
	{ "s": "БЕЗЧЕТ", "p": [70, 103] },
	{ "s": "БЕЗЧИНСТВА", "p": [194, 188] },
	{ "s": "БЕЗЧУВСТВЕН", "p": [129] },
	{ "s": "БЕЗЧУВСТВЕНА", "p": [125] },
	{ "s": "БЕЗЧУВСТВЕНИ", "p": [185] },
	{ "s": "БЕЗШУМЕН", "p": [129] },
	{ "s": "БЕЗШУМНО", "p": [186, 3] },
	{ "s": "БЕЙБИ", "p": [208] },
	{ "s": "БЕЛГИЕЦ", "p": [194] },
	{ "s": "БЕЛГИЙСКА", "p": [194] },
	{ "s": "БЕЛЕГ", "p": [183, 145] },
	{ "s": "БЕЛЕЗИ", "p": [121, 208, 157, 150, 144, 124, 28] },
	{ "s": "БЕЛЕЗИТЕ", "p": [208, 24] },
	{ "s": "БЕЛЕТРИСТИКА", "p": [185] },
	{ "s": "БЕЛИ", "p": [172] },
	{ "s": "БЕЛИТЕ", "p": [7] },
	{ "s": "БЕЛО", "p": [183] },
	{ "s": "БЕЛТЪЧИНИ", "p": [200] },
	{ "s": "БЕЛЯЗАЛИ", "p": [188] },
	{ "s": "БЕЛЯЗАНА", "p": [188] },
	{ "s": "БЕЛЯЗАНО", "p": [14] },
	{ "s": "БЕНЗИНА", "p": [194] },
	{ "s": "БЕРТА", "p": [198, 192] },
	{ "s": "БЕСЕН", "p": [198] },
	{ "s": "БЕСНИ", "p": [191, 14] },
	{ "s": "БЕСНО", "p": [184] },
	{ "s": "БЕСНО-АРОГАНТНАТА", "p": [184] },
	{ "s": "БЕТОВЕН", "p": [191] },
	{ "s": "БЕТОН", "p": [191, 184] },
	{ "s": "БЕТОНЕН", "p": [129, 116, 83] },
	{ "s": "БЕТОНЕНА", "p": [104] },
	{ "s": "БЕТОНЕНИ", "p": [186] },
	{ "s": "БЕТОНЕНИТЕ", "p": [119] },
	{ "s": "БЕТОНЕНО", "p": [129] },
	{ "s": "БЕТОНИ", "p": [128] },
	{ "s": "БЕТОНИТЕ", "p": [109] },
	{ "s": "БЕТОННА", "p": [188] },
	{ "s": "БЕШЕ", "p": [202, 193, 201, 198, 199, 184, 197, 200, 183, 194, 139, 206, 192, 158, 99, 30, 204, 191, 190, 189, 188, 152, 90, 86, 66, 20, 15, 10] },
	{ "s": "БИ", "p": [200, 201, 191, 190, 193, 192, 202, 199, 198, 197, 195, 189, 188, 183, 73] },
	{ "s": "БИВА", "p": [192] },
	{ "s": "БИВАТ", "p": [190, 44] },
	{ "s": "БИВНИ", "p": [44] },
	{ "s": "БИВШ", "p": [191] },
	{ "s": "БИВША", "p": [186] },
	{ "s": "БИВШАТА", "p": [202] },
	{ "s": "БИВШИЯ", "p": [185] },
	{ "s": "БИЕ", "p": [195] },
	{ "s": "БИЕМ", "p": [184] },
	{ "s": "БИЗНЕС", "p": [194, 195, 191, 188] },
	{ "s": "БИЗНЕСИ", "p": [191] },
	{ "s": "БИЗНЕСМЕН", "p": [190] },
	{ "s": "БИЗНЕСМЕНИ", "p": [188] },
	{ "s": "БИЗНЕСМЕНЪТ", "p": [195] },
	{ "s": "БИИ", "p": [183] },
	{ "s": "БИЛ", "p": [208, 191, 190, 188, 195, 192, 183, 172] },
	{ "s": "БИЛА", "p": [188, 202, 201, 198, 192, 190] },
	{ "s": "БИЛБОРД", "p": [189] },
	{ "s": "БИЛЕТ", "p": [99] },
	{ "s": "БИЛЕТА", "p": [202] },
	{ "s": "БИЛЕТИ", "p": [44] },
	{ "s": "БИЛЕТЧЕТА", "p": [183] },
	{ "s": "БИЛИ", "p": [191, 183, 194, 188, 16] },
	{ "s": "БИЛО", "p": [202, 191, 4, 190, 188, 201, 198, 183, 173, 139, 36, 11] },
	{ "s": "БИЛОТО", "p": [183] },
	{ "s": "БИНАРНА", "p": [183] },
	{ "s": "БИОГРАФИЯ", "p": [194, 183] },
	{ "s": "БИРА", "p": [200] },
	{ "s": "БИСЕРЧЕНЦА", "p": [63] },
	{ "s": "БИСТРИЦА", "p": [191] },
	{ "s": "БИСТРО", "p": [185] },
	{ "s": "БИТ", "p": [99] },
	{ "s": "БИТКА", "p": [202, 27] },
	{ "s": "БИХ", "p": [183, 204, 63, 33] },
	{ "s": "БИХА", "p": [192, 191] },
	{ "s": "БЛАГА", "p": [186] },
	{ "s": "БЛАГИЯ", "p": [186] },
	{ "s": "БЛАГОВОНИЕ", "p": [202] },
	{ "s": "БЛАГОДАРЕНИЕ", "p": [192] },
	{ "s": "БЛАГОДАРИ", "p": [189] },
	{ "s": "БЛАГОДАРИШ", "p": [183] },
	{ "s": "БЛАГОДАРЯ", "p": [183] },
	{ "s": "БЛАГОДАТ", "p": [186, 175] },
	{ "s": "БЛАГОПОЛУЧНО", "p": [194] },
	{ "s": "БЛАГОСЛОВЕН", "p": [192] },
	{ "s": "БЛАЖЕНИ", "p": [112] },
	{ "s": "БЛАТНО", "p": [186] },
	{ "s": "БЛАТО", "p": [194, 147] },
	{ "s": "БЛЕСТЯЩО", "p": [198] },
	{ "s": "БЛЕЩИ", "p": [183] },
	{ "s": "БЛЕЩУКАТ", "p": [183] },
	{ "s": "БЛИЖНИЯ", "p": [186, 183] },
	{ "s": "БЛИЗКА", "p": [90] },
	{ "s": "БЛИЗКИ", "p": [201, 199] },
	{ "s": "БЛИЗКИТЕ", "p": [201] },
	{ "s": "БЛИЗКИЯ", "p": [191] },
	{ "s": "БЛИЗКОНАМИРАЩО", "p": [191] },
	{ "s": "БЛИЗО", "p": [191, 194, 189] },
	{ "s": "БЛИЗОСТ", "p": [149, 191] },
	{ "s": "БЛИЗЪК", "p": [201] },
	{ "s": "БЛОКАЖНО", "p": [183] },
	{ "s": "БЛОКИРА", "p": [194] },
	{ "s": "БЛОКИРАМ", "p": [183] },
	{ "s": "БЛОКОВЕ", "p": [191] },
	{ "s": "БЛУДКАВ", "p": [183] },
	{ "s": "БЛУДКАВО", "p": [186] },
	{ "s": "БЛУДНИ", "p": [186] },
	{ "s": "БЛУДСТВО", "p": [201] },
	{ "s": "БЛУЗА", "p": [200] },
	{ "s": "БЛЮДО", "p": [202] },
	{ "s": "БЛЯН", "p": [186, 171, 168] },
	{ "s": "БЛЯСЪК", "p": [192] },
	{ "s": "БЛЯСЪКА", "p": [183] },
	{ "s": "БЛЯСЪЧНОСТ", "p": [160] },
	{ "s": "БМВ", "p": [194] },
	{ "s": "БОБ", "p": [185] },
	{ "s": "БОБОВИ", "p": [200] },
	{ "s": "БОБОТИ", "p": [107] },
	{ "s": "БОГ", "p": [184, 119, 112, 185, 151, 148, 142, 120, 118, 106, 104, 53] },
	{ "s": "БОГА", "p": [186, 161, 124, 82, 60] },
	{ "s": "БОГАТСТВА", "p": [195] },
	{ "s": "БОГИНЯТА", "p": [200] },
	{ "s": "БОГОВЕ", "p": [197] },
	{ "s": "БОГОВЕТЕ", "p": [197] },
	{ "s": "БОГОИЗБРАНИ", "p": [149] },
	{ "s": "БОГОРОДИЦАТА", "p": [118] },
	{ "s": "БОГЪТ", "p": [183] },
	{ "s": "БОДА", "p": [183] },
	{ "s": "БОДЕЖИ", "p": [183] },
	{ "s": "БОДЕЖИТЕ", "p": [109] },
	{ "s": "БОДЛИ", "p": [147] },
	{ "s": "БОДЛИВА", "p": [163] },
	{ "s": "БОДНАЛ", "p": [183] },
	{ "s": "БОЖЕ", "p": [185, 183, 105] },
	{ "s": "БОЖЕСТВЕН", "p": [185] },
	{ "s": "БОЖЕСТВЕНА", "p": [141] },
	{ "s": "БОЖЕСТВЕНИ", "p": [147] },
	{ "s": "БОЖЕСТВЕНИЯТ", "p": [186] },
	{ "s": "БОЖЕСТВЕНО", "p": [57, 10] },
	{ "s": "БОЖЕСТВЕНОСТ", "p": [202] },
	{ "s": "БОЖИ", "p": [197] },
	{ "s": "БОЖИЕТО", "p": [197, 129] },
	{ "s": "БОЖИТЕ", "p": [197, 183] },
	{ "s": "БОЖИЯ", "p": [186, 92] },
	{ "s": "БОЖКОВ", "p": [194] },
	{ "s": "БОИ", "p": [62] },
	{ "s": "БОЙ", "p": [199, 191] },
	{ "s": "БОЙКО", "p": [191, 189] },
	{ "s": "БОЙНИ", "p": [189] },
	{ "s": "БОЙНИТЕ", "p": [200] },
	{ "s": "БОЙЦИ", "p": [189] },
	{ "s": "БОКАЛИТЕ", "p": [186] },
	{ "s": "БОКЛУК", "p": [194, 188] },
	{ "s": "БОКЛУКА", "p": [191] },
	{ "s": "БОКЛУЦИТЕ", "p": [183, 166, 156] },
	{ "s": "БОКСА", "p": [200] },
	{ "s": "БОКСЬОРИТЕ", "p": [200] },
	{ "s": "БОЛЕЗНЕНИТЕ", "p": [183] },
	{ "s": "БОЛЕЗНЕНО", "p": [194, 144, 102, 76, 66] },
	{ "s": "БОЛЕЗНЕНОТО", "p": [27, 5] },
	{ "s": "БОЛЕН", "p": [199, 57] },
	{ "s": "БОЛЕСТ", "p": [201, 184, 183] },
	{ "s": "БОЛЕШЕ", "p": [184, 139] },
	{ "s": "БОЛИ", "p": [69, 183, 142, 60, 57, 40, 19, 17, 14, 12] },
	{ "s": "БОЛКА", "p": [184, 183, 157, 201, 185, 84, 57, 208, 204, 155, 153, 144, 137, 111, 95, 60, 52] },
	{ "s": "БОЛКАТА", "p": [181, 111, 103, 98, 10] },
	{ "s": "БОЛКИ", "p": [183] },
	{ "s": "БОЛКИТЕ", "p": [200, 183, 157] },
	{ "s": "БОЛНА", "p": [183, 50] },
	{ "s": "БОЛНИ", "p": [149] },
	{ "s": "БОЛНО", "p": [191, 185, 177, 112, 33] },
	{ "s": "БОЛШИНСТВОТО", "p": [193] },
	{ "s": "БОЛЯЛО", "p": [183] },
	{ "s": "БОРБА", "p": [194, 100, 98] },
	{ "s": "БОРБАТА", "p": [181, 99] },
	{ "s": "БОРБЕНОСТТА", "p": [189] },
	{ "s": "БОРЕШЕ", "p": [184] },
	{ "s": "БОРИ", "p": [201, 139] },
	{ "s": "БОРИМ", "p": [192, 112] },
	{ "s": "БОРИС", "p": [191] },
	{ "s": "БОРИСОВ", "p": [191] },
	{ "s": "БОРИСОВА", "p": [194] },
	{ "s": "БОРИСОВАТА", "p": [194] },
	{ "s": "БОРИШ", "p": [191, 183] },
	{ "s": "БОРОВЕЦ", "p": [191] },
	{ "s": "БОРУ", "p": [183] },
	{ "s": "БОРЧ", "p": [134] },
	{ "s": "БОРЯТ", "p": [183] },
	{ "s": "БОСТАНА", "p": [186] },
	{ "s": "БОТЕВ", "p": [195, 194, 191] },
	{ "s": "БОЯ", "p": [183] },
	{ "s": "БОЯДЖИЯ", "p": [193] },
	{ "s": "БОЯТА", "p": [161] },
	{ "s": "БРАДА", "p": [183] },
	{ "s": "БРАДАТА", "p": [166] },
	{ "s": "БРАДВА", "p": [190] },
	{ "s": "БРАДИКАРДНО", "p": [183] },
	{ "s": "БРАЗДА", "p": [164] },
	{ "s": "БРАЗДИ", "p": [98] },
	{ "s": "БРАКОЗАДЕЛЕНА", "p": [77] },
	{ "s": "БРАКОНИЕРСТВАМ", "p": [64] },
	{ "s": "БРАНЕХ", "p": [184] },
	{ "s": "БРАТ", "p": [201, 183] },
	{ "s": "БРАТА", "p": [106] },
	{ "s": "БРАТЛЕ", "p": [200] },
	{ "s": "БРАТСКИ", "p": [201] },
	{ "s": "БРАТЯ", "p": [189] },
	{ "s": "БРАЧЕН", "p": [202] },
	{ "s": "БРЕ", "p": [183, 168] },
	{ "s": "БРЕГА", "p": [205, 201, 93] },
	{ "s": "БРЕЛ", "p": [204] },
	{ "s": "БРЕМЕТО", "p": [181, 103, 24] },
	{ "s": "БРЕМЕТО-ОДЕЖДА", "p": [103] },
	{ "s": "БРИЗ", "p": [136] },
	{ "s": "БРИЗА", "p": [136, 93] },
	{ "s": "БРОД", "p": [151] },
	{ "s": "БРОДЕРИЯ", "p": [84] },
	{ "s": "БРОДЯ", "p": [166] },
	{ "s": "БРОДЯТ", "p": [122] },
	{ "s": "БРОЕНИ", "p": [191] },
	{ "s": "БРОЕШЕ", "p": [202] },
	{ "s": "БРОИ", "p": [192] },
	{ "s": "БРОЙ", "p": [200, 193, 192, 191] },
	{ "s": "БРОНЕЖИЛЕТКА", "p": [195] },
	{ "s": "БРОНИ", "p": [59] },
	{ "s": "БРОНИРАМЕ", "p": [112] },
	{ "s": "БРОНИТЕ", "p": [185] },
	{ "s": "БРОНЯ", "p": [184] },
	{ "s": "БРОЯЧИ", "p": [192] },
	{ "s": "БРУТАЛНА", "p": [198] },
	{ "s": "БРУТАЛНО", "p": [201, 198] },
	{ "s": "БРУТНА", "p": [194] },
	{ "s": "БРЪКНЕТЕ", "p": [183] },
	{ "s": "БРЪКНИ", "p": [186] },
	{ "s": "БРЪНКА", "p": [186, 38] },
	{ "s": "БРЪЧКАТ", "p": [45] },
	{ "s": "БРЪЧКИТЕ", "p": [166] },
	{ "s": "БРЯГ", "p": [186] },
	{ "s": "БТА", "p": [194] },
	{ "s": "БТК", "p": [191] },
	{ "s": "БУДА", "p": [183] },
	{ "s": "БУДЕНА", "p": [198] },
	{ "s": "БУДЕНЕТО", "p": [38] },
	{ "s": "БУДИ", "p": [183] },
	{ "s": "БУДИЗЪМ", "p": [109] },
	{ "s": "БУДИЛНИКЪТ", "p": [90] },
	{ "s": "БУДИШ", "p": [7] },
	{ "s": "БУДНИ", "p": [189] },
	{ "s": "БУДУВАНЕ", "p": [98] },
	{ "s": "БУДЯ", "p": [54] },
	{ "s": "БУЗИ", "p": [131] },
	{ "s": "БУЗКИТЕ", "p": [185] },
	{ "s": "БУКЕТ", "p": [169, 58] },
	{ "s": "БУКСУВА", "p": [29] },
	{ "s": "БУЛЕВАРДА", "p": [166] },
	{ "s": "БУНИЩЕ", "p": [194, 188] },
	{ "s": "БУНТОВНО", "p": [139] },
	{ "s": "БУРЕ", "p": [185] },
	{ "s": "БУРЕН", "p": [163] },
	{ "s": "БУРЕНЦЕ", "p": [185] },
	{ "s": "БУРИТЕ", "p": [181] },
	{ "s": "БУРЯ", "p": [84] },
	{ "s": "БУТАШ", "p": [183] },
	{ "s": "БУТИЛКА", "p": [183, 198] },
	{ "s": "БУТИЛКИ", "p": [198] },
	{ "s": "БУТИЛКИТЕ", "p": [198] },
	{ "s": "БУТНАТ", "p": [189] },
	{ "s": "БУЦА", "p": [186] },
	{ "s": "БУЦИ", "p": [55] },
	{ "s": "БУШУВА", "p": [40] },
	{ "s": "БУШУВАТ", "p": [183] },
	{ "s": "БЪБРЕЦИТЕ", "p": [201] },
	{ "s": "БЪДА", "p": [186, 22, 185, 56, 42, 40] },
	{ "s": "БЪДАТ", "p": [191, 192, 193, 183, 142] },
	{ "s": "БЪДЕ", "p": [193, 188, 14, 189, 202, 201, 200, 199, 198, 197, 192, 191, 190, 186, 138, 95, 36, 1] },
	{ "s": "БЪДЕМ", "p": [183, 184, 101, 44] },
	{ "s": "БЪДЕШ", "p": [190, 183, 184, 107, 63] },
	{ "s": "БЪДЕЩЕ", "p": [56] },
	{ "s": "БЪДЕЩЕТО", "p": [126] },
	{ "s": "БЪЗИКАШ", "p": [185] },
	{ "s": "БЪЗИКАЩА", "p": [186] },
	{ "s": "БЪЛГАРИ", "p": [191, 194, 190, 189] },
	{ "s": "БЪЛГАРИЙО", "p": [189] },
	{ "s": "БЪЛГАРИН", "p": [188, 191, 190, 189] },
	{ "s": "БЪЛГАРИНА", "p": [188] },
	{ "s": "БЪЛГАРИНЪТ", "p": [191] },
	{ "s": "БЪЛГАРИО", "p": [194] },
	{ "s": "БЪЛГАРИТЕ", "p": [189] },
	{ "s": "БЪЛГАРИЯ", "p": [189, 194, 188, 191, 195, 192, 190] },
	{ "s": "БЪЛГАРСКА", "p": [194, 190, 188] },
	{ "s": "БЪЛГАРСКАТА", "p": [189, 188] },
	{ "s": "БЪЛГАРСКИ", "p": [191, 190, 189, 194, 1] },
	{ "s": "БЪЛГАРСКИТЕ", "p": [191, 189] },
	{ "s": "БЪЛГАРСКИЯ", "p": [194, 191, 189] },
	{ "s": "БЪЛГАРСКИЯТ", "p": [191, 190, 189] },
	{ "s": "БЪЛГАРСКО", "p": [189] },
	{ "s": "БЪЛГАРСКОТО", "p": [191] },
	{ "s": "БЪЛНУВАМ", "p": [59] },
	{ "s": "БЪРЖЕ", "p": [202] },
	{ "s": "БЪРЗА", "p": [191, 184] },
	{ "s": "БЪРЗАМ", "p": [13] },
	{ "s": "БЪРЗАНЕ", "p": [184] },
	{ "s": "БЪРЗАТ", "p": [158] },
	{ "s": "БЪРЗАШ", "p": [43] },
	{ "s": "БЪРЗИТЕ", "p": [146] },
	{ "s": "БЪРЗО", "p": [200, 143, 139, 101] },
	{ "s": "БЪРКА", "p": [192] },
	{ "s": "БЪРКАМ", "p": [199] },
	{ "s": "БЪРКАШ", "p": [39] },
	{ "s": "БЪРСАНЕ", "p": [45] },
	{ "s": "БЪЧВА", "p": [184] },
	{ "s": "БЮДЖЕТ", "p": [192] },
	{ "s": "БЮСТ", "p": [202] },
	{ "s": "БЯГАМ", "p": [183] },
	{ "s": "БЯГАМЕ", "p": [146] },
	{ "s": "БЯГАНЕ", "p": [27] },
	{ "s": "БЯГАТ", "p": [191] },
	{ "s": "БЯЛ", "p": [194, 141] },
	{ "s": "БЯЛА", "p": [20] },
	{ "s": "БЯЛАТА", "p": [75] },
	{ "s": "БЯЛО", "p": [201, 186] },
	{ "s": "БЯЛОТО", "p": [183, 159, 109] },
	{ "s": "БЯСНА", "p": [202] },
	{ "s": "БЯСНО", "p": [18, 16] },
	{ "s": "БЯХ", "p": [198, 147, 199, 145, 150, 33, 206, 157, 70, 53, 10] },
	{ "s": "БЯХА", "p": [202, 191, 200, 198, 197, 157, 20, 201, 194, 192, 183] },
	{ "s": "БЯХМЕ", "p": [198, 184, 38, 100, 186, 183, 3] }
]