[
	{ "s": "BABY", "p": [204, 208] },
	{ "s": "BACK", "p": [206] },
	{ "s": "BASS", "p": [209] },
	{ "s": "BE", "p": [209, 204, 208] },
	{ "s": "BECAUSE", "p": [209, 208] },
	{ "s": "BED", "p": [202] },
	{ "s": "BEEN", "p": [204, 209, 208] },
	{ "s": "BEFORE", "p": [207, 206] },
	{ "s": "BEGIN", "p": [206] },
	{ "s": "BELIEFS", "p": [209] },
	{ "s": "BELIEVE", "p": [209] },
	{ "s": "BELIEVING", "p": [209] },
	{ "s": "BENDING", "p": [209] },
	{ "s": "BENEATH", "p": [205] },
	{ "s": "BESIDE", "p": [209] },
	{ "s": "BEST", "p": [205] },
	{ "s": "BG", "p": [190, 1] },
	{ "s": "BGPOET", "p": [1] },
	{ "s": "BGPOET.COM", "p": [1] },
	{ "s": "BIG", "p": [206] },
	{ "s": "BIRD", "p": [204] },
	{ "s": "BIRD'S", "p": [204] },
	{ "s": "BIRDS", "p": [204] },
	{ "s": "BITING", "p": [209] },
	{ "s": "BLAMEFULLY", "p": [209] },
	{ "s": "BLANKET", "p": [191] },
	{ "s": "BLEEDING", "p": [209] },
	{ "s": "BLESSINGS", "p": [209] },
	{ "s": "BLOODY", "p": [209] },
	{ "s": "BORN", "p": [208] },
	{ "s": "BOTHERED", "p": [209] },
	{ "s": "BOX", "p": [206] },
	{ "s": "BOY", "p": [208] },
	{ "s": "BREAKING", "p": [209] },
	{ "s": "BREATHING", "p": [209] },
	{ "s": "BRIGHT", "p": [205] },
	{ "s": "BROKEN", "p": [209] },
	{ "s": "BTV", "p": [190] },
	{ "s": "BULGARIAN", "p": [1] },
	{ "s": "BURIED", "p": [209] },
	{ "s": "BURNING", "p": [209] },
	{ "s": "BUSY", "p": [209] },
	{ "s": "BUT", "p": [204, 209, 208, 207] },
	{ "s": "BUY", "p": [207] },
	{ "s": "BY", "p": [206, 205, 209, 204, 192, 1] },
	{ "s": "BY-PRODUCTS", "p": [192] }
]