[
	{ "s": "И", "p": [183, 202, 192, 201, 191, 186, 193, 200, 188, 184, 185, 194, 199, 198, 205, 112, 197, 195, 189, 206, 141, 111, 207, 204, 181, 157, 89, 31, 150, 33, 22, 190, 138, 98, 56, 38, 37, 26, 15, 208, 151, 139, 102, 82, 63, 44, 27, 24, 1, 178, 154, 146, 83, 81, 67, 65, 46, 43, 39, 36, 13, 6, 175, 166, 148, 137, 122, 109, 105, 99, 95, 90, 87, 76, 53, 52, 45, 40, 30, 17, 11, 10, 172, 170, 165, 164, 162, 161, 160, 155, 142, 134, 133, 129, 128, 127, 125, 123, 114, 103, 100, 91, 88, 79, 73, 71, 69, 61, 60, 57, 54, 50, 49, 42, 35, 19, 18, 16, 12, 9, 180, 179, 174, 169, 167, 163, 159, 158, 153, 145, 144, 140, 136, 132, 131, 130, 119, 115, 110, 108, 107, 106, 104, 101, 97, 94, 93, 92, 85, 77, 75, 74, 72, 70, 68, 66, 62, 47, 41, 28, 25, 20, 8, 7, 5, 4, 2] },
	{ "s": "И-И", "p": [192] },
	{ "s": "И/ИЛИ", "p": [191] },
	{ "s": "И́", "p": [183] },
	{ "s": "ИВИЛИНКА", "p": [200] },
	{ "s": "ИВИЦА", "p": [198] },
	{ "s": "ИГО", "p": [189] },
	{ "s": "ИГРА", "p": [198, 94] },
	{ "s": "ИГРАЯ", "p": [192, 22] },
	{ "s": "ИГРИ", "p": [191] },
	{ "s": "ИГРИВА", "p": [206] },
	{ "s": "ИГРИЧКИ", "p": [192] },
	{ "s": "ИДАТ", "p": [202, 186] },
	{ "s": "ИДВА", "p": [191, 185, 183, 33] },
	{ "s": "ИДВАМ", "p": [54] },
	{ "s": "ИДВАТ", "p": [194, 191] },
	{ "s": "ИДВАХА", "p": [202] },
	{ "s": "ИДВАШЕ", "p": [202, 199] },
	{ "s": "ИДЕ", "p": [202, 198] },
	{ "s": "ИДЕАЛ", "p": [184] },
	{ "s": "ИДЕАЛИ", "p": [31] },
	{ "s": "ИДЕАЛИСТИЧНА", "p": [186] },
	{ "s": "ИДЕАЛИТЕ", "p": [111] },
	{ "s": "ИДЕАЛНОТО", "p": [181] },
	{ "s": "ИДЕИ", "p": [192, 186] },
	{ "s": "ИДЕЙНИКЪТ", "p": [154] },
	{ "s": "ИДЕНТИЧНОСТ", "p": [195, 183, 106] },
	{ "s": "ИДЕШ", "p": [188] },
	{ "s": "ИДЕШЕ", "p": [194] },
	{ "s": "ИДЕЯ", "p": [33, 202, 133] },
	{ "s": "ИДЕЯТА", "p": [192] },
	{ "s": "ИДУЩАТА", "p": [192] },
	{ "s": "ИЗ", "p": [194, 98, 202, 166, 192, 191, 188, 185, 184, 154, 64] },
	{ "s": "ИЗБЕЛЯЛ", "p": [183] },
	{ "s": "ИЗБЕСНЕЯ", "p": [194] },
	{ "s": "ИЗБЕСНЯХ", "p": [194] },
	{ "s": "ИЗБИ", "p": [195] },
	{ "s": "ИЗБИВА", "p": [137] },
	{ "s": "ИЗБИВАМ", "p": [198] },
	{ "s": "ИЗБИТЕ", "p": [126] },
	{ "s": "ИЗБИТИ", "p": [202] },
	{ "s": "ИЗБИТИТЕ", "p": [202] },
	{ "s": "ИЗБИХА", "p": [194] },
	{ "s": "ИЗБЛЕДНЯЛОСТ", "p": [183] },
	{ "s": "ИЗБОР", "p": [22, 208] },
	{ "s": "ИЗБРАЛ", "p": [201, 200] },
	{ "s": "ИЗБРАНА", "p": [191] },
	{ "s": "ИЗБРАНИЦАТА", "p": [192] },
	{ "s": "ИЗБРАХ", "p": [192, 92] },
	{ "s": "ИЗБУХВАТ", "p": [144] },
	{ "s": "ИЗБЪРСА", "p": [109] },
	{ "s": "ИЗБЪРШЕШ", "p": [43] },
	{ "s": "ИЗБЪРШИ", "p": [159] },
	{ "s": "ИЗБЯГА", "p": [192] },
	{ "s": "ИЗБЯГАШ", "p": [49] },
	{ "s": "ИЗБЯГВАШ", "p": [186] },
	{ "s": "ИЗБЯГВАШЕ", "p": [197] },
	{ "s": "ИЗВАДЕН", "p": [63] },
	{ "s": "ИЗВАДЕНО", "p": [106] },
	{ "s": "ИЗВАДИ", "p": [197, 193, 186] },
	{ "s": "ИЗВАДИХ", "p": [71] },
	{ "s": "ИЗВАДКА", "p": [191, 189] },
	{ "s": "ИЗВАЛЯ", "p": [27] },
	{ "s": "ИЗВАЛЯЛО", "p": [186] },
	{ "s": "ИЗВАРА", "p": [188] },
	{ "s": "ИЗВАРАТА", "p": [188] },
	{ "s": "ИЗВЕДЕМ", "p": [192] },
	{ "s": "ИЗВЕДНЪЖ", "p": [183, 85] },
	{ "s": "ИЗВЕЗАН", "p": [151] },
	{ "s": "ИЗВЕЗАНА", "p": [173] },
	{ "s": "ИЗВЕРГСТВО", "p": [190] },
	{ "s": "ИЗВЕСТЕН", "p": [191] },
	{ "s": "ИЗВЕСТНА", "p": [191, 189] },
	{ "s": "ИЗВЕСТНАТА", "p": [191] },
	{ "s": "ИЗВЕСТНИ", "p": [192] },
	{ "s": "ИЗВЕСТНО", "p": [201, 192, 188] },
	{ "s": "ИЗВЕСТНОСТ", "p": [193] },
	{ "s": "ИЗВИВАМЕ", "p": [30] },
	{ "s": "ИЗВИВАТ", "p": [140] },
	{ "s": "ИЗВИКА", "p": [205] },
	{ "s": "ИЗВИКАХ", "p": [158] },
	{ "s": "ИЗВИНЕНИЕ", "p": [186, 183] },
	{ "s": "ИЗВИНИШ", "p": [43] },
	{ "s": "ИЗВИНЯВАЙ", "p": [183, 11] },
	{ "s": "ИЗВЛИЧАМ", "p": [65] },
	{ "s": "ИЗВОЗВА", "p": [195] },
	{ "s": "ИЗВОР", "p": [139] },
	{ "s": "ИЗВРАТЕН", "p": [108] },
	{ "s": "ИЗВРАТЕНА", "p": [186] },
	{ "s": "ИЗВРАТЕНО", "p": [183] },
	{ "s": "ИЗВЪН", "p": [191] },
	{ "s": "ИЗВЪНРЕДНА", "p": [201, 192] },
	{ "s": "ИЗВЪНРЕДНО", "p": [190] },
	{ "s": "ИЗВЪРВЯВАНЕ", "p": [183] },
	{ "s": "ИЗВЪРШВАТ", "p": [191] },
	{ "s": "ИЗВЪРШИТЕЛ", "p": [191] },
	{ "s": "ИЗВЪРШИТЕЛЯ", "p": [191] },
	{ "s": "ИЗГАРЯМЕ", "p": [146] },
	{ "s": "ИЗГАРЯНЕ", "p": [61] },
	{ "s": "ИЗГАРЯНЕТО", "p": [192] },
	{ "s": "ИЗГАРЯЩИ", "p": [30] },
	{ "s": "ИЗГЛЕД", "p": [44] },
	{ "s": "ИЗГЛЕДАХ", "p": [194] },
	{ "s": "ИЗГЛЕЖДА", "p": [194] },
	{ "s": "ИЗГЛЕЖДАШЕ", "p": [202] },
	{ "s": "ИЗГНАНИЕ", "p": [46] },
	{ "s": "ИЗГНИВА", "p": [137] },
	{ "s": "ИЗГНИВАТ", "p": [140] },
	{ "s": "ИЗГНИВАХ", "p": [145] },
	{ "s": "ИЗГНИВАШ", "p": [69] },
	{ "s": "ИЗГНИВАЩОТО", "p": [105] },
	{ "s": "ИЗГОРЕНИ", "p": [84] },
	{ "s": "ИЗГОРИХ", "p": [15] },
	{ "s": "ИЗГРАДЕН", "p": [197] },
	{ "s": "ИЗГРАДИ", "p": [201] },
	{ "s": "ИЗГРАЖДА", "p": [189] },
	{ "s": "ИЗГРАЖДАНЕ", "p": [195] },
	{ "s": "ИЗГРАЖДАНЕТО", "p": [189] },
	{ "s": "ИЗГРАЖДАШ", "p": [52] },
	{ "s": "ИЗГРАЧЕНО", "p": [183] },
	{ "s": "ИЗГРЕБАХ", "p": [154] },
	{ "s": "ИЗГРЕВА", "p": [9] },
	{ "s": "ИЗГРИЗАН", "p": [160] },
	{ "s": "ИЗГРИЗАНО", "p": [150] },
	{ "s": "ИЗГРЯ", "p": [62] },
	{ "s": "ИЗГУБЕНА", "p": [183] },
	{ "s": "ИЗГУБИ", "p": [202, 193] },
	{ "s": "ИЗГУБИЛА", "p": [171] },
	{ "s": "ИЗДАВАМ", "p": [35] },
	{ "s": "ИЗДАВАШЕ", "p": [198] },
	{ "s": "ИЗДАЛА", "p": [141] },
	{ "s": "ИЗДЕЛИЕ", "p": [183] },
	{ "s": "ИЗДИГАНЕ", "p": [181, 146] },
	{ "s": "ИЗДИГАТ", "p": [189, 120] },
	{ "s": "ИЗДИРВАМ", "p": [56] },
	{ "s": "ИЗДИША", "p": [183] },
	{ "s": "ИЗДИШАШ", "p": [185] },
	{ "s": "ИЗДРАСКАНАТА", "p": [183] },
	{ "s": "ИЗДРЪЖЛИВ", "p": [63] },
	{ "s": "ИЗДЪНКА", "p": [194] },
	{ "s": "ИЗДЪРЖАМ", "p": [186] },
	{ "s": "ИЗДЪРЖИ", "p": [202] },
	{ "s": "ИЗЖИВЕЯТ", "p": [201] },
	{ "s": "ИЗЖИВЯВАНИЯ", "p": [63] },
	{ "s": "ИЗЗАД", "p": [73, 198] },
	{ "s": "ИЗЗЕМЕ", "p": [190] },
	{ "s": "ИЗИСКА", "p": [60] },
	{ "s": "ИЗИСКВА", "p": [195, 192, 161] },
	{ "s": "ИЗИСКВАТ", "p": [195] },
	{ "s": "ИЗКАЗАНАТА", "p": [183] },
	{ "s": "ИЗКАЗАНО", "p": [37] },
	{ "s": "ИЗКАРАТ", "p": [193] },
	{ "s": "ИЗКАЧИ", "p": [205] },
	{ "s": "ИЗКАШЛЯМ", "p": [40] },
	{ "s": "ИЗКВИЧА", "p": [199] },
	{ "s": "ИЗКЛЮЧАТ", "p": [191] },
	{ "s": "ИЗКЛЮЧЕНИЕ", "p": [202] },
	{ "s": "ИЗКЛЮЧЕНИЯ", "p": [193] },
	{ "s": "ИЗКЛЮЧИТЕЛНА", "p": [201] },
	{ "s": "ИЗКЛЮЧИТЕЛНО", "p": [202, 201, 192] },
	{ "s": "ИЗКЛЮЧИХ", "p": [194] },
	{ "s": "ИЗКОННИТЕ", "p": [192] },
	{ "s": "ИЗКОННОТО", "p": [30] },
	{ "s": "ИЗКОНСУМИРАН", "p": [65] },
	{ "s": "ИЗКОРЕНИШ", "p": [204] },
	{ "s": "ИЗКОРМЕН", "p": [129] },
	{ "s": "ИЗКОРМЕНИ", "p": [157, 124] },
	{ "s": "ИЗКОРУБЕНА", "p": [185, 88] },
	{ "s": "ИЗКОРУБЕНИ", "p": [192] },
	{ "s": "ИЗКРЕЩИ", "p": [193] },
	{ "s": "ИЗКРИВЕНА", "p": [134] },
	{ "s": "ИЗКРИВЕНИ", "p": [188] },
	{ "s": "ИЗКРИВЕНО", "p": [183] },
	{ "s": "ИЗКРИВИШ", "p": [109] },
	{ "s": "ИЗКУСНО", "p": [122] },
	{ "s": "ИЗКУСТВАТА", "p": [125] },
	{ "s": "ИЗКУСТВЕН", "p": [199] },
	{ "s": "ИЗКУСТВЕНАТА", "p": [186] },
	{ "s": "ИЗКУСТВЕНИ", "p": [185, 52, 44] },
	{ "s": "ИЗКУСТВЕНО", "p": [184, 183, 160, 100] },
	{ "s": "ИЗКУСТВЕНОТО", "p": [191, 136] },
	{ "s": "ИЗКУСТВО", "p": [192, 193, 100, 122] },
	{ "s": "ИЗКУСТВОТО", "p": [192, 184, 100, 197, 193, 183, 129] },
	{ "s": "ИЗКЪЛЧИШ", "p": [183] },
	{ "s": "ИЗКЪРТЕНОТО", "p": [144] },
	{ "s": "ИЗКЪРТЯ", "p": [198] },
	{ "s": "ИЗЛАE", "p": [90] },
	{ "s": "ИЗЛАГАМЕ", "p": [146] },
	{ "s": "ИЗЛАЯ", "p": [199] },
	{ "s": "ИЗЛЕЗЕ", "p": [192, 139] },
	{ "s": "ИЗЛЕЗЕШ", "p": [192] },
	{ "s": "ИЗЛЕКУВА", "p": [202] },
	{ "s": "ИЗЛЕКУВАЙ", "p": [186] },
	{ "s": "ИЗЛЕТИЯ", "p": [191] },
	{ "s": "ИЗЛЕЯ", "p": [186, 185] },
	{ "s": "ИЗЛИВА", "p": [141, 45] },
	{ "s": "ИЗЛИВАМ", "p": [186] },
	{ "s": "ИЗЛИВАНЕ", "p": [184, 160, 67] },
	{ "s": "ИЗЛИВАНЕТО", "p": [200] },
	{ "s": "ИЗЛИВАТ", "p": [188, 93] },
	{ "s": "ИЗЛИВАХ", "p": [60] },
	{ "s": "ИЗЛИВАШ", "p": [52] },
	{ "s": "ИЗЛИЗА", "p": [192, 191, 93] },
	{ "s": "ИЗЛИЗАМ", "p": [194] },
	{ "s": "ИЗЛИЗАХ", "p": [192] },
	{ "s": "ИЗЛИЗАШ", "p": [185] },
	{ "s": "ИЗЛИТНА", "p": [183] },
	{ "s": "ИЗЛИШЕСТВО", "p": [43] },
	{ "s": "ИЗЛИШНАТА", "p": [185] },
	{ "s": "ИЗЛИШНИ", "p": [185, 200] },
	{ "s": "ИЗЛИШНО", "p": [183, 200] },
	{ "s": "ИЗЛИШЪК", "p": [154, 145] },
	{ "s": "ИЗЛИШЪЦИ", "p": [110, 76] },
	{ "s": "ИЗЛИЯНИЯ", "p": [95] },
	{ "s": "ИЗЛЪГА", "p": [199, 183] },
	{ "s": "ИЗЛЪГАЛА", "p": [202] },
	{ "s": "ИЗЛЪЖЕШ", "p": [199] },
	{ "s": "ИЗЛЪСНАТ", "p": [131] },
	{ "s": "ИЗЛЪЧВАТ", "p": [140, 92] },
	{ "s": "ИЗЛЮПВАНЕ", "p": [133] },
	{ "s": "ИЗЛЮПЕН", "p": [160] },
	{ "s": "ИЗЛЮПИХА", "p": [110] },
	{ "s": "ИЗЛЯЗОХ", "p": [194] },
	{ "s": "ИЗМАМА", "p": [91] },
	{ "s": "ИЗМАМАТА", "p": [191] },
	{ "s": "ИЗМАМВАЩО", "p": [164] },
	{ "s": "ИЗМАМЕНИ", "p": [184, 38] },
	{ "s": "ИЗМАМИ", "p": [108, 100] },
	{ "s": "ИЗМАМИТЕ", "p": [188] },
	{ "s": "ИЗМАМНА", "p": [188, 84] },
	{ "s": "ИЗМАМНАТА", "p": [103] },
	{ "s": "ИЗМАМНИ", "p": [161] },
	{ "s": "ИЗМАМНИТЕ", "p": [126] },
	{ "s": "ИЗМЕРВАТЕЛНИ", "p": [192] },
	{ "s": "ИЗМЕРВАШ", "p": [52] },
	{ "s": "ИЗМЕРВАШЕ", "p": [26] },
	{ "s": "ИЗМЕРЕНИЯ", "p": [193, 12] },
	{ "s": "ИЗМЕСТВА", "p": [106] },
	{ "s": "ИЗМЕТ", "p": [194] },
	{ "s": "ИЗМИ", "p": [109] },
	{ "s": "ИЗМИВА", "p": [57, 183] },
	{ "s": "ИЗМИВАНЕ", "p": [194] },
	{ "s": "ИЗМИГАНОТО", "p": [183] },
	{ "s": "ИЗМИНАЛИ", "p": [24] },
	{ "s": "ИЗМИНАХА", "p": [202, 200] },
	{ "s": "ИЗМИСЛЕНА", "p": [199, 186, 145] },
	{ "s": "ИЗМИСЛЕНАТА", "p": [191] },
	{ "s": "ИЗМИСЛЕНИ", "p": [147, 31] },
	{ "s": "ИЗМИСЛЕНО", "p": [183] },
	{ "s": "ИЗМИСЛИХ", "p": [183] },
	{ "s": "ИЗМИСЛИЦА", "p": [133] },
	{ "s": "ИЗМИСЛИЦИ", "p": [76] },
	{ "s": "ИЗМИСЛЯ", "p": [198] },
	{ "s": "ИЗМОРЕНИ", "p": [185] },
	{ "s": "ИЗМЪКВАНЕ", "p": [192] },
	{ "s": "ИЗМЪРМОРИ", "p": [198] },
	{ "s": "ИЗМЪЧВАНЕ", "p": [184] },
	{ "s": "ИЗМЪЧЕНО", "p": [183] },
	{ "s": "ИЗНАМЕРИМ", "p": [192] },
	{ "s": "ИЗНАМИРАНИ", "p": [156] },
	{ "s": "ИЗНАЧАЛНО", "p": [134, 131] },
	{ "s": "ИЗНАЧАЛНОТО", "p": [208] },
	{ "s": "ИЗНЕВЕРЯ", "p": [33] },
	{ "s": "ИЗНЕВЕРЯВАШ", "p": [191] },
	{ "s": "ИЗНЕВЯРАТА", "p": [33] },
	{ "s": "ИЗНЕНАДА", "p": [188, 32] },
	{ "s": "ИЗНЕРВЕН", "p": [194] },
	{ "s": "ИЗНЕРВИРА", "p": [200] },
	{ "s": "ИЗНЕРВИХ", "p": [154] },
	{ "s": "ИЗНЕРВЯМ", "p": [198] },
	{ "s": "ИЗНЕСЕ", "p": [46] },
	{ "s": "ИЗНИЗАНА", "p": [122, 9] },
	{ "s": "ИЗНИЗВА", "p": [207] },
	{ "s": "ИЗНИКВА", "p": [185] },
	{ "s": "ИЗНИКВАТ", "p": [197] },
	{ "s": "ИЗНИКНЕ", "p": [189] },
	{ "s": "ИЗНОСЕНА", "p": [167, 32] },
	{ "s": "ИЗНОСЕНИ", "p": [124] },
	{ "s": "ИЗНОСЕНО", "p": [120] },
	{ "s": "ИЗОБЩО", "p": [202, 199, 198, 190, 189] },
	{ "s": "ИЗОГЛАВЕНА", "p": [202] },
	{ "s": "ИЗООООБЩО", "p": [199] },
	{ "s": "ИЗОПАЧАВАНЕ", "p": [100] },
	{ "s": "ИЗОПАЧЕНО", "p": [109] },
	{ "s": "ИЗОСТАВЕНО", "p": [165] },
	{ "s": "ИЗОСТАВИ", "p": [10] },
	{ "s": "ИЗОСТАВЯШЕ", "p": [201] },
	{ "s": "ИЗПАДАМЕ", "p": [191] },
	{ "s": "ИЗПАДНА", "p": [201, 148] },
	{ "s": "ИЗПАДНАЛА", "p": [201] },
	{ "s": "ИЗПАРЕНИЯТА", "p": [192] },
	{ "s": "ИЗПЕПЕЛЯВАЩ", "p": [117] },
	{ "s": "ИЗПЕЧЕНА", "p": [193] },
	{ "s": "ИЗПЕЧЕНИ", "p": [188] },
	{ "s": "ИЗПЕЯ", "p": [74] },
	{ "s": "ИЗПИ", "p": [56] },
	{ "s": "ИЗПИВАХ", "p": [60] },
	{ "s": "ИЗПИКАВА", "p": [183] },
	{ "s": "ИЗПИКАХМЕ", "p": [198] },
	{ "s": "ИЗПИЛА", "p": [148] },
	{ "s": "ИЗПИЛЕН", "p": [177] },
	{ "s": "ИЗПИЛИ", "p": [201] },
	{ "s": "ИЗПИСАН", "p": [189] },
	{ "s": "ИЗПИСАНО", "p": [189] },
	{ "s": "ИЗПИСКА", "p": [199] },
	{ "s": "ИЗПИСКВА", "p": [185] },
	{ "s": "ИЗПИТ", "p": [200] },
	{ "s": "ИЗПИТА", "p": [148] },
	{ "s": "ИЗПИТВА", "p": [184] },
	{ "s": "ИЗПИТВАЛ", "p": [200] },
	{ "s": "ИЗПИТВАМ", "p": [186] },
	{ "s": "ИЗПИТВАШЕ", "p": [202] },
	{ "s": "ИЗПИТОТО", "p": [56] },
	{ "s": "ИЗПИХМЕ", "p": [198] },
	{ "s": "ИЗПИЩЯ", "p": [199, 193] },
	{ "s": "ИЗПЛАКАХ", "p": [50] },
	{ "s": "ИЗПЛАШИХ", "p": [183] },
	{ "s": "ИЗПЛЕТЕН", "p": [193, 151] },
	{ "s": "ИЗПЛИСКАНИ", "p": [21] },
	{ "s": "ИЗПЛУВАТ", "p": [191] },
	{ "s": "ИЗПЛЪЗВА", "p": [207] },
	{ "s": "ИЗПЛЪЗНА", "p": [162] },
	{ "s": "ИЗПОВЕД", "p": [144, 74, 10, 191] },
	{ "s": "ИЗПОВЯДВА", "p": [191] },
	{ "s": "ИЗПОД", "p": [202, 184, 32] },
	{ "s": "ИЗПОЛЗВАМ", "p": [90] },
	{ "s": "ИЗПОЛЗВАНА", "p": [185] },
	{ "s": "ИЗПОЛЗВАНИ", "p": [185] },
	{ "s": "ИЗПОЛЗВАТ", "p": [188] },
	{ "s": "ИЗПОПАДАЛИ", "p": [90] },
	{ "s": "ИЗПРАВЕН", "p": [21] },
	{ "s": "ИЗПРАВИ", "p": [197] },
	{ "s": "ИЗПРАВНОСТ", "p": [190] },
	{ "s": "ИЗПРАЗВАХ", "p": [198, 103] },
	{ "s": "ИЗПРАЗНЕН", "p": [83] },
	{ "s": "ИЗПРАЗНЕНИ", "p": [155] },
	{ "s": "ИЗПРАЗНИХ", "p": [184] },
	{ "s": "ИЗПРАТЕНА", "p": [206] },
	{ "s": "ИЗПРАТИ", "p": [202, 33] },
	{ "s": "ИЗПРАТИХ", "p": [206, 53] },
	{ "s": "ИЗПРЕВАРВАН", "p": [122] },
	{ "s": "ИЗПРОСВА", "p": [117] },
	{ "s": "ИЗПРОСЕНА", "p": [32] },
	{ "s": "ИЗПРОСЕНО", "p": [79] },
	{ "s": "ИЗПРОСИ", "p": [31] },
	{ "s": "ИЗПРЪХНАЛ", "p": [183] },
	{ "s": "ИЗПСУВАМ", "p": [73] },
	{ "s": "ИЗПУКА", "p": [192] },
	{ "s": "ИЗПУСНЕ", "p": [201] },
	{ "s": "ИЗПУШВАНЕ", "p": [61] },
	{ "s": "ИЗПУШИ", "p": [202] },
	{ "s": "ИЗПУШИХА", "p": [202] },
	{ "s": "ИЗПЪКВА", "p": [194, 189, 73] },
	{ "s": "ИЗПЪКНЕ", "p": [183, 150] },
	{ "s": "ИЗПЪЛВАШ", "p": [186] },
	{ "s": "ИЗПЪЛНЕН", "p": [202, 103] },
	{ "s": "ИЗПЪЛНЕНИ", "p": [81] },
	{ "s": "ИЗПЪЛНЕНИЕ", "p": [204] },
	{ "s": "ИЗПЪЛНЕНО", "p": [200] },
	{ "s": "ИЗПЪЛНИТЕЛ", "p": [192] },
	{ "s": "ИЗПЪЛНИТЕЛКА", "p": [192] },
	{ "s": "ИЗПЪЛНЯВАХА", "p": [194] },
	{ "s": "ИЗПЪЧИ", "p": [199] },
	{ "s": "ИЗПЯВАШ", "p": [87] },
	{ "s": "ИЗРАЖДАНЕ", "p": [119, 79] },
	{ "s": "ИЗРАЖЕНИЕ", "p": [194] },
	{ "s": "ИЗРАЗИ", "p": [191] },
	{ "s": "ИЗРАЗХОДВАНИ", "p": [192] },
	{ "s": "ИЗРАЗЯ", "p": [63] },
	{ "s": "ИЗРАСНАЛ", "p": [193] },
	{ "s": "ИЗРАСНАХ", "p": [145] },
	{ "s": "ИЗРАСНАХА", "p": [125] },
	{ "s": "ИЗРЕВА", "p": [199] },
	{ "s": "ИЗРЕДИ", "p": [183] },
	{ "s": "ИЗРЕЖА", "p": [160, 22] },
	{ "s": "ИЗРЕЖЕ", "p": [197] },
	{ "s": "ИЗРЕЗКАТА", "p": [98] },
	{ "s": "ИЗРЕЗКИ", "p": [179] },
	{ "s": "ИЗРЕЧЕНИЯ", "p": [202] },
	{ "s": "ИЗРИГВАМ", "p": [89] },
	{ "s": "ИЗРИГВАНЕ", "p": [67] },
	{ "s": "ИЗРИГВАТ", "p": [63] },
	{ "s": "ИЗРИДАВАШЕ", "p": [99] },
	{ "s": "ИЗРИЧАШ", "p": [146] },
	{ "s": "ИЗРИЧЕН", "p": [36] },
	{ "s": "ИЗРОДЕНИЯ", "p": [184] },
	{ "s": "ИЗРОДИ", "p": [193, 45] },
	{ "s": "ИЗРЪМЖА", "p": [199] },
	{ "s": "ИЗРЯЗАНОТО", "p": [183] },
	{ "s": "ИЗРЯЗАХ", "p": [71, 154] },
	{ "s": "ИЗРЯЗВАМ", "p": [186, 82] },
	{ "s": "ИЗРЯЗВАТ", "p": [191] },
	{ "s": "ИЗРЯЗВАХА", "p": [197] },
	{ "s": "ИЗРЯЗВАШЕ", "p": [197] },
	{ "s": "ИЗСВИРВАШ", "p": [87] },
	{ "s": "ИЗСИЛЕНО", "p": [183] },
	{ "s": "ИЗСИПАХ", "p": [60] },
	{ "s": "ИЗСИПАХА", "p": [110] },
	{ "s": "ИЗСИПВА", "p": [192] },
	{ "s": "ИЗСИРАТ", "p": [123] },
	{ "s": "ИЗСКЪРЦА", "p": [198] },
	{ "s": "ИЗСКЪРЦВА", "p": [164] },
	{ "s": "ИЗСМИСЛЕНА", "p": [103] },
	{ "s": "ИЗСМИСЛЕНИЯТ", "p": [103] },
	{ "s": "ИЗСМУКАХ", "p": [53] },
	{ "s": "ИЗСМУКВАНИ", "p": [185] },
	{ "s": "ИЗСМУЧЕМ", "p": [106] },
	{ "s": "ИЗСТИВА", "p": [192, 6] },
	{ "s": "ИЗСТИВАМ", "p": [186, 10] },
	{ "s": "ИЗСТИВАМЕ", "p": [146] },
	{ "s": "ИЗСТИВАШ", "p": [87] },
	{ "s": "ИЗСТИВАЩ", "p": [186] },
	{ "s": "ИЗСТИВАЩИ", "p": [185] },
	{ "s": "ИЗСТИВАЩИЯТ", "p": [197] },
	{ "s": "ИЗСТИВАЩО", "p": [105] },
	{ "s": "ИЗСТИВАЩОТО", "p": [105] },
	{ "s": "ИЗСТИНАЛ", "p": [185, 183, 115] },
	{ "s": "ИЗСТИНАЛА", "p": [55] },
	{ "s": "ИЗСТИНАЛИ", "p": [184, 99, 38] },
	{ "s": "ИЗСТИНАХ", "p": [184] },
	{ "s": "ИЗСТИНЕ", "p": [192] },
	{ "s": "ИЗСТИСКА", "p": [21] },
	{ "s": "ИЗСТИСКАХ", "p": [60] },
	{ "s": "ИЗСТИСКВА", "p": [167, 128] },
	{ "s": "ИЗСТИСКВАШ", "p": [183] },
	{ "s": "ИЗСТРАДАЛ", "p": [202] },
	{ "s": "ИЗСТРЕЛ", "p": [183, 147] },
	{ "s": "ИЗСТРЕЛА", "p": [53] },
	{ "s": "ИЗСТРЕЛВАШЕ", "p": [184, 48] },
	{ "s": "ИЗСТРЕЛИ", "p": [47] },
	{ "s": "ИЗСЪХВАЩО", "p": [193] },
	{ "s": "ИЗСЪХНАЛ", "p": [183] },
	{ "s": "ИЗСЪХНАХ", "p": [75] },
	{ "s": "ИЗТЕКЪЛ", "p": [81, 70, 24] },
	{ "s": "ИЗТЕЧЕ", "p": [200] },
	{ "s": "ИЗТИЧАНЕ", "p": [139, 30] },
	{ "s": "ИЗТОК", "p": [194] },
	{ "s": "ИЗТОЧНИК", "p": [149, 201, 164] },
	{ "s": "ИЗТОЩЕН", "p": [202] },
	{ "s": "ИЗТОЩЕНИЕ", "p": [186] },
	{ "s": "ИЗТОЩИХ", "p": [206] },
	{ "s": "ИЗТРЕБИТЕЛИ", "p": [183, 4] },
	{ "s": "ИЗТРИВАЛКА", "p": [43] },
	{ "s": "ИЗТРИВАЛО", "p": [186] },
	{ "s": "ИЗТРИИ", "p": [183] },
	{ "s": "ИЗТРИХ", "p": [71] },
	{ "s": "ИЗТРЪГВАТ", "p": [153] },
	{ "s": "ИЗТРЪГНА", "p": [46] },
	{ "s": "ИЗТРЪГНАТА", "p": [57] },
	{ "s": "ИЗТРЪГНАТИТЕ", "p": [145] },
	{ "s": "ИЗТРЪГНАХ", "p": [50] },
	{ "s": "ИЗТРЪПВАМ", "p": [164] },
	{ "s": "ИЗТРЪПНАЛИ", "p": [160, 9] },
	{ "s": "ИЗТРЪПНАХ", "p": [75] },
	{ "s": "ИЗТРЪСКА", "p": [109] },
	{ "s": "ИЗТУПА", "p": [109] },
	{ "s": "ИЗТУПАХ", "p": [43] },
	{ "s": "ИЗТЪКАНА", "p": [84] },
	{ "s": "ИЗТЪНЧЕНО", "p": [193] },
	{ "s": "ИЗТЪПАНЧИ", "p": [192] },
	{ "s": "ИЗТЪРКА", "p": [27] },
	{ "s": "ИЗТЪРКАНИ", "p": [169] },
	{ "s": "ИЗТЪРКАНО", "p": [183] },
	{ "s": "ИЗУМЛЕНИЕ", "p": [194] },
	{ "s": "ИЗХВЪРЛИ", "p": [201, 183] },
	{ "s": "ИЗХОД", "p": [208] },
	{ "s": "ИЗХОДА", "p": [139] },
	{ "s": "ИЗХОДЪТ", "p": [192] },
	{ "s": "ИЗЦЕДЕНИ", "p": [69] },
	{ "s": "ИЗЧАКАЙ", "p": [164] },
	{ "s": "ИЗЧЕЗВАТ", "p": [197] },
	{ "s": "ИЗЧЕЗНА", "p": [74] },
	{ "s": "ИЗЧЕКВАМЕ", "p": [146] },
	{ "s": "ИЗЧЕРПАХ", "p": [154] },
	{ "s": "ИЗЧЕРПЯ", "p": [74] },
	{ "s": "ИЗЧИСЛЕНИЕТО", "p": [188] },
	{ "s": "ИЗЧИСЛИЛ", "p": [194] },
	{ "s": "ИЗЧИСТИ", "p": [109] },
	{ "s": "ИЗЧИТА", "p": [193] },
	{ "s": "ИЗЧУКА", "p": [199, 202] },
	{ "s": "ИЗЯВА", "p": [193, 183] },
	{ "s": "ИЗЯВИ", "p": [202] },
	{ "s": "ИЗЯВИХА", "p": [202] },
	{ "s": "ИЗЯДОХМЕ", "p": [198] },
	{ "s": "ИЗЯСНИЛИ", "p": [198] },
	{ "s": "ИКАР", "p": [90] },
	{ "s": "ИКОГА", "p": [202] },
	{ "s": "ИКОНА", "p": [180, 168] },
	{ "s": "ИКОНАТА", "p": [156] },
	{ "s": "ИЛИ", "p": [191, 192, 183, 186, 146, 199, 189, 202, 190, 185, 126, 198, 197, 195, 33, 27, 22, 184, 138, 109, 100, 92, 81, 54, 1] },
	{ "s": "ИЛИЯНА", "p": [202] },
	{ "s": "ИЛИЯНТКА", "p": [202] },
	{ "s": "ИЛИЯНЦИ", "p": [191] },
	{ "s": "ИЛЮЗИЯ", "p": [183, 61] },
	{ "s": "ИЛЮЗОРНОТО", "p": [186] },
	{ "s": "ИЛЮСТРАЦИЯ", "p": [189] },
	{ "s": "ИМ", "p": [202, 192, 201, 198, 193, 191, 190, 188, 159, 76, 197, 107] },
	{ "s": "ИМА", "p": [183, 192, 189, 191, 190, 193, 202, 188, 194, 146, 138, 126, 200, 195, 172, 164, 132, 130, 43, 22, 3, 1] },
	{ "s": "ИМАГИНЕРЕН", "p": [121] },
	{ "s": "ИМАГИНЕРНИ", "p": [121, 26] },
	{ "s": "ИМАЛ", "p": [192] },
	{ "s": "ИМАЛИ", "p": [188] },
	{ "s": "ИМАЛО", "p": [190] },
	{ "s": "ИМАМ", "p": [185, 186, 183, 199, 198, 191, 177, 121, 59] },
	{ "s": "ИМАМЕ", "p": [191, 101, 194, 155, 32] },
	{ "s": "ИМАНЕ", "p": [184] },
	{ "s": "ИМАТ", "p": [199] },
	{ "s": "ИМАТЕ", "p": [191] },
	{ "s": "ИМАХ", "p": [199, 94] },
	{ "s": "ИМАШ", "p": [45, 195, 192, 186, 184, 183, 96, 36] },
	{ "s": "ИМАШЕ", "p": [201, 202, 194, 193, 191, 183] },
	{ "s": "ИМЕ", "p": [50, 202, 201, 200, 193, 189, 87] },
	{ "s": "ИМЕЙЛ", "p": [210, 63] },
	{ "s": "ИМЕНА", "p": [191, 157] },
	{ "s": "ИМЕННО", "p": [192, 189] },
	{ "s": "ИМЕТО", "p": [192, 191] },
	{ "s": "ИМИДЖ", "p": [192] },
	{ "s": "ИМИДЖ-МЕЙКЪРИ", "p": [192] },
	{ "s": "ИМИДЖ-МЕЙКЪРИТЕ", "p": [192] },
	{ "s": "ИМОТИ", "p": [191] },
	{ "s": "ИМПЕРИЯ", "p": [189] },
	{ "s": "ИМПРЕСИЯ", "p": [63] },
	{ "s": "ИМПРОВИЗАЦИИТЕ", "p": [186] },
	{ "s": "ИМПУЛС", "p": [132] },
	{ "s": "ИМПУЛСА", "p": [184] },
	{ "s": "ИМУНИТЕТ", "p": [191] },
	{ "s": "ИН", "p": [159] },
	{ "s": "ИНАТ", "p": [184] },
	{ "s": "ИНАЧЕ", "p": [192, 198, 194, 191, 190, 189] },
	{ "s": "ИНВАЛИДЕН", "p": [150] },
	{ "s": "ИНВАЛИДНА", "p": [32] },
	{ "s": "ИНВЕСТИТОРСКИ", "p": [191] },
	{ "s": "ИНДИВИДУАЛНОСТТА", "p": [192] },
	{ "s": "ИНЕНО", "p": [183] },
	{ "s": "ИНЕНО-ЯННО", "p": [183] },
	{ "s": "ИНЕРТЕН", "p": [154] },
	{ "s": "ИНИЦИАТОРИ", "p": [189] },
	{ "s": "ИНИЦИИРА", "p": [191] },
	{ "s": "ИНКВИЗИТОРНИЯ", "p": [46] },
	{ "s": "ИНСОМНИИ", "p": [59] },
	{ "s": "ИНСТАЛАЦИЯ", "p": [121] },
	{ "s": "ИНСТАЛИРАМ", "p": [121] },
	{ "s": "ИНСТИНКТ", "p": [103, 99] },
	{ "s": "ИНСТРУКЦИИ", "p": [43] },
	{ "s": "ИНСТРУМЕНТИ", "p": [200] },
	{ "s": "ИНТЕЛЕКТ", "p": [202, 104] },
	{ "s": "ИНТЕЛЕКТУАЛНО", "p": [202] },
	{ "s": "ИНТЕЛИГЕНТНИ", "p": [44] },
	{ "s": "ИНТЕРЕС", "p": [197, 191, 189, 188] },
	{ "s": "ИНТЕРЕСЕН", "p": [202, 185, 141] },
	{ "s": "ИНТЕРЕСИ", "p": [191] },
	{ "s": "ИНТЕРЕСНИ", "p": [197] },
	{ "s": "ИНТЕРЕСНО", "p": [192] },
	{ "s": "ИНТЕРНЕТ", "p": [191, 141] },
	{ "s": "ИНТЕРПРЕТАЦИЯ", "p": [109] },
	{ "s": "ИНТРИГАНТСКА", "p": [199] },
	{ "s": "ИНТРИГАНТСТВО", "p": [183] },
	{ "s": "ИНТРО", "p": [160] },
	{ "s": "ИНФАНТИЛНОСТ", "p": [106] },
	{ "s": "ИНФЕКТИРАН", "p": [40] },
	{ "s": "ИНФЛАЦИЯ", "p": [194] },
	{ "s": "ИНЧОВЕ", "p": [202] },
	{ "s": "ИРАКЛИ", "p": [191] },
	{ "s": "ИРОНИЗИРАМ", "p": [137] },
	{ "s": "ИРОНИЧНО", "p": [183] },
	{ "s": "ИСИХАЗЪМ", "p": [107] },
	{ "s": "ИСКА", "p": [184, 202, 199, 192, 191, 188, 55, 40, 22] },
	{ "s": "ИСКАЛ", "p": [185, 160] },
	{ "s": "ИСКАЛА", "p": [201] },
	{ "s": "ИСКАЛИ", "p": [191] },
	{ "s": "ИСКАМ", "p": [186, 188, 185, 183, 167, 193, 204, 199, 168, 134, 67] },
	{ "s": "ИСКАМЕ", "p": [101, 186, 149] },
	{ "s": "ИСКАНЕ", "p": [181, 21] },
	{ "s": "ИСКАНИЯТА", "p": [197] },
	{ "s": "ИСКАНО", "p": [183] },
	{ "s": "ИСКАТ", "p": [191, 183, 110] },
	{ "s": "ИСКАТЕ", "p": [185] },
	{ "s": "ИСКАХ", "p": [183, 186, 185, 145, 91, 74, 40, 29] },
	{ "s": "ИСКАШ", "p": [183, 181, 186, 185, 172, 164, 107, 82, 49, 47, 45] },
	{ "s": "ИСКАШЕ", "p": [202, 183, 197, 193, 191] },
	{ "s": "ИСКРА", "p": [95] },
	{ "s": "ИСКРЕНА", "p": [44] },
	{ "s": "ИСКРЕНОСТ", "p": [200] },
	{ "s": "ИСЛЯМСКАТА", "p": [189] },
	{ "s": "ИСПАНЕЦА", "p": [194] },
	{ "s": "ИСПАНЦИ", "p": [195] },
	{ "s": "ИСТЕРИЯ", "p": [184] },
	{ "s": "ИСТИНА", "p": [10, 191, 185, 133, 98] },
	{ "s": "ИСТИНАТА", "p": [188, 199, 186] },
	{ "s": "ИСТИНИ", "p": [103, 184, 21] },
	{ "s": "ИСТИНСКА", "p": [192, 185, 183, 145, 53] },
	{ "s": "ИСТИНСКАТА", "p": [191, 30] },
	{ "s": "ИСТИНСКИ", "p": [202, 201, 199, 197, 192, 183, 79, 76, 40] },
	{ "s": "ИСТИНСКИТЕ", "p": [189] },
	{ "s": "ИСТИНСКО", "p": [188, 202, 66] },
	{ "s": "ИСТОРИИ", "p": [201] },
	{ "s": "ИСТОРИЦИ", "p": [189] },
	{ "s": "ИСТОРИЯ", "p": [190, 183] },
	{ "s": "ИСТОРИЯТА", "p": [200, 190] },
	{ "s": "ИСУСЕ", "p": [105] },
	{ "s": "ИТАКА", "p": [161] },
	{ "s": "ИТАЛИАНЕЦ", "p": [191] },
	{ "s": "ИТАЛИАНСКАТА", "p": [191] },
	{ "s": "ИТАЛИЯ", "p": [191] },
	{ "s": "ИЧ", "p": [183] },
	{ "s": "ИЩАХ", "p": [183] },
	{ "s": "ИЩЕЦА", "p": [191] }
]