[
	{ "s": "A", "p": [209, 206, 208, 207, 205, 191, 49, 204, 22] },
	{ "s": "ABORTION", "p": [208] },
	{ "s": "ABOVE", "p": [209] },
	{ "s": "ABUSING", "p": [209] },
	{ "s": "ACROSS", "p": [205] },
	{ "s": "ADAM", "p": [209] },
	{ "s": "ADAMS", "p": [209] },
	{ "s": "ADDRESS", "p": [210] },
	{ "s": "AGAIN", "p": [118, 204] },
	{ "s": "AGGRESSION", "p": [209] },
	{ "s": "AIN", "p": [209] },
	{ "s": "AIN’T", "p": [209] },
	{ "s": "AIR", "p": [205] },
	{ "s": "ALBATROSS", "p": [205] },
	{ "s": "ALICE", "p": [151] },
	{ "s": "ALIVE", "p": [205] },
	{ "s": "ALL", "p": [208, 207, 209, 204, 192, 146, 142] },
	{ "s": "ALL-INCLUSIVE", "p": [142] },
	{ "s": "ALMOST", "p": [205] },
	{ "s": "AM", "p": [191, 208, 205] },
	{ "s": "AMBASSADORS", "p": [205] },
	{ "s": "AN", "p": [206, 207, 205, 204] },
	{ "s": "AND", "p": [205, 209, 206, 208, 207, 204, 1] },
	{ "s": "ANGELS", "p": [209] },
	{ "s": "ANOTHER", "p": [207] },
	{ "s": "ANTS", "p": [208] },
	{ "s": "ANYMORE", "p": [206] },
	{ "s": "APOSTLES", "p": [209] },
	{ "s": "APPLE", "p": [209, 208] },
	{ "s": "ARE", "p": [209, 207, 208, 206] },
	{ "s": "AROUND", "p": [205] },
	{ "s": "AS", "p": [206, 204] },
	{ "s": "ASH", "p": [209] },
	{ "s": "ASLEEP", "p": [208] },
	{ "s": "AT", "p": [210, 209, 146, 49] },
	{ "s": "ATROPHIED", "p": [208] },
	{ "s": "AUTHOR", "p": [1] },
	{ "s": "AWAY", "p": [204, 209, 207] },
	{ "s": "AЗ", "p": [166, 18] }
]