[
	{ "s": "С", "p": [202, 201, 183, 200, 191, 185, 192, 186, 188, 194, 193, 199, 198, 190, 184, 197, 195, 69, 61, 33, 145, 111, 103, 100, 79, 28, 204, 70, 68, 63, 189, 160, 157, 150, 94, 88, 62, 52, 51, 49, 48, 38, 32, 15, 181, 173, 164, 162, 149, 146, 144, 141, 126, 123, 119, 112, 105, 104, 89, 84, 81, 80, 66, 55, 44, 39, 37, 36, 31, 30, 11, 10, 6, 1, 208, 207, 205, 178, 176, 174, 170, 169, 168, 159, 154, 153, 151, 148, 147, 143, 142, 140, 137, 136, 135, 134, 132, 131, 128, 125, 121, 120, 118, 114, 110, 108, 107, 106, 102, 101, 95, 92, 83, 78, 75, 74, 73, 71, 59, 56, 54, 53, 47, 46, 45, 43, 35, 34, 26, 24, 23, 21, 19, 18, 14, 9, 7, 4] },
	{ "s": "СА", "p": [183, 191, 192, 189, 125, 185, 161, 107, 33, 188, 177, 142, 59, 44, 208, 207, 194, 190, 184, 159, 157, 81, 64, 24, 201, 199, 198, 197, 195, 193, 186, 181, 169, 167, 134, 133, 129, 119, 104, 95, 90, 84, 76, 73, 67, 66, 45, 38, 29, 26, 22, 5, 1] },
	{ "s": "САГАТА", "p": [202] },
	{ "s": "САДО", "p": [76] },
	{ "s": "САДО-МАЗОВИ", "p": [76] },
	{ "s": "САЖДЕНО", "p": [53] },
	{ "s": "САЖДИ", "p": [185, 144] },
	{ "s": "САЙТ", "p": [193, 1] },
	{ "s": "САЙТА", "p": [193, 1] },
	{ "s": "САЙТОВЕ", "p": [199] },
	{ "s": "САЙТЪТ", "p": [141] },
	{ "s": "САКАТА", "p": [112] },
	{ "s": "САКАТО", "p": [183, 122] },
	{ "s": "САКАТОТО", "p": [52] },
	{ "s": "САКАШ", "p": [183] },
	{ "s": "САКС", "p": [194] },
	{ "s": "САКС-КОБУРГГОТСКИ", "p": [194] },
	{ "s": "САЛОН", "p": [201] },
	{ "s": "САЛОНА", "p": [201] },
	{ "s": "САМ", "p": [186, 183, 86, 201, 199, 185, 184, 168, 145, 112, 93, 90, 87, 63, 46, 40] },
	{ "s": "САМА", "p": [158, 56, 186, 201, 192, 139, 98] },
	{ "s": "САМАТА", "p": [202] },
	{ "s": "САМИ", "p": [186] },
	{ "s": "САМИТЕ", "p": [200] },
	{ "s": "САМИЯТ", "p": [201, 202, 193] },
	{ "s": "САМО", "p": [183, 202, 194, 191, 185, 208, 201, 192, 162, 193, 186, 184, 101, 95, 204, 195, 190, 189, 188, 74, 199, 198, 173, 157, 156, 148, 138, 133, 111, 92, 90, 81, 69, 63, 54, 44, 43, 38, 32, 22, 14] },
	{ "s": "САМОВТЪЛПЕНОТО", "p": [193] },
	{ "s": "САМОДИВА", "p": [183, 202, 201] },
	{ "s": "САМОЗВАН", "p": [193] },
	{ "s": "САМОЛИЧНОСТИ", "p": [159] },
	{ "s": "САМООБЛАДАНИЕ", "p": [199] },
	{ "s": "САМООЦЕНКА", "p": [186] },
	{ "s": "САМОСТОЯТЕЛНО", "p": [194] },
	{ "s": "САМОСЪХРАНЕНИЕ", "p": [99] },
	{ "s": "САМОТА", "p": [151, 42] },
	{ "s": "САМОТАТА", "p": [200, 98, 12, 6] },
	{ "s": "САМОТЕН", "p": [144, 83] },
	{ "s": "САМОТНА", "p": [202, 117, 116, 115, 114, 98, 84] },
	{ "s": "САМОТНАТА", "p": [186] },
	{ "s": "САМОТНИ", "p": [185, 173, 88, 59, 20] },
	{ "s": "САМОТНИК", "p": [188] },
	{ "s": "САМОТНИЦА", "p": [25] },
	{ "s": "САМОТНИЯТ", "p": [186] },
	{ "s": "САМОТНО", "p": [192, 165] },
	{ "s": "САМОУБИ", "p": [190] },
	{ "s": "САМОУБИЙСТВЕНОСТ", "p": [184] },
	{ "s": "САМОУБИЛ", "p": [201, 190] },
	{ "s": "САМОУВЕРЕНОСТТА", "p": [192] },
	{ "s": "САМОЦЕЛНО", "p": [183] },
	{ "s": "САМОЧУВСТВИЕ", "p": [191] },
	{ "s": "САМОЧУВСТВИЕТО", "p": [201, 129, 73] },
	{ "s": "САНДВИЧ", "p": [195] },
	{ "s": "САНДВИЧИ", "p": [202] },
	{ "s": "САНТИМЕНТИ", "p": [183, 11] },
	{ "s": "САНЧО", "p": [132] },
	{ "s": "САРДИНИ", "p": [183] },
	{ "s": "САРКОФАГА", "p": [186] },
	{ "s": "САРКОФАЗИ", "p": [69] },
	{ "s": "САТАНИНСКА", "p": [202] },
	{ "s": "САТЪР", "p": [185] },
	{ "s": "САЩ", "p": [191] },
	{ "s": "СБИРЩИНА", "p": [202, 193] },
	{ "s": "СБЛЪСКВАНЕ", "p": [183] },
	{ "s": "СБЛЪСЪЦИ", "p": [191, 103] },
	{ "s": "СБОГОМ", "p": [23, 191, 183, 145, 67] },
	{ "s": "СБОГУВАМЕ", "p": [145] },
	{ "s": "СБОГУВАНЕ", "p": [145, 154] },
	{ "s": "СБОР", "p": [202] },
	{ "s": "СБРА", "p": [183] },
	{ "s": "СБРЪЧКАНОТО", "p": [186] },
	{ "s": "СБЪДНАТ", "p": [183] },
	{ "s": "СБЪДНАТА", "p": [30] },
	{ "s": "СБЪДНАТИ", "p": [150] },
	{ "s": "СБЪДНАХА", "p": [110] },
	{ "s": "СБЪДНАХМЕ", "p": [15] },
	{ "s": "СБЪДНЕ", "p": [186] },
	{ "s": "СБЪРКАН", "p": [33, 191] },
	{ "s": "СБЪРКАНО", "p": [183] },
	{ "s": "СБЪРКАШ", "p": [39] },
	{ "s": "СВАЛИ", "p": [192] },
	{ "s": "СВАТБА", "p": [201] },
	{ "s": "СВЕЖДА", "p": [107] },
	{ "s": "СВЕЖДАЛ", "p": [37] },
	{ "s": "СВЕЖО", "p": [202] },
	{ "s": "СВЕНИ", "p": [183] },
	{ "s": "СВЕТА", "p": [204, 109, 191, 167, 118, 111, 92, 87, 26, 6] },
	{ "s": "СВЕТЕНЕ", "p": [38] },
	{ "s": "СВЕТЕХА", "p": [184, 38] },
	{ "s": "СВЕТЕХМЕ", "p": [184] },
	{ "s": "СВЕТЕЦ", "p": [168] },
	{ "s": "СВЕТИ", "p": [185] },
	{ "s": "СВЕТИШ", "p": [168] },
	{ "s": "СВЕТИЯ", "p": [183] },
	{ "s": "СВЕТКАВНО", "p": [183] },
	{ "s": "СВЕТЛИНА", "p": [206, 205] },
	{ "s": "СВЕТЛИННИ", "p": [107] },
	{ "s": "СВЕТЛО", "p": [198] },
	{ "s": "СВЕТНИ", "p": [198] },
	{ "s": "СВЕТОВЪРТЕЛА", "p": [69] },
	{ "s": "СВЕТОГЛЕДЪТ", "p": [197, 107] },
	{ "s": "СВЕТОФАРА", "p": [194] },
	{ "s": "СВЕТУВА", "p": [190] },
	{ "s": "СВЕТЦИ", "p": [144] },
	{ "s": "СВЕТЪТ", "p": [183, 184, 208, 201, 195, 192, 148, 137, 134, 85, 62, 12] },
	{ "s": "СВЕЩ", "p": [6] },
	{ "s": "СВЕЩЕНА", "p": [185] },
	{ "s": "СВЕЩЕНО", "p": [183, 105] },
	{ "s": "СВЕЩЕНОТО", "p": [120] },
	{ "s": "СВЕЩТА", "p": [6] },
	{ "s": "СВИ", "p": [56] },
	{ "s": "СВИВА", "p": [183] },
	{ "s": "СВИДЕТЕЛИ", "p": [191, 190] },
	{ "s": "СВИКВАЙ", "p": [64] },
	{ "s": "СВИКВАМЕ", "p": [101] },
	{ "s": "СВИКНА", "p": [40] },
	{ "s": "СВИКНАЛ", "p": [191, 185] },
	{ "s": "СВИНСКИ", "p": [201] },
	{ "s": "СВИНЯ", "p": [183] },
	{ "s": "СВИРЕПО", "p": [164] },
	{ "s": "СВИРИ", "p": [57] },
	{ "s": "СВИРИХА", "p": [202] },
	{ "s": "СВИРЯ", "p": [199] },
	{ "s": "СВИСТЕШЕ", "p": [162] },
	{ "s": "СВИТ", "p": [99, 4] },
	{ "s": "СВИТО", "p": [191] },
	{ "s": "СВИХ", "p": [199] },
	{ "s": "СВЛАЧИЩЕ", "p": [32] },
	{ "s": "СВОБОДА", "p": [190, 184, 38, 20, 15] },
	{ "s": "СВОБОДАТА", "p": [189, 129, 103] },
	{ "s": "СВОБОДНИ", "p": [202, 186, 183, 160] },
	{ "s": "СВОЕ", "p": [183, 10] },
	{ "s": "СВОЕТО", "p": [193, 204, 202, 185, 119, 10] },
	{ "s": "СВОИ", "p": [202, 190, 183, 24] },
	{ "s": "СВОИТЕ", "p": [208, 199, 191, 183, 89, 43] },
	{ "s": "СВОЙ", "p": [190] },
	{ "s": "СВОЙСТВА", "p": [52] },
	{ "s": "СВОЙТА", "p": [183, 186, 99] },
	{ "s": "СВОЙТО", "p": [147, 99] },
	{ "s": "СВОЯ", "p": [184, 24, 15, 202, 200, 191, 183, 161, 106, 56, 33] },
	{ "s": "СВОЯТ", "p": [202] },
	{ "s": "СВОЯТА", "p": [191, 112, 57] },
	{ "s": "СВРАКИ", "p": [117] },
	{ "s": "СВРЪХДОЗА", "p": [200] },
	{ "s": "СВЪРЖАТ", "p": [33] },
	{ "s": "СВЪРЖЕТЕ", "p": [1] },
	{ "s": "СВЪРЗВА", "p": [99] },
	{ "s": "СВЪРЗВАМ", "p": [191] },
	{ "s": "СВЪРЗВАНЕ", "p": [4] },
	{ "s": "СВЪРША", "p": [192] },
	{ "s": "СВЪРШВАЛ", "p": [198] },
	{ "s": "СВЪРШВАТ", "p": [53] },
	{ "s": "СВЪРШЕН", "p": [183] },
	{ "s": "СВЪРШЕНО", "p": [24] },
	{ "s": "СВЪРШИ", "p": [202, 192, 23] },
	{ "s": "СВЪРШИЛО", "p": [167] },
	{ "s": "СВЯН", "p": [201, 200] },
	{ "s": "СВЯТ", "p": [148, 107, 202, 190, 178, 149, 141, 112, 108, 83, 68, 57, 10] },
	{ "s": "СВЯТИ", "p": [112] },
	{ "s": "СВЯТО", "p": [142] },
	{ "s": "СГАЗЕНО", "p": [76] },
	{ "s": "СГАЗЯ", "p": [186] },
	{ "s": "СГОТВИЛА", "p": [194] },
	{ "s": "СГРАБЧИХА", "p": [202] },
	{ "s": "СГРАДА", "p": [195] },
	{ "s": "СГРАДИ", "p": [189, 188] },
	{ "s": "СГРАДИТЕ", "p": [195, 186] },
	{ "s": "СГРЕШЕН", "p": [183] },
	{ "s": "СГРЕШИХ", "p": [96] },
	{ "s": "СГРОМОЛЯСА", "p": [202] },
	{ "s": "СГУША", "p": [56] },
	{ "s": "СГУШЕНО", "p": [165] },
	{ "s": "СГУШИ", "p": [186] },
	{ "s": "СГЪВАНЕ", "p": [154] },
	{ "s": "СГЪВАШ", "p": [186] },
	{ "s": "СДАВЕН", "p": [145, 40] },
	{ "s": "СДЕЛКИ", "p": [191] },
	{ "s": "СДЕЛКИТЕ", "p": [191] },
	{ "s": "СДУХАНЯЦИ", "p": [202] },
	{ "s": "СДУХВАЩО", "p": [58] },
	{ "s": "СДЪВКАНИ", "p": [167] },
	{ "s": "СДЪВЧЕ", "p": [201] },
	{ "s": "СДЪРЖА", "p": [194] },
	{ "s": "СДЪРЖАН", "p": [61] },
	{ "s": "СЕ", "p": [183, 202, 191, 192, 201, 200, 198, 193, 185, 186, 199, 194, 184, 188, 190, 208, 189, 207, 154, 146, 197, 147, 83, 61, 155, 110, 160, 159, 140, 112, 100, 24, 195, 153, 150, 139, 58, 45, 38, 205, 162, 145, 141, 134, 123, 98, 81, 60, 43, 27, 15, 10, 204, 126, 121, 109, 101, 86, 66, 62, 57, 56, 53, 41, 26, 22, 19, 11, 3, 206, 181, 175, 173, 166, 161, 151, 144, 137, 135, 111, 107, 106, 99, 93, 92, 69, 67, 64, 63, 48, 44, 33, 32, 6, 1, 180, 178, 176, 164, 157, 149, 142, 129, 122, 104, 103, 102, 96, 94, 87, 84, 82, 75, 73, 70, 55, 52, 47, 46, 40, 39, 35, 34, 30, 29, 28, 23, 20, 18, 17, 16, 13, 9, 7] },
	{ "s": "СЕБЕ", "p": [192, 183, 186, 201, 185, 150, 205, 202, 199, 197, 193, 191, 122, 66, 44] },
	{ "s": "СЕБЕУВАЖАВАЩА", "p": [200] },
	{ "s": "СЕБЕУТВЪРЖДАВАМ", "p": [183] },
	{ "s": "СЕГА", "p": [199, 198, 183, 45, 6, 208, 205, 204, 202, 200, 194, 188, 186, 184, 139, 125, 90, 58, 56, 42, 37, 10] },
	{ "s": "СЕГАШНОТО", "p": [185] },
	{ "s": "СЕГРЕГАЦИЯ", "p": [191] },
	{ "s": "СЕДАЛКА", "p": [198] },
	{ "s": "СЕДАЛКАТА", "p": [198] },
	{ "s": "СЕДАТИВ", "p": [56] },
	{ "s": "СЕДЕМ", "p": [200, 191, 168, 107] },
	{ "s": "СЕДЕМЛЕТНО", "p": [61] },
	{ "s": "СЕДЕШЕ", "p": [99] },
	{ "s": "СЕДИ", "p": [201, 191] },
	{ "s": "СЕДИШ", "p": [183] },
	{ "s": "СЕДМИЦА", "p": [202, 201, 192] },
	{ "s": "СЕДМИЦИ", "p": [191, 202, 192] },
	{ "s": "СЕДЯТ", "p": [189, 188] },
	{ "s": "СЕЕ", "p": [185] },
	{ "s": "СЕЗОНА", "p": [113] },
	{ "s": "СЕЗОННИ", "p": [32] },
	{ "s": "СЕИРДЖИИ", "p": [194] },
	{ "s": "СЕКАТ", "p": [191] },
	{ "s": "СЕКВАНЕ", "p": [192] },
	{ "s": "СЕКИРАТА", "p": [186] },
	{ "s": "СЕКНА", "p": [69] },
	{ "s": "СЕКНАТА", "p": [185] },
	{ "s": "СЕКНЕ", "p": [111] },
	{ "s": "СЕКРЕТ", "p": [200, 63] },
	{ "s": "СЕКРЕТИРАЩИЯ", "p": [200] },
	{ "s": "СЕКС", "p": [202, 198, 201, 186, 184] },
	{ "s": "СЕКСОВЕ", "p": [202] },
	{ "s": "СЕКСУАЛЕН", "p": [201] },
	{ "s": "СЕКСУАЛНИ", "p": [201, 190] },
	{ "s": "СЕКСУАЛНИТЕ", "p": [202, 201] },
	{ "s": "СЕКСЪТ", "p": [202] },
	{ "s": "СЕКУНДА", "p": [148, 144] },
	{ "s": "СЕКУНДИ", "p": [198] },
	{ "s": "СЕКУНДНО", "p": [24] },
	{ "s": "СЕЛЕКТИРАН", "p": [200] },
	{ "s": "СЕЛО", "p": [192, 188] },
	{ "s": "СЕЛОТО", "p": [202, 97] },
	{ "s": "СЕЛСКОСТОПАНСКА", "p": [188] },
	{ "s": "СЕЛЯК", "p": [194] },
	{ "s": "СЕЛЯНДУРСКА", "p": [194] },
	{ "s": "СЕЛЯНКА", "p": [200] },
	{ "s": "СЕМЕ", "p": [185, 118] },
	{ "s": "СЕМЕЙНО", "p": [183] },
	{ "s": "СЕМЕЙСТВО", "p": [194, 201, 200, 191] },
	{ "s": "СЕМЕНА", "p": [200] },
	{ "s": "СЕМЕТО", "p": [10] },
	{ "s": "СЕНЗАЦИЯ", "p": [190] },
	{ "s": "СЕНКИ", "p": [184, 142, 87] },
	{ "s": "СЕРВИЛНОСТ", "p": [106] },
	{ "s": "СЕРГИЕНА", "p": [106] },
	{ "s": "СЕРИОЗНА", "p": [192] },
	{ "s": "СЕРИОЗНИ", "p": [201, 192, 191] },
	{ "s": "СЕРИОЗНО", "p": [201, 198] },
	{ "s": "СЕРИОЗНОТО", "p": [191] },
	{ "s": "СЕРИЯ", "p": [65, 64, 192] },
	{ "s": "СЕРТИФИКАТИ", "p": [164] },
	{ "s": "СЕСТРА", "p": [132, 63] },
	{ "s": "СЕТЕН", "p": [185, 46] },
	{ "s": "СЕТИВА", "p": [183] },
	{ "s": "СЕТИВНОСТ", "p": [183, 107, 100] },
	{ "s": "СЕТИХ", "p": [175] },
	{ "s": "СЕТНАТА", "p": [93, 92] },
	{ "s": "СЕТНЕ", "p": [200] },
	{ "s": "СЕТНИТЕ", "p": [100] },
	{ "s": "СЕТЯ", "p": [191] },
	{ "s": "СЕЧ", "p": [186] },
	{ "s": "СЕЩАМ", "p": [200, 192, 188, 3] },
	{ "s": "СЕЩАМЕ", "p": [101] },
	{ "s": "СЕЩАШ", "p": [199, 186] },
	{ "s": "СЕЯТ", "p": [185] },
	{ "s": "СИ", "p": [186, 202, 183, 192, 191, 185, 201, 199, 204, 200, 198, 194, 188, 208, 168, 193, 184, 93, 82, 15, 197, 33, 28, 207, 163, 66, 22, 206, 205, 190, 157, 150, 87, 63, 50, 35, 181, 162, 158, 156, 133, 109, 104, 100, 79, 71, 65, 56, 53, 49, 44, 43, 38, 37, 34, 30, 26, 189, 176, 169, 155, 149, 146, 145, 141, 140, 126, 122, 121, 119, 118, 116, 112, 108, 107, 106, 103, 99, 98, 96, 94, 91, 90, 88, 86, 77, 74, 73, 72, 70, 68, 67, 64, 62, 60, 52, 48, 46, 36, 31, 27, 19, 16, 13, 7, 6, 4] },
	{ "s": "СИВ", "p": [186] },
	{ "s": "СИВА", "p": [128, 6] },
	{ "s": "СИВИ", "p": [186, 183] },
	{ "s": "СИВИТЕ", "p": [104] },
	{ "s": "СИВО", "p": [124, 95, 69, 42] },
	{ "s": "СИВО-СИНКАВ", "p": [95] },
	{ "s": "СИВОТАТА", "p": [194] },
	{ "s": "СИВОТО", "p": [142, 128, 109, 57, 42] },
	{ "s": "СИГНАЛ", "p": [192] },
	{ "s": "СИГУРНО", "p": [194, 199, 192, 190, 188] },
	{ "s": "СИГУРНОСТ", "p": [191] },
	{ "s": "СИЛА", "p": [183, 87, 53] },
	{ "s": "СИЛАТА", "p": [12] },
	{ "s": "СИЛИ", "p": [193, 178, 21] },
	{ "s": "СИЛИКОН", "p": [106] },
	{ "s": "СИЛИКОНОВА", "p": [159] },
	{ "s": "СИЛИКОНОВИ", "p": [192] },
	{ "s": "СИЛИТЕ", "p": [206] },
	{ "s": "СИЛНА", "p": [204, 202, 183] },
	{ "s": "СИЛНИЯ", "p": [192] },
	{ "s": "СИЛНИЯТ", "p": [36] },
	{ "s": "СИЛНО", "p": [193, 190] },
	{ "s": "СИМБИОЗАТА", "p": [183] },
	{ "s": "СИМВОЛЪТ", "p": [189] },
	{ "s": "СИМЕТРИЧНО", "p": [185] },
	{ "s": "СИМПАТИИ", "p": [202] },
	{ "s": "СИМПАТИЧЕН", "p": [200] },
	{ "s": "СИМФОНИИ", "p": [194] },
	{ "s": "СИМФОНИЯ", "p": [50, 186] },
	{ "s": "СИН", "p": [183] },
	{ "s": "СИНЕ", "p": [188] },
	{ "s": "СИНИ", "p": [194, 185, 41] },
	{ "s": "СИНИНИ", "p": [129] },
	{ "s": "СИНИТЕ", "p": [183] },
	{ "s": "СИНКАВ", "p": [95] },
	{ "s": "СИНКАВА", "p": [185] },
	{ "s": "СИНКАВИЯ", "p": [54] },
	{ "s": "СИНКО", "p": [188] },
	{ "s": "СИНТЕТИЧНО", "p": [185, 183] },
	{ "s": "СИНЬО", "p": [195] },
	{ "s": "СИНЬО-ВИОЛЕТОВИ", "p": [195] },
	{ "s": "СИНЬОТО", "p": [198] },
	{ "s": "СИНЯ", "p": [148] },
	{ "s": "СИПВАМ", "p": [183] },
	{ "s": "СИПЕ", "p": [192] },
	{ "s": "СИПЯТ", "p": [153, 184, 112, 38] },
	{ "s": "СИРÈНА", "p": [116] },
	{ "s": "СИРЕНЕ", "p": [188, 198, 192] },
	{ "s": "СИРЕНЕТО", "p": [188] },
	{ "s": "СИРИНЬЕ", "p": [192] },
	{ "s": "СИРОМАШКАТА", "p": [111] },
	{ "s": "СИРОТНА", "p": [192] },
	{ "s": "СИСТЕМНО", "p": [185] },
	{ "s": "СИТЕ", "p": [202, 183] },
	{ "s": "СИТНИ", "p": [54] },
	{ "s": "СИТУАЦИИ", "p": [191] },
	{ "s": "СИТУАЦИЯ", "p": [202, 199, 191, 188] },
	{ "s": "СИТУАЦИЯТА", "p": [200] },
	{ "s": "СИФИЛИС", "p": [186] },
	{ "s": "СИЯНИЕТО", "p": [200, 183] },
	{ "s": "СКАЛА", "p": [191] },
	{ "s": "СКАЛИ", "p": [41] },
	{ "s": "СКАЛПЕЛ", "p": [186, 82] },
	{ "s": "СКАЛПЕЛА", "p": [197] },
	{ "s": "СКАНДАЛ", "p": [199, 190] },
	{ "s": "СКАНДАЛДЖИИ", "p": [194] },
	{ "s": "СКАНДАЛДЖИЯ", "p": [202] },
	{ "s": "СКАНДАЛИ", "p": [199] },
	{ "s": "СКАНДАЛИТЕ", "p": [111] },
	{ "s": "СКАНДАЛНО", "p": [190, 183] },
	{ "s": "СКАСТРЕНИ", "p": [163, 28] },
	{ "s": "СКАТАВАНИ", "p": [73] },
	{ "s": "СКАТАЕ", "p": [186] },
	{ "s": "СКЕЛЕТ", "p": [65] },
	{ "s": "СКЕЛЕТИТЕ", "p": [192] },
	{ "s": "СКЕПТИЧНИ", "p": [188] },
	{ "s": "СКИ", "p": [191] },
	{ "s": "СКИ-КУРОРТ", "p": [191] },
	{ "s": "СКИПТЪРА", "p": [181] },
	{ "s": "СКЛОНЕН", "p": [193] },
	{ "s": "СКЛОННОСТ", "p": [201] },
	{ "s": "СКЛОННОСТИ", "p": [200] },
	{ "s": "СКЛОННОСТТА", "p": [192] },
	{ "s": "СКЛЮЧВАТ", "p": [160] },
	{ "s": "СКЛЮЧИ", "p": [202] },
	{ "s": "СКЛЮЧИХА", "p": [201] },
	{ "s": "СКОБЕНО", "p": [184] },
	{ "s": "СКОБИ", "p": [184, 38] },
	{ "s": "СКОВАН", "p": [180] },
	{ "s": "СКОВАНИ", "p": [10] },
	{ "s": "СКОРО", "p": [193, 202, 201, 195, 194, 189, 188, 183] },
	{ "s": "СКОРОСТ", "p": [200, 192, 183] },
	{ "s": "СКОРОСТТА", "p": [183] },
	{ "s": "СКОТ", "p": [183, 202, 99] },
	{ "s": "СКРЕЖ", "p": [180] },
	{ "s": "СКРЕЖЪТ", "p": [58] },
	{ "s": "СКРЕПИМ", "p": [164] },
	{ "s": "СКРИБУЦАЩА", "p": [76] },
	{ "s": "СКРИВА", "p": [93] },
	{ "s": "СКРИВАЩ", "p": [183] },
	{ "s": "СКРИЕ", "p": [202] },
	{ "s": "СКРИЕМ", "p": [191] },
	{ "s": "СКРИЕШ", "p": [208] },
	{ "s": "СКРИПЕЦ", "p": [168] },
	{ "s": "СКРИТА", "p": [200, 157] },
	{ "s": "СКРИТИ", "p": [184] },
	{ "s": "СКРИТИЧКО", "p": [139, 100, 5] },
	{ "s": "СКРИТО", "p": [124] },
	{ "s": "СКРИХМЕ", "p": [105] },
	{ "s": "СКРОМЕН", "p": [183] },
	{ "s": "СКРОМНА", "p": [193, 183] },
	{ "s": "СКРОМНО", "p": [77] },
	{ "s": "СКРОМНОСТ", "p": [183] },
	{ "s": "СКРОМНОСТТА", "p": [183] },
	{ "s": "СКРЪБ", "p": [84, 183, 93] },
	{ "s": "СКРЪБЕН", "p": [20] },
	{ "s": "СКРЪБНИТЕ", "p": [104] },
	{ "s": "СКРЪЪЪЪЦ", "p": [198] },
	{ "s": "СКУЛПТОР", "p": [6] },
	{ "s": "СКУПЧЕНОСТ", "p": [9] },
	{ "s": "СКУЧАЕЩАТА", "p": [200] },
	{ "s": "СКУЧНИТЕ", "p": [192] },
	{ "s": "СКУЧНО", "p": [183] },
	{ "s": "СКЪПА", "p": [186, 145, 22] },
	{ "s": "СКЪПИ", "p": [200, 191] },
	{ "s": "СКЪРБЯЩИ", "p": [67] },
	{ "s": "СКЪРЦА", "p": [93] },
	{ "s": "СКЪРЦАШЕ", "p": [198] },
	{ "s": "СКЪРША", "p": [186] },
	{ "s": "СКЪРШЕН", "p": [183] },
	{ "s": "СКЪРШЕНИ", "p": [183] },
	{ "s": "СКЪРШЕНО", "p": [143] },
	{ "s": "СКЪРШИ", "p": [139] },
	{ "s": "СКЪСАЛА", "p": [191] },
	{ "s": "СКЪСАХ", "p": [81] },
	{ "s": "СКЪСАХА", "p": [110] },
	{ "s": "СКЪСВАНЕ", "p": [98] },
	{ "s": "СЛАБА", "p": [183] },
	{ "s": "СЛАБОСТ", "p": [150] },
	{ "s": "СЛАБОСТИТЕ", "p": [192] },
	{ "s": "СЛАВА", "p": [191, 195, 112] },
	{ "s": "СЛАВАТА", "p": [191] },
	{ "s": "СЛАВЕЙ", "p": [204, 61] },
	{ "s": "СЛАВНИ", "p": [191] },
	{ "s": "СЛАГА", "p": [183, 160, 33] },
	{ "s": "СЛАГАМ", "p": [83] },
	{ "s": "СЛАГАНЕТО", "p": [189] },
	{ "s": "СЛАГАШ", "p": [96] },
	{ "s": "СЛАДКО", "p": [81] },
	{ "s": "СЛАДОЛЕД", "p": [185] },
	{ "s": "СЛАДУРЧЕ", "p": [202] },
	{ "s": "СЛАДЪК", "p": [183] },
	{ "s": "СЛАСТНИТЕ", "p": [202] },
	{ "s": "СЛАСТНО", "p": [186, 82] },
	{ "s": "СЛЕД", "p": [202, 201, 190, 183, 200, 191, 48, 63, 186, 89, 62, 204, 199, 198, 195, 194, 192, 189, 188, 185, 181, 155, 103, 102, 101, 96, 88, 87, 81, 77, 56, 12] },
	{ "s": "СЛЕДА", "p": [151, 93] },
	{ "s": "СЛЕДАТА", "p": [183] },
	{ "s": "СЛЕДВА", "p": [183, 76] },
	{ "s": "СЛЕДВАЛО", "p": [189] },
	{ "s": "СЛЕДВАЩ", "p": [116, 71, 38] },
	{ "s": "СЛЕДВАЩА", "p": [93] },
	{ "s": "СЛЕДВАЩАТА", "p": [201, 197, 192] },
	{ "s": "СЛЕДВАЩИТЕ", "p": [191, 98] },
	{ "s": "СЛЕДВАЩИЯТ", "p": [197] },
	{ "s": "СЛЕДИ", "p": [192] },
	{ "s": "СЛЕДИТЕ", "p": [183, 157] },
	{ "s": "СЛЕДНОТО", "p": [200] },
	{ "s": "СЛЕДОБЕД", "p": [192] },
	{ "s": "СЛЕДОВАТЕЛНО", "p": [194] },
	{ "s": "СЛЕДСТВИЯ", "p": [183] },
	{ "s": "СЛЕЕМ", "p": [146] },
	{ "s": "СЛЕЗНА", "p": [19] },
	{ "s": "СЛЕПА", "p": [168] },
	{ "s": "СЛЕПЕШКАТА", "p": [183] },
	{ "s": "СЛЕПИ", "p": [183] },
	{ "s": "СЛЕПИТЕЛНИ", "p": [173] },
	{ "s": "СЛЕТИ", "p": [185] },
	{ "s": "СЛЕЯ", "p": [18] },
	{ "s": "СЛЕЯТ", "p": [183] },
	{ "s": "СЛИВА", "p": [185, 183] },
	{ "s": "СЛИВАМ", "p": [186] },
	{ "s": "СЛИВАМЕ", "p": [183] },
	{ "s": "СЛИВАНЕ", "p": [26] },
	{ "s": "СЛИВАНЕТО", "p": [33] },
	{ "s": "СЛИВАТ", "p": [161, 93] },
	{ "s": "СЛИВЕН", "p": [62] },
	{ "s": "СЛИВНИЦА", "p": [189] },
	{ "s": "СЛИЗАМЕ", "p": [169] },
	{ "s": "СЛИЗАХА", "p": [191] },
	{ "s": "СЛИСАН", "p": [183] },
	{ "s": "СЛОВА", "p": [186, 184] },
	{ "s": "СЛОВЕСНО", "p": [185] },
	{ "s": "СЛОВО", "p": [200, 186, 183] },
	{ "s": "СЛОВОТО", "p": [124] },
	{ "s": "СЛОЖЕН", "p": [192] },
	{ "s": "СЛОЖИЛ", "p": [86] },
	{ "s": "СЛОЖИЛА", "p": [192] },
	{ "s": "СЛОЖИХ", "p": [43] },
	{ "s": "СЛОЖНИ", "p": [192] },
	{ "s": "СЛОЖНИЯТ", "p": [201] },
	{ "s": "СЛОЖНО", "p": [183, 181, 22] },
	{ "s": "СЛОМЕН", "p": [202, 186, 183, 178, 11] },
	{ "s": "СЛОМЕНА", "p": [201] },
	{ "s": "СЛОМЕНИ", "p": [170] },
	{ "s": "СЛОНСКИ", "p": [198] },
	{ "s": "СЛУЖАТ", "p": [183] },
	{ "s": "СЛУЖИ", "p": [1] },
	{ "s": "СЛУЖИТЕЛ", "p": [197, 190] },
	{ "s": "СЛУЖИТЕЛИ", "p": [197, 194] },
	{ "s": "СЛУХ", "p": [186] },
	{ "s": "СЛУХОВИЯ", "p": [192] },
	{ "s": "СЛУХОВО", "p": [75] },
	{ "s": "СЛУЧАЕН", "p": [200] },
	{ "s": "СЛУЧАИ", "p": [197, 192] },
	{ "s": "СЛУЧАЙ", "p": [201, 190, 198, 195, 189] },
	{ "s": "СЛУЧАЙНА", "p": [200, 193, 106] },
	{ "s": "СЛУЧАЙНИ", "p": [200] },
	{ "s": "СЛУЧАЙНО", "p": [200, 75, 24] },
	{ "s": "СЛУЧАЙНОСТ", "p": [205] },
	{ "s": "СЛУЧАЙНОСТИ", "p": [122] },
	{ "s": "СЛУЧАЯ", "p": [192, 190] },
	{ "s": "СЛУЧАЯТ", "p": [190] },
	{ "s": "СЛУЧВА", "p": [185] },
	{ "s": "СЛУЧВАНЕ", "p": [9] },
	{ "s": "СЛУЧВАТ", "p": [1] },
	{ "s": "СЛУЧВАШЕ", "p": [202] },
	{ "s": "СЛУЧИ", "p": [202, 183, 81, 24, 15, 3] },
	{ "s": "СЛУЧИЛИ", "p": [191] },
	{ "s": "СЛУЧИЛО", "p": [15] },
	{ "s": "СЛУЧКА", "p": [183] },
	{ "s": "СЛУЧКИ", "p": [183] },
	{ "s": "СЛУША", "p": [186] },
	{ "s": "СЛУШАЙ", "p": [183] },
	{ "s": "СЛУШАХ", "p": [183] },
	{ "s": "СЛЪНЦА", "p": [63, 30] },
	{ "s": "СЛЪНЦЕ", "p": [84, 22] },
	{ "s": "СЛЪНЦЕРАЗПАД", "p": [129] },
	{ "s": "СЛЪНЦЕСЛИВАНЕ", "p": [62] },
	{ "s": "СЛЪНЦЕТО", "p": [205, 193, 183, 62] },
	{ "s": "СЛЪНЧЕВ", "p": [204, 85] },
	{ "s": "СЛЪНЧЕВИТЕ", "p": [205] },
	{ "s": "СЛЪНЧОГЛЕДА", "p": [183] },
	{ "s": "СЛЮНКА", "p": [118] },
	{ "s": "СЛЮНКАТА", "p": [198] },
	{ "s": "СЛЮНКО", "p": [160] },
	{ "s": "СЛЮНКО-СТРУЖКИ", "p": [160] },
	{ "s": "СЛЯЗОХ", "p": [194] },
	{ "s": "СЛЯП", "p": [199] },
	{ "s": "СЛЯПО", "p": [183, 112] },
	{ "s": "СЛЯПОДНЕСЕН", "p": [183] },
	{ "s": "СМАЗАНА", "p": [185] },
	{ "s": "СМАЗАНИ", "p": [183] },
	{ "s": "СМАЗВАЩО", "p": [76] },
	{ "s": "СМЕ", "p": [183, 66, 185, 207, 188, 198, 105, 100, 90, 79, 49, 208, 195, 191, 190, 169, 149, 143, 112, 108, 91, 81, 32, 30, 28, 20, 17, 8] },
	{ "s": "СМЕЕМ", "p": [146] },
	{ "s": "СМЕЕХ", "p": [204] },
	{ "s": "СМЕЕШ", "p": [22] },
	{ "s": "СМЕЙ", "p": [39] },
	{ "s": "СМЕЛИ", "p": [189] },
	{ "s": "СМЕЛО", "p": [53, 183, 31] },
	{ "s": "СМЕЛЯ", "p": [37] },
	{ "s": "СМЕНИ", "p": [141] },
	{ "s": "СМЕНИХМЕ", "p": [186] },
	{ "s": "СМЕНЯТ", "p": [192] },
	{ "s": "СМЕСИ", "p": [199] },
	{ "s": "СМЕСИЦА", "p": [201] },
	{ "s": "СМЕТКА", "p": [202, 189, 143, 26] },
	{ "s": "СМЕТКИТЕ", "p": [188, 194] },
	{ "s": "СМЕТНА", "p": [202] },
	{ "s": "СМЕТНАТ", "p": [201] },
	{ "s": "СМЕХА", "p": [75] },
	{ "s": "СМЕХЪТ", "p": [76] },
	{ "s": "СМЕШНИК", "p": [194] },
	{ "s": "СМЕШНИТЕ", "p": [7] },
	{ "s": "СМЕШНО", "p": [199, 186] },
	{ "s": "СМЕЯ", "p": [72, 13] },
	{ "s": "СМИЛА", "p": [208, 183, 11] },
	{ "s": "СМИСЛЕНО", "p": [185] },
	{ "s": "СМИСЛОВА", "p": [33] },
	{ "s": "СМИСЛОВО", "p": [33] },
	{ "s": "СМИСЪЛ", "p": [183, 206, 202, 191, 138, 43, 28, 3] },
	{ "s": "СМИСЪЛА", "p": [202, 201, 183, 12] },
	{ "s": "СМИСЪЛЪТ", "p": [133] },
	{ "s": "СМЛЯНА", "p": [33] },
	{ "s": "СМЛЯНО", "p": [208] },
	{ "s": "СМОГ", "p": [184, 142] },
	{ "s": "СМОЛА", "p": [180] },
	{ "s": "СМОТАН", "p": [202] },
	{ "s": "СМОТОЛЕВИХ", "p": [199] },
	{ "s": "СМРАД", "p": [180] },
	{ "s": "СМРЪЩИ", "p": [202] },
	{ "s": "СМС", "p": [202] },
	{ "s": "СМУТ", "p": [141] },
	{ "s": "СМУЧА", "p": [65] },
	{ "s": "СМУЧАТ", "p": [191] },
	{ "s": "СМУЧЕШ", "p": [183] },
	{ "s": "СМЪРДИШ", "p": [183] },
	{ "s": "СМЪРТ", "p": [183, 191, 185, 194, 157, 148, 145, 79, 57, 56, 10] },
	{ "s": "СМЪРТЕН", "p": [85] },
	{ "s": "СМЪРТНО", "p": [147, 25] },
	{ "s": "СМЪРТНО-ЛЮБОВЕН", "p": [25] },
	{ "s": "СМЪРТНО-ТОЧЕН", "p": [147] },
	{ "s": "СМЪРТНОСТ", "p": [190] },
	{ "s": "СМЪРТТА", "p": [183, 197, 192, 186, 103, 40] },
	{ "s": "СМЪТНО", "p": [202] },
	{ "s": "СМЯТА", "p": [191] },
	{ "s": "СМЯТАМ", "p": [200, 188] },
	{ "s": "СНАГА", "p": [186, 183, 115] },
	{ "s": "СНАГАТА", "p": [185] },
	{ "s": "СНАГИ", "p": [185, 9] },
	{ "s": "СНАСЯМ", "p": [65] },
	{ "s": "СНЕЖНИ", "p": [21] },
	{ "s": "СНЕЖНО", "p": [21] },
	{ "s": "СНЕСЕ", "p": [183] },
	{ "s": "СНЕСЕМЕ", "p": [183] },
	{ "s": "СНИМКИ", "p": [191] },
	{ "s": "СНФ", "p": [192] },
	{ "s": "СНЯГ", "p": [180, 115] },
	{ "s": "СОБА", "p": [63] },
	{ "s": "СОБСТВЕНИЧЕСКИ", "p": [183] },
	{ "s": "СОБСТВЕНИЯ", "p": [202, 156] },
	{ "s": "СОБСТВЕНОСТ", "p": [1] },
	{ "s": "СОДОМСКИ", "p": [185] },
	{ "s": "СОЙКИ", "p": [198] },
	{ "s": "СОЛ", "p": [50, 150, 93, 80] },
	{ "s": "СОЛЕНАТА", "p": [201] },
	{ "s": "СОЛЕНИ", "p": [84] },
	{ "s": "СОЛЕНО", "p": [119, 80] },
	{ "s": "СОЛЕНО-ВКИСЕЛЕНИ", "p": [119] },
	{ "s": "СОЛЗНИЦА", "p": [80] },
	{ "s": "СОЛНИК", "p": [57] },
	{ "s": "СОЛНИЦА", "p": [80] },
	{ "s": "СОЛНИЦАТА", "p": [80] },
	{ "s": "СОЛТА", "p": [109] },
	{ "s": "СОНАТА", "p": [88] },
	{ "s": "СОРТА", "p": [192] },
	{ "s": "СОСНО", "p": [183] },
	{ "s": "СОФ", "p": [192] },
	{ "s": "СОФИЗЪМ", "p": [192] },
	{ "s": "СОФИЯ", "p": [194, 191, 189, 190] },
	{ "s": "СОЦ", "p": [186] },
	{ "s": "СОЦИАЛИЗМА", "p": [191] },
	{ "s": "СОЦИАЛИЗМЪТ", "p": [193] },
	{ "s": "СОЦИАЛИЗЪМ", "p": [188] },
	{ "s": "СОЦИАЛНА", "p": [199] },
	{ "s": "СОЦИАЛНИ", "p": [108] },
	{ "s": "СОЦИАЛНИТЕ", "p": [199] },
	{ "s": "СОЧАТ", "p": [153] },
	{ "s": "СОЧЕШЕ", "p": [38] },
	{ "s": "СОЧИ", "p": [36] },
	{ "s": "СОЧИШ", "p": [185] },
	{ "s": "СПАДНА", "p": [186] },
	{ "s": "СПАЗВАНЕТО", "p": [191] },
	{ "s": "СПАСЕНИЕ", "p": [192, 183, 41] },
	{ "s": "СПАСЕНИЕТО", "p": [124, 119] },
	{ "s": "СПАСИ", "p": [98] },
	{ "s": "СПЕРМА", "p": [191] },
	{ "s": "СПЕРМАТА", "p": [194] },
	{ "s": "СПЕСТЯ", "p": [183] },
	{ "s": "СПЕСТЯВАНЕ", "p": [194] },
	{ "s": "СПЕСТЯВАТ", "p": [107] },
	{ "s": "СПЕЦИАЛЕН", "p": [189, 63] },
	{ "s": "СПЕЦИАЛНИ", "p": [192] },
	{ "s": "СПЕЦИАЛНО", "p": [43, 202] },
	{ "s": "СПЕШЕ", "p": [172] },
	{ "s": "СПЕШНО", "p": [183] },
	{ "s": "СПИ", "p": [183, 190] },
	{ "s": "СПИРА", "p": [194, 192, 188, 111] },
	{ "s": "СПИРАЙТЕ", "p": [186] },
	{ "s": "СПИРАЛА", "p": [30] },
	{ "s": "СПИРАЛИ", "p": [60, 183] },
	{ "s": "СПИРАМ", "p": [186] },
	{ "s": "СПИРАМЕ", "p": [146] },
	{ "s": "СПИРАТ", "p": [191, 188] },
	{ "s": "СПИРАХ", "p": [183] },
	{ "s": "СПИРАХТЕ", "p": [185] },
	{ "s": "СПИРАШЕ", "p": [200] },
	{ "s": "СПИРКАТА", "p": [194] },
	{ "s": "СПИРТ", "p": [186] },
	{ "s": "СПИРТА", "p": [111] },
	{ "s": "СПИСВАМ", "p": [183] },
	{ "s": "СПИСЪКЪТ", "p": [191, 188] },
	{ "s": "СПИСЪЦИ", "p": [183] },
	{ "s": "СПИХВА", "p": [183] },
	{ "s": "СПИШ", "p": [198, 181] },
	{ "s": "СПЛЕТЕНИ", "p": [30] },
	{ "s": "СПЛЕТНЯ", "p": [183] },
	{ "s": "СПЛЕТОХМЕ", "p": [62] },
	{ "s": "СПЛОТЯВА", "p": [112] },
	{ "s": "СПОГЛЕДАХА", "p": [201] },
	{ "s": "СПОДАВЕН", "p": [186] },
	{ "s": "СПОДАВЕНА", "p": [50] },
	{ "s": "СПОДАВЕНО", "p": [44] },
	{ "s": "СПОДАВЕНОТО", "p": [40] },
	{ "s": "СПОДЕЛЕНА", "p": [201] },
	{ "s": "СПОДЕЛИШ", "p": [3] },
	{ "s": "СПОДЕЛЯ", "p": [184] },
	{ "s": "СПОДЕЛЯШЕ", "p": [135] },
	{ "s": "СПОЕД", "p": [194] },
	{ "s": "СПОКОЙНА", "p": [73] },
	{ "s": "СПОКОЙНО", "p": [183] },
	{ "s": "СПОКОЙСТВИЕ", "p": [186, 100] },
	{ "s": "СПОЛУЧИ", "p": [186, 58] },
	{ "s": "СПОЛУЧЛИВИ", "p": [193] },
	{ "s": "СПОМАГАТ", "p": [197] },
	{ "s": "СПОМЕН", "p": [183, 186, 71] },
	{ "s": "СПОМЕНА", "p": [183, 98] },
	{ "s": "СПОМЕНИ", "p": [185, 88, 186, 183, 181, 105, 71, 58, 28, 24, 5] },
	{ "s": "СПОМЕНЪТ", "p": [4] },
	{ "s": "СПОМНЯ", "p": [183] },
	{ "s": "СПОМНЯШ", "p": [80] },
	{ "s": "СПОНТАНЕН", "p": [183, 118] },
	{ "s": "СПОНТАННО", "p": [75] },
	{ "s": "СПОР", "p": [183] },
	{ "s": "СПОРАДИЧНО", "p": [185] },
	{ "s": "СПОРАЗУМЕНИЯТА", "p": [191] },
	{ "s": "СПОРЕД", "p": [191, 201, 183] },
	{ "s": "СПОРНО", "p": [126] },
	{ "s": "СПОРТ", "p": [189] },
	{ "s": "СПОРТОВЕ", "p": [200] },
	{ "s": "СПОРЯ", "p": [13] },
	{ "s": "СПОРЯТ", "p": [188] },
	{ "s": "СПОСОБНОСТ", "p": [129] },
	{ "s": "СПОСОБНОСТИ", "p": [192] },
	{ "s": "СПРА", "p": [56] },
	{ "s": "СПРАВЕДЛИВОСТ", "p": [191] },
	{ "s": "СПРАВЯШЕ", "p": [198] },
	{ "s": "СПРАСКА", "p": [144] },
	{ "s": "СПРАСКАТ", "p": [32] },
	{ "s": "СПРАСКВАТ", "p": [153, 145] },
	{ "s": "СПРАТ", "p": [191] },
	{ "s": "СПРЕ", "p": [204] },
	{ "s": "СПРЕМ", "p": [57] },
	{ "s": "СПРЕЧКА", "p": [202] },
	{ "s": "СПРИНЦОВКИ", "p": [159] },
	{ "s": "СПРЯ", "p": [139, 127] },
	{ "s": "СПРЯЛО", "p": [183] },
	{ "s": "СПРЯМО", "p": [190, 26] },
	{ "s": "СПРЯХ", "p": [192] },
	{ "s": "СПУСКАХ", "p": [183] },
	{ "s": "СПУСНАХ", "p": [154] },
	{ "s": "СПУСНЕШ", "p": [58] },
	{ "s": "СПУСЪЦИ", "p": [118] },
	{ "s": "СПЪВАМ", "p": [147] },
	{ "s": "СПЪВАТ", "p": [64, 184] },
	{ "s": "СПЪВАХМЕ", "p": [38] },
	{ "s": "СПЪВАШ", "p": [185] },
	{ "s": "СПЪНАТ", "p": [150] },
	{ "s": "СПЪНАТИ", "p": [64] },
	{ "s": "СПЪТНИЦА", "p": [201] },
	{ "s": "СПЯТ", "p": [122] },
	{ "s": "СПЯЩИ", "p": [6] },
	{ "s": "СРАВНЕНИЕ", "p": [192, 188, 141, 134] },
	{ "s": "СРАВНЯВА", "p": [193] },
	{ "s": "СРАЗИЛА", "p": [10] },
	{ "s": "СРАМ", "p": [112, 199, 184] },
	{ "s": "СРАМОТА", "p": [183] },
	{ "s": "СРАМОТНИ", "p": [185, 88] },
	{ "s": "СРАНЕТО", "p": [139] },
	{ "s": "СРЕБРИСТА", "p": [204] },
	{ "s": "СРЕД", "p": [202, 183, 205, 201, 199, 197, 195, 192, 191, 190, 161, 156, 138, 96] },
	{ "s": "СРЕДА", "p": [183, 147] },
	{ "s": "СРЕДАТА", "p": [188, 194, 106] },
	{ "s": "СРЕДИ", "p": [141] },
	{ "s": "СРЕДНИЯТ", "p": [192] },
	{ "s": "СРЕДНО", "p": [194] },
	{ "s": "СРЕДНОСТАТИСТИЧЕСКИ", "p": [201] },
	{ "s": "СРЕДСТВА", "p": [201] },
	{ "s": "СРЕЖА", "p": [183] },
	{ "s": "СРЕЩА", "p": [200, 26] },
	{ "s": "СРЕЩНА", "p": [202, 118] },
	{ "s": "СРЕЩНАЛА", "p": [201] },
	{ "s": "СРЕЩНАТ", "p": [73] },
	{ "s": "СРЕЩНАХ", "p": [200] },
	{ "s": "СРЕЩНАХА", "p": [202] },
	{ "s": "СРЕЩНЕ", "p": [22] },
	{ "s": "СРЕЩНЕМ", "p": [24] },
	{ "s": "СРЕЩУ", "p": [193, 189, 183, 100] },
	{ "s": "СРЕЩУПОЛОЖНИЯ", "p": [200] },
	{ "s": "СРИВА", "p": [134, 8] },
	{ "s": "СРИВАШ", "p": [80] },
	{ "s": "СРИНАТИ", "p": [107] },
	{ "s": "СРИНАХА", "p": [19] },
	{ "s": "СРИЧКИ", "p": [134] },
	{ "s": "СРИЧКИТЕ", "p": [184, 183] },
	{ "s": "СРОДНИТЕ", "p": [193] },
	{ "s": "СРОК", "p": [81, 70, 30] },
	{ "s": "СРЪБСКИ", "p": [188] },
	{ "s": "СРЪБСКО", "p": [189] },
	{ "s": "СРЪБСКО-БЪЛГАРСКАТА", "p": [189] },
	{ "s": "ССS", "p": [183] },
	{ "s": "ССS-А", "p": [183] },
	{ "s": "ССS-НИ", "p": [183] },
	{ "s": "СТАБИЛНО", "p": [33] },
	{ "s": "СТАВА", "p": [199, 198, 194, 192, 190, 188, 183] },
	{ "s": "СТАВАЙ", "p": [185] },
	{ "s": "СТАВАЛИ", "p": [190] },
	{ "s": "СТАВАМ", "p": [183, 90, 83, 79] },
	{ "s": "СТАВАМЕ", "p": [146] },
	{ "s": "СТАВАНЕ", "p": [194] },
	{ "s": "СТАВАТ", "p": [190] },
	{ "s": "СТАВАШ", "p": [185] },
	{ "s": "СТАВАШЕ", "p": [199] },
	{ "s": "СТАДА", "p": [108] },
	{ "s": "СТАДИОН", "p": [194] },
	{ "s": "СТАДИОНЪТ", "p": [194] },
	{ "s": "СТАДНИЯТ", "p": [103] },
	{ "s": "СТАДО", "p": [192, 112] },
	{ "s": "СТАЕНА", "p": [183] },
	{ "s": "СТАЖ", "p": [192] },
	{ "s": "СТАЖА", "p": [192] },
	{ "s": "СТАКАТО", "p": [18] },
	{ "s": "СТАМБОЛИЙСКИ", "p": [190] },
	{ "s": "СТАНE", "p": [136] },
	{ "s": "СТАНА", "p": [194, 202, 193, 139, 103, 205, 198, 188, 186, 183, 102, 90, 81, 38] },
	{ "s": "СТАНАХ", "p": [194, 145] },
	{ "s": "СТАНАХА", "p": [188] },
	{ "s": "СТАНАХМЕ", "p": [188] },
	{ "s": "СТАНДАРД", "p": [188] },
	{ "s": "СТАНДАРТ", "p": [195] },
	{ "s": "СТАНДАРТИ", "p": [37, 201] },
	{ "s": "СТАНДАРТИТЕ", "p": [37] },
	{ "s": "СТАНЕ", "p": [199, 193, 192, 191, 141] },
	{ "s": "СТАНЕШ", "p": [192] },
	{ "s": "СТАНИШЕВ", "p": [194] },
	{ "s": "СТАНОВИЩЕ", "p": [190] },
	{ "s": "СТАНЦИИ", "p": [191] },
	{ "s": "СТАНЦИЯ", "p": [191, 188] },
	{ "s": "СТАПЯ", "p": [58] },
	{ "s": "СТАПЯТ", "p": [155] },
	{ "s": "СТАПЯШ", "p": [48] },
	{ "s": "СТАР", "p": [192, 132, 99] },
	{ "s": "СТАРА", "p": [185, 183, 71] },
	{ "s": "СТАРАЕХ", "p": [135] },
	{ "s": "СТАРЕЯТ", "p": [183] },
	{ "s": "СТАРИ", "p": [24, 197, 185, 183, 124] },
	{ "s": "СТАРИКЪТ", "p": [166] },
	{ "s": "СТАРИТЕ", "p": [71, 192, 186] },
	{ "s": "СТАРО", "p": [165, 81] },
	{ "s": "СТАРОСТ", "p": [193] },
	{ "s": "СТАРОТО", "p": [154] },
	{ "s": "СТАРТ", "p": [195] },
	{ "s": "СТАРТИРАЛА", "p": [190] },
	{ "s": "СТАРЧЕСКИ", "p": [191] },
	{ "s": "СТАРШИЯТ", "p": [201] },
	{ "s": "СТАТИЯ", "p": [190] },
	{ "s": "СТАТИЯТА", "p": [190] },
	{ "s": "СТАТУС", "p": [186, 183, 164] },
	{ "s": "СТАТУТА", "p": [197] },
	{ "s": "СТАТУЯ", "p": [160] },
	{ "s": "СТАЯ", "p": [183, 198] },
	{ "s": "СТАЯТА", "p": [94, 202, 194] },
	{ "s": "СТВОЛ", "p": [185] },
	{ "s": "СТЕ", "p": [191, 186] },
	{ "s": "СТЕБЛА", "p": [185, 88] },
	{ "s": "СТЕБЛАТА", "p": [185, 88] },
	{ "s": "СТЕБЛО", "p": [193] },
	{ "s": "СТЕБЛОТО", "p": [185, 116] },
	{ "s": "СТЕНА", "p": [84] },
	{ "s": "СТЕНАТА", "p": [184, 26, 205] },
	{ "s": "СТЕНЕ", "p": [183, 93] },
	{ "s": "СТЕНЕШ", "p": [183] },
	{ "s": "СТЕНЕЩИ", "p": [87] },
	{ "s": "СТЕНИ", "p": [186, 169, 52, 48] },
	{ "s": "СТЕП", "p": [173] },
	{ "s": "СТЕПЕН", "p": [1] },
	{ "s": "СТЕРЕОТИПЕН", "p": [153] },
	{ "s": "СТЕРЕОТИПИ", "p": [197] },
	{ "s": "СТЕРИЛНИТЕ", "p": [191] },
	{ "s": "СТЕСНЯВАЙ", "p": [183] },
	{ "s": "СТЕЧЕ", "p": [202] },
	{ "s": "СТЕЧЕНИЕ", "p": [200] },
	{ "s": "СТИГА", "p": [195, 186, 118, 101, 90] },
	{ "s": "СТИГАМ", "p": [194] },
	{ "s": "СТИГАМЕ", "p": [186] },
	{ "s": "СТИГАТ", "p": [186, 37] },
	{ "s": "СТИГАШ", "p": [64] },
	{ "s": "СТИГМИ", "p": [112, 105] },
	{ "s": "СТИГНА", "p": [202] },
	{ "s": "СТИГНАЛ", "p": [185] },
	{ "s": "СТИГНАТ", "p": [191] },
	{ "s": "СТИГНАХ", "p": [194, 74] },
	{ "s": "СТИГНАХА", "p": [202, 191] },
	{ "s": "СТИГНАХМЕ", "p": [188] },
	{ "s": "СТИГНЕ", "p": [208, 183, 112, 32] },
	{ "s": "СТИГНЕМ", "p": [183] },
	{ "s": "СТИГНЕШ", "p": [87] },
	{ "s": "СТИКС", "p": [87] },
	{ "s": "СТИЛ", "p": [193, 194, 183, 152] },
	{ "s": "СТИЛНА", "p": [200] },
	{ "s": "СТИЛЪТ", "p": [193] },
	{ "s": "СТИМУЛ", "p": [200] },
	{ "s": "СТИМУЛИРА", "p": [185] },
	{ "s": "СТИМУЛИРАНА", "p": [189] },
	{ "s": "СТИМУЛИРАТ", "p": [192] },
	{ "s": "СТИНЕ", "p": [143] },
	{ "s": "СТИНЕЩИ", "p": [59] },
	{ "s": "СТИСКА", "p": [119] },
	{ "s": "СТИСКАНЕ", "p": [101, 79, 45] },
	{ "s": "СТИСКАХМЕ", "p": [70] },
	{ "s": "СТИСНАЛ", "p": [33, 4] },
	{ "s": "СТИХ", "p": [194, 183, 193, 143, 74, 37, 33, 29] },
	{ "s": "СТИХА", "p": [183, 192] },
	{ "s": "СТИХВАМ", "p": [183] },
	{ "s": "СТИХИЯ", "p": [185, 183, 75, 30, 27] },
	{ "s": "СТИХИЯТА", "p": [111] },
	{ "s": "СТИХОВЕ", "p": [192, 130, 33, 194, 90, 57] },
	{ "s": "СТИХОВЕТЕ", "p": [193, 90] },
	{ "s": "СТИХОПАТ", "p": [77] },
	{ "s": "СТИХОПЛЕТЕЦ", "p": [193] },
	{ "s": "СТИХОПЛЕТСВАМ", "p": [185] },
	{ "s": "СТИХОСБИРКИ", "p": [141] },
	{ "s": "СТИХОТВОРЕНИЕ", "p": [189] },
	{ "s": "СТИХОТВОРСТВО", "p": [192] },
	{ "s": "СТИХЪТ", "p": [183] },
	{ "s": "СТИЧАШЕ", "p": [202] },
	{ "s": "СТО", "p": [124] },
	{ "s": "СТОВАРЕН", "p": [185] },
	{ "s": "СТОЕШЕ", "p": [99] },
	{ "s": "СТОИ", "p": [191] },
	{ "s": "СТОЙКА", "p": [21] },
	{ "s": "СТОЙНОСТ", "p": [184, 194, 191, 7] },
	{ "s": "СТОЙНОСТИ", "p": [191, 100] },
	{ "s": "СТОКИ", "p": [183] },
	{ "s": "СТОЛ", "p": [150] },
	{ "s": "СТОЛА", "p": [202] },
	{ "s": "СТОЛИЦА", "p": [200, 194, 191, 189] },
	{ "s": "СТОЛИЦАТА", "p": [189] },
	{ "s": "СТОЛИЧЕН", "p": [200] },
	{ "s": "СТОЛИЧНО", "p": [191] },
	{ "s": "СТОМАНА", "p": [183] },
	{ "s": "СТОМАХЧЕТО", "p": [183] },
	{ "s": "СТОМНА", "p": [183] },
	{ "s": "СТОМНАТА", "p": [183] },
	{ "s": "СТОН", "p": [185, 183, 51, 46] },
	{ "s": "СТОНА", "p": [184] },
	{ "s": "СТОНОВЕ", "p": [181] },
	{ "s": "СТОПЕНИ", "p": [21] },
	{ "s": "СТОПЕНОТО", "p": [102] },
	{ "s": "СТОПЛЯХА", "p": [201] },
	{ "s": "СТОРЕНО", "p": [202] },
	{ "s": "СТОРИ", "p": [201] },
	{ "s": "СТОТИНКИ", "p": [191] },
	{ "s": "СТОТНИ", "p": [144] },
	{ "s": "СТРАДА", "p": [192, 201, 87, 14] },
	{ "s": "СТРАДАЛА", "p": [189] },
	{ "s": "СТРАДАЛНИ", "p": [183] },
	{ "s": "СТРАДАМ", "p": [92] },
	{ "s": "СТРАДАНИЕ", "p": [183] },
	{ "s": "СТРАДАНИЕТО", "p": [200] },
	{ "s": "СТРАДАНИЯ", "p": [184, 183] },
	{ "s": "СТРАДАТЕ", "p": [186] },
	{ "s": "СТРАДАШ", "p": [186] },
	{ "s": "СТРАДАШЕ", "p": [201] },
	{ "s": "СТРАНА", "p": [191, 208, 200, 199, 195, 194, 186, 94] },
	{ "s": "СТРАНАТА", "p": [191, 202, 195, 188, 167] },
	{ "s": "СТРАНЕН", "p": [184] },
	{ "s": "СТРАНИТЕ", "p": [186] },
	{ "s": "СТРАНИЦА", "p": [194] },
	{ "s": "СТРАНИЧЕН", "p": [44] },
	{ "s": "СТРАННА", "p": [202] },
	{ "s": "СТРАННИ", "p": [130] },
	{ "s": "СТРАННО", "p": [207, 202, 201, 192, 81, 78] },
	{ "s": "СТРАННОТО", "p": [202, 189] },
	{ "s": "СТРАСТ", "p": [185, 148, 146, 88, 86, 54] },
	{ "s": "СТРАСТ-ЛЪЖА", "p": [148] },
	{ "s": "СТРАСТИ", "p": [200, 122] },
	{ "s": "СТРАСТИТЕ", "p": [123] },
	{ "s": "СТРАСТНИ", "p": [198] },
	{ "s": "СТРАСТНИТЕ", "p": [200] },
	{ "s": "СТРАСТНО", "p": [129] },
	{ "s": "СТРАСТТА", "p": [158, 186, 162, 83, 71, 70] },
	{ "s": "СТРАХ", "p": [112, 208, 191, 184, 183, 158, 118, 98, 53] },
	{ "s": "СТРАХА", "p": [183, 87] },
	{ "s": "СТРАХЛИВА", "p": [183] },
	{ "s": "СТРАХОВЕ", "p": [208, 151, 43] },
	{ "s": "СТРАХОВЕТЕ", "p": [208, 52] },
	{ "s": "СТРАХОПОЧИТАНИЕ", "p": [99] },
	{ "s": "СТРАШНАТА", "p": [183] },
	{ "s": "СТРАШНО", "p": [192, 118, 110, 109] },
	{ "s": "СТРЕ", "p": [184] },
	{ "s": "СТРЕ-ЛАЗЕНЕ", "p": [184] },
	{ "s": "СТРЕЛА", "p": [183, 202, 164, 139, 93, 85, 63, 42, 33, 28] },
	{ "s": "СТРЕЛЕЦ", "p": [13] },
	{ "s": "СТРЕЛИ", "p": [183] },
	{ "s": "СТРЕЛИТЕ", "p": [185, 183, 161] },
	{ "s": "СТРЕЛКАТА", "p": [178] },
	{ "s": "СТРЕЛКИТЕ", "p": [153, 122] },
	{ "s": "СТРЕЛОЧНИК", "p": [192] },
	{ "s": "СТРЕЛЯ", "p": [33] },
	{ "s": "СТРЕЛЯЙ", "p": [159] },
	{ "s": "СТРЕЛЯШЕ", "p": [184] },
	{ "s": "СТРЕМЕЖ", "p": [184] },
	{ "s": "СТРЕМЕЖИ", "p": [66] },
	{ "s": "СТРЕМЕЖИТЕ", "p": [109, 22] },
	{ "s": "СТРЕМЕЖНА", "p": [79] },
	{ "s": "СТРЕМЕЖЪТ", "p": [22] },
	{ "s": "СТРЕМИМ", "p": [183] },
	{ "s": "СТРЕС", "p": [194] },
	{ "s": "СТРЕСА", "p": [191, 183] },
	{ "s": "СТРИЖЕ", "p": [201] },
	{ "s": "СТРИЖЕМ", "p": [186] },
	{ "s": "СТРОЕЖ", "p": [195] },
	{ "s": "СТРОИТЕЛНИТЕ", "p": [191] },
	{ "s": "СТРОЙ", "p": [186] },
	{ "s": "СТРОФА", "p": [183] },
	{ "s": "СТРОШЕНА", "p": [185] },
	{ "s": "СТРОШЕНИ", "p": [110] },
	{ "s": "СТРОЯ", "p": [184] },
	{ "s": "СТРОЯТ", "p": [191] },
	{ "s": "СТРУВА", "p": [192, 98] },
	{ "s": "СТРУВАМ", "p": [183, 73] },
	{ "s": "СТРУВАНЕ", "p": [154] },
	{ "s": "СТРУВАТ", "p": [183] },
	{ "s": "СТРУВАХ", "p": [60] },
	{ "s": "СТРУВАХА", "p": [60] },
	{ "s": "СТРУВАШЕ", "p": [16] },
	{ "s": "СТРУГ", "p": [183] },
	{ "s": "СТРУЖКИ", "p": [160] },
	{ "s": "СТРУЙКИ", "p": [102] },
	{ "s": "СТРУКТУРИТЕ", "p": [190] },
	{ "s": "СТРУНА", "p": [160, 118] },
	{ "s": "СТРУНЕН", "p": [57] },
	{ "s": "СТРУНИ", "p": [183, 110, 67, 57] },
	{ "s": "СТРУНИТЕ", "p": [87, 50] },
	{ "s": "СТРУННИ", "p": [57] },
	{ "s": "СТРУНОПАРЕЩО", "p": [57] },
	{ "s": "СТРУПАНИ", "p": [183] },
	{ "s": "СТРУЯ", "p": [183] },
	{ "s": "СТРЪВ", "p": [186, 183] },
	{ "s": "СТРЪВНА", "p": [27] },
	{ "s": "СТРЪВНО", "p": [127] },
	{ "s": "СТРЪК", "p": [208] },
	{ "s": "СТРЪМНО", "p": [184, 169] },
	{ "s": "СТУД", "p": [92] },
	{ "s": "СТУДА", "p": [56] },
	{ "s": "СТУДЕН", "p": [104, 183, 180, 178, 170, 94, 93] },
	{ "s": "СТУДЕНА", "p": [150] },
	{ "s": "СТУДЕНО", "p": [42, 191, 184, 183, 76] },
	{ "s": "СТУДОВЕ", "p": [48] },
	{ "s": "СТУДЪТ", "p": [84, 76, 10] },
	{ "s": "СТУПОРA", "p": [183] },
	{ "s": "СТЪКЛА", "p": [184, 87, 38] },
	{ "s": "СТЪКЛАТА", "p": [153] },
	{ "s": "СТЪКЛО", "p": [73] },
	{ "s": "СТЪЛБА", "p": [19] },
	{ "s": "СТЪПКА", "p": [202] },
	{ "s": "СТЪПКАН", "p": [54] },
	{ "s": "СТЪПКАНИ", "p": [185] },
	{ "s": "СТЪПКВАШ", "p": [186] },
	{ "s": "СТЪПКИ", "p": [184, 177, 173, 145] },
	{ "s": "СТЪРЖАТ", "p": [140] },
	{ "s": "СТЪРЖЕ", "p": [143] },
	{ "s": "СТЪРЖЕЩ", "p": [142] },
	{ "s": "СТЪРЖЕЩИЯТ", "p": [57] },
	{ "s": "СТЪРПЯ", "p": [201] },
	{ "s": "СТЪРЧАТ", "p": [208] },
	{ "s": "СТЯГА", "p": [98] },
	{ "s": "СУБЛИМЕН", "p": [183] },
	{ "s": "СУБЛИМНА", "p": [183] },
	{ "s": "СУБЛИМНОСТ", "p": [183] },
	{ "s": "СУБУРБИЯТА", "p": [97] },
	{ "s": "СУЕВЕРИЕТО", "p": [34] },
	{ "s": "СУЕТА", "p": [33, 151, 150, 145, 103, 45] },
	{ "s": "СУЕТАТА", "p": [186, 147, 106, 82, 29, 27] },
	{ "s": "СУЕТЕНЕ", "p": [183] },
	{ "s": "СУЕТНО", "p": [183] },
	{ "s": "СУКНО", "p": [32] },
	{ "s": "СУМА", "p": [199, 193] },
	{ "s": "СУМАРНО", "p": [191] },
	{ "s": "СУМИ", "p": [191] },
	{ "s": "СУМРАЧНО", "p": [198, 185] },
	{ "s": "СУПЕР", "p": [202] },
	{ "s": "СУРАТЯ", "p": [183, 27] },
	{ "s": "СУРОВАТА", "p": [202, 183] },
	{ "s": "СУРОВАТКА", "p": [188] },
	{ "s": "СУРОВИ", "p": [186, 179] },
	{ "s": "СУРОГАТНИЯТ", "p": [131] },
	{ "s": "СУТИЕН", "p": [201] },
	{ "s": "СУТРЕШНА", "p": [144, 139, 90] },
	{ "s": "СУТРЕШНАТА", "p": [193] },
	{ "s": "СУТРЕШНО", "p": [56] },
	{ "s": "СУТРИН", "p": [202, 198, 195, 194, 191, 148, 122] },
	{ "s": "СУТРИНТА", "p": [173, 139, 206, 198, 54] },
	{ "s": "СУФЛЬОРИ", "p": [183] },
	{ "s": "СУХ", "p": [93] },
	{ "s": "СУХА", "p": [118] },
	{ "s": "СУХИ", "p": [61, 58] },
	{ "s": "СУХО", "p": [202, 201, 184, 183, 171, 142, 140] },
	{ "s": "СУША", "p": [183] },
	{ "s": "СФЕРАТА", "p": [194] },
	{ "s": "СФИНКТЕР", "p": [184] },
	{ "s": "СХВАНА", "p": [37] },
	{ "s": "СХВАНАТ", "p": [183] },
	{ "s": "СХВАТКА", "p": [67] },
	{ "s": "СХВАТЛИВА", "p": [194] },
	{ "s": "СХВАЩАНИЯ", "p": [120] },
	{ "s": "СХВАЩАШ", "p": [31] },
	{ "s": "СХЕМА", "p": [188] },
	{ "s": "СХЕМИ", "p": [194, 191] },
	{ "s": "СХИЗМА", "p": [183] },
	{ "s": "СХИЗМАТА", "p": [161, 112] },
	{ "s": "СЦЕНА", "p": [192] },
	{ "s": "СЦЕНАТА", "p": [192] },
	{ "s": "СЧИТАНИ", "p": [191] },
	{ "s": "СЧУПЕН", "p": [202] },
	{ "s": "СЧУПЕНАТА", "p": [183] },
	{ "s": "СЧУПЕНО", "p": [144, 121] },
	{ "s": "СЪБЕРЕШ", "p": [192] },
	{ "s": "СЪБИРА", "p": [192, 104] },
	{ "s": "СЪБИРАМ", "p": [166] },
	{ "s": "СЪБИРАНЕТО", "p": [192] },
	{ "s": "СЪБИРАТЕЛЕН", "p": [192] },
	{ "s": "СЪБИТИЕ", "p": [202] },
	{ "s": "СЪБИТИЯ", "p": [200, 191, 201, 193, 192] },
	{ "s": "СЪБИТИЯТА", "p": [202, 200] },
	{ "s": "СЪБЛЕЧЕН", "p": [185] },
	{ "s": "СЪБЛЕЧЕНА", "p": [50] },
	{ "s": "СЪБЛЕЧЕНИТЕ", "p": [122] },
	{ "s": "СЪБЛИЧАМ", "p": [183, 65] },
	{ "s": "СЪБЛИЧАШ", "p": [183, 146] },
	{ "s": "СЪБЛЮДАВАТ", "p": [191] },
	{ "s": "СЪБЛЯКОХ", "p": [150] },
	{ "s": "СЪБОРЕНИ", "p": [48] },
	{ "s": "СЪБОРЕТИНА", "p": [63] },
	{ "s": "СЪБРА", "p": [202, 193, 189] },
	{ "s": "СЪБРАЛИ", "p": [202] },
	{ "s": "СЪБРАХ", "p": [90] },
	{ "s": "СЪБУДЕНОТОУ", "p": [202] },
	{ "s": "СЪБУДИ", "p": [183, 202, 10] },
	{ "s": "СЪБУДИХ", "p": [160, 4] },
	{ "s": "СЪБУДИХМЕ", "p": [139] },
	{ "s": "СЪБУДИШ", "p": [159, 185] },
	{ "s": "СЪБУДЯ", "p": [173] },
	{ "s": "СЪБУЖДАМ", "p": [61, 173, 144, 83] },
	{ "s": "СЪБУЖДАМЕ", "p": [155] },
	{ "s": "СЪБУЖДАНЕТО", "p": [194] },
	{ "s": "СЪБУЖДАШ", "p": [83] },
	{ "s": "СЪВМЕСТЕН", "p": [201] },
	{ "s": "СЪВПАДЕНИЕ", "p": [183] },
	{ "s": "СЪВРЕМЕННИТЕ", "p": [189] },
	{ "s": "СЪВСЕМ", "p": [201, 198, 183] },
	{ "s": "СЪВЪРШЕНО", "p": [202] },
	{ "s": "СЪВЪРШЕНСТВО", "p": [141, 52] },
	{ "s": "СЪВЪРШЕНСТВОТО", "p": [133] },
	{ "s": "СЪД", "p": [200] },
	{ "s": "СЪДБА", "p": [184, 183, 167, 104, 74, 45, 34, 22, 10] },
	{ "s": "СЪДБАТА", "p": [201, 183, 83] },
	{ "s": "СЪДБИ", "p": [186, 147] },
	{ "s": "СЪДЕБНА", "p": [191] },
	{ "s": "СЪДИМ", "p": [191] },
	{ "s": "СЪДЪРЖА", "p": [191] },
	{ "s": "СЪДЪРЖАНИЕ", "p": [206, 193] },
	{ "s": "СЪДЪРЖАНИЕТО", "p": [1] },
	{ "s": "СЪДЪРЖАТ", "p": [191] },
	{ "s": "СЪЖАЛЕНИЕ", "p": [192, 190] },
	{ "s": "СЪЖАЛЯВАМ", "p": [186, 194, 185, 137] },
	{ "s": "СЪЖАЛЯВАНЕ", "p": [61] },
	{ "s": "СЪЗВЕЗДИЯ", "p": [23] },
	{ "s": "СЪЗДАВАТ", "p": [183] },
	{ "s": "СЪЗДАДЕ", "p": [188, 106] },
	{ "s": "СЪЗДАНИЕ", "p": [10] },
	{ "s": "СЪЗДАНИЯ", "p": [183] },
	{ "s": "СЪЗДАТЕЛ", "p": [134] },
	{ "s": "СЪЗЕРЗАВАХ", "p": [183] },
	{ "s": "СЪЗЕРЦАВАШЕ", "p": [26] },
	{ "s": "СЪЗИРА", "p": [183] },
	{ "s": "СЪЗНАВАМ", "p": [92] },
	{ "s": "СЪЗНАНИЕ", "p": [202, 191] },
	{ "s": "СЪЗНАНИЕТО", "p": [202] },
	{ "s": "СЪЗРЕШ", "p": [49] },
	{ "s": "СЪЗРЯ", "p": [109] },
	{ "s": "СЪКВАРТАЛНИК", "p": [194] },
	{ "s": "СЪКРАЩЕНИЕ", "p": [192] },
	{ "s": "СЪКРОВЕНОТО", "p": [191] },
	{ "s": "СЪКРОВИЩЕ", "p": [186] },
	{ "s": "СЪЛЗА", "p": [57, 183, 55, 174, 144, 134, 80, 23] },
	{ "s": "СЪЛЗАТА", "p": [180, 98, 57] },
	{ "s": "СЪЛЗЕМУЗИКА", "p": [57] },
	{ "s": "СЪЛЗЕСТИЧАНЕ", "p": [160] },
	{ "s": "СЪЛЗИ", "p": [186, 184, 194, 185, 183, 150, 148, 142, 129, 93, 88, 87, 84, 69, 54, 51, 44] },
	{ "s": "СЪЛЗИТЕ", "p": [186, 67, 185, 158, 134, 109, 96, 95, 58, 57, 36, 20] },
	{ "s": "СЪЛЗИЦА", "p": [201] },
	{ "s": "СЪЛЗИШ", "p": [181] },
	{ "s": "СЪЛЗЛИВ", "p": [58] },
	{ "s": "СЪМ", "p": [183, 185, 199, 186, 151, 184, 148, 194, 131, 82, 141, 48, 160, 96, 192, 191, 163, 112, 63, 49, 206, 157, 154, 150, 118, 95, 79, 37, 34, 25, 208, 205, 204, 198, 193, 190, 189, 188, 177, 172, 145, 144, 138, 135, 105, 93, 90, 86, 83, 73, 70, 65, 62, 60, 53, 40, 33, 24, 18, 13] },
	{ "s": "СЪМНЕНИЕ", "p": [42] },
	{ "s": "СЪМНЕНИЯ", "p": [69, 32] },
	{ "s": "СЪМНИТЕЛНИ", "p": [193] },
	{ "s": "СЪН", "p": [208, 54, 4, 186, 202, 184, 173, 102] },
	{ "s": "СЪНЕНИ", "p": [5] },
	{ "s": "СЪНЕНИТЕ", "p": [205] },
	{ "s": "СЪНИЩА", "p": [14] },
	{ "s": "СЪНИЩАТА", "p": [150] },
	{ "s": "СЪНУВА", "p": [183, 48] },
	{ "s": "СЪНУВАЙКИ", "p": [111] },
	{ "s": "СЪНУВАМ", "p": [59, 14] },
	{ "s": "СЪНУВАТ", "p": [9] },
	{ "s": "СЪНУВАХ", "p": [4, 172, 83] },
	{ "s": "СЪНУВАХМЕ", "p": [172] },
	{ "s": "СЪНУВАШ", "p": [181] },
	{ "s": "СЪНУВАШЕ", "p": [172] },
	{ "s": "СЪНЯ", "p": [54, 46, 43] },
	{ "s": "СЪНЯТ", "p": [14] },
	{ "s": "СЪОБРАЗИТЕЛНА", "p": [201] },
	{ "s": "СЪОБРАЗЯВАМ", "p": [199] },
	{ "s": "СЪОБЩЯ", "p": [191] },
	{ "s": "СЪОРЪЖЕНИЯ", "p": [191] },
	{ "s": "СЪОТВЕТНО", "p": [191, 189] },
	{ "s": "СЪПРОВОД", "p": [59] },
	{ "s": "СЪПРОТИВАТА", "p": [201] },
	{ "s": "СЪПРУЖЕСКИ", "p": [61] },
	{ "s": "СЪПЪТСТВАЩИ", "p": [194] },
	{ "s": "СЪРАТНИЦИ", "p": [194] },
	{ "s": "СЪРБЕЖИ", "p": [48] },
	{ "s": "СЪРБЕЖНА", "p": [167] },
	{ "s": "СЪРБЕЖЪТ", "p": [124] },
	{ "s": "СЪРБЯХА", "p": [201] },
	{ "s": "СЪРДЕЧНИ", "p": [184, 183] },
	{ "s": "СЪРДЕЧНИЯ", "p": [202] },
	{ "s": "СЪРДИ", "p": [183] },
	{ "s": "СЪРНИ", "p": [191] },
	{ "s": "СЪРЦА", "p": [186, 157, 202, 185, 170, 166, 140, 124, 121, 104, 87, 73, 68, 64, 63, 57, 42] },
	{ "s": "СЪРЦАТА", "p": [204, 201, 159, 157, 110, 61, 20] },
	{ "s": "СЪРЦЕ", "p": [202, 183, 201, 192, 191, 185, 184, 157, 144, 68, 10, 5] },
	{ "s": "СЪРЦЕБОЛ", "p": [80] },
	{ "s": "СЪРЦЕВИНА", "p": [63] },
	{ "s": "СЪРЦЕЛИВО", "p": [185] },
	{ "s": "СЪРЦЕРИТЪМ", "p": [8] },
	{ "s": "СЪРЦЕТО", "p": [183, 171, 186, 202, 192, 191, 185, 204, 201, 168, 164, 159, 142, 137, 95, 93, 85, 84, 73, 71, 65, 62, 61, 60, 53, 48, 46, 2] },
	{ "s": "СЪРЧИЦА", "p": [183] },
	{ "s": "СЪС", "p": [183, 188, 185, 186, 202, 184, 201, 200, 79, 194, 192, 169, 139, 104, 88, 84, 57, 204, 191, 181, 161, 99, 98, 90, 89, 86, 76, 73, 71, 65, 56, 52, 42, 40, 33, 28, 10, 197, 193, 190, 177, 167, 163, 162, 160, 157, 156, 154, 153, 151, 148, 145, 141, 140, 138, 137, 132, 131, 129, 128, 120, 116, 112, 111, 110, 108, 106, 93, 69, 68, 67, 64, 63, 62, 61, 50, 48, 46, 43, 38, 30, 29, 24, 20, 15, 6, 4] },
	{ "s": "СЪСЕДА", "p": [195, 191] },
	{ "s": "СЪСЕДИТЕ", "p": [198] },
	{ "s": "СЪСЕДНАТА", "p": [198] },
	{ "s": "СЪСИПЕ", "p": [192] },
	{ "s": "СЪСИРЕЦИ", "p": [183, 186, 65] },
	{ "s": "СЪСКА", "p": [202] },
	{ "s": "СЪСКАТ", "p": [140] },
	{ "s": "СЪСКАШ", "p": [186] },
	{ "s": "СЪСКАЩ", "p": [73] },
	{ "s": "СЪСРЕДОТОЧЕНОСТ", "p": [193] },
	{ "s": "СЪСТАВКИ", "p": [188] },
	{ "s": "СЪСТОЕШЕ", "p": [199] },
	{ "s": "СЪСТОИ", "p": [200] },
	{ "s": "СЪСТОЯНИЕ", "p": [191] },
	{ "s": "СЪСТОЯНИЕТО", "p": [186] },
	{ "s": "СЪСТРАДАНИЕ", "p": [151] },
	{ "s": "СЪСУХРЕНА", "p": [48] },
	{ "s": "СЪСУХРИХА", "p": [193] },
	{ "s": "СЪСУХРЯ", "p": [69] },
	{ "s": "СЪУВСЕМ", "p": [176] },
	{ "s": "СЪУМЯ", "p": [202] },
	{ "s": "СЪУМЯЛ", "p": [201] },
	{ "s": "СЪХНА", "p": [183] },
	{ "s": "СЪХНАТ", "p": [184] },
	{ "s": "СЪХНЕХА", "p": [150] },
	{ "s": "СЪХНЕЩО", "p": [143, 142] },
	{ "s": "СЪХРАНИ", "p": [193] },
	{ "s": "СЪХРАНЯВА", "p": [190] },
	{ "s": "СЪХРАНЯВАШ", "p": [96] },
	{ "s": "СЪХРАНЯВАЩА", "p": [160] },
	{ "s": "СЪЧЕТАН", "p": [200] },
	{ "s": "СЪШИВАХ", "p": [145] },
	{ "s": "СЪШИЛИ", "p": [84] },
	{ "s": "СЪШИТА", "p": [84] },
	{ "s": "СЪЩ", "p": [183] },
	{ "s": "СЪЩАТА", "p": [207] },
	{ "s": "СЪЩЕВРЕМЕННО", "p": [202, 201, 193, 189] },
	{ "s": "СЪЩЕСТВА", "p": [183] },
	{ "s": "СЪЩЕСТВЕН", "p": [191] },
	{ "s": "СЪЩЕСТВУВАМ", "p": [183] },
	{ "s": "СЪЩЕСТВУВАНЕТО", "p": [202, 188] },
	{ "s": "СЪЩИНА", "p": [81] },
	{ "s": "СЪЩИНСКА", "p": [200, 192] },
	{ "s": "СЪЩИНСКО", "p": [201] },
	{ "s": "СЪЩИСАНО", "p": [192] },
	{ "s": "СЪЩИТЕ", "p": [189, 125] },
	{ "s": "СЪЩИЯ", "p": [189] },
	{ "s": "СЪЩИЯТ", "p": [190, 189] },
	{ "s": "СЪЩНОСТ", "p": [145] },
	{ "s": "СЪЩО", "p": [202, 201, 200, 193, 192, 189, 184, 157, 140, 139, 108] },
	{ "s": "СЪЩОТО", "p": [189, 202, 193, 183] },
	{ "s": "СЪЮЗ", "p": [194] },
	{ "s": "СЪЮЗА", "p": [131] },
	{ "s": "СЮЖЕТЪТ", "p": [134] },
	{ "s": "СЯДАШ", "p": [185] },
	{ "s": "СЯКАШ", "p": [184, 186, 183, 174, 155, 26, 198, 191, 185, 85, 81, 53, 37] },
	{ "s": "СЯНКА", "p": [206, 186, 204, 183, 117, 102, 99, 84, 52, 48, 10, 6] },
	{ "s": "СЯНКАТА", "p": [183, 166] }
]