[
	{ "s": "К", "p": [199, 198, 186] },
	{ "s": "КÁЧИ", "p": [183] },
	{ "s": "КАВИЧКИ", "p": [193] },
	{ "s": "КАДИФЕ", "p": [200] },
	{ "s": "КАДРИ", "p": [201] },
	{ "s": "КАДЪРНА", "p": [194] },
	{ "s": "КАЖА", "p": [183, 194, 135, 95, 91, 60, 40] },
	{ "s": "КАЖЕ", "p": [201, 193, 141] },
	{ "s": "КАЖЕМ", "p": [188] },
	{ "s": "КАЖЕШ", "p": [199, 134] },
	{ "s": "КАЖИ", "p": [204, 199, 183, 100, 53, 8] },
	{ "s": "КАЗА", "p": [199, 206, 23, 202, 198, 193, 188, 185, 183, 135, 53, 48] },
	{ "s": "КАЗАЛА", "p": [199] },
	{ "s": "КАЗАЛИ", "p": [192] },
	{ "s": "КАЗАЛО", "p": [193] },
	{ "s": "КАЗАНИ", "p": [184] },
	{ "s": "КАЗАНО", "p": [192, 194, 190] },
	{ "s": "КАЗАНЧЕ", "p": [200] },
	{ "s": "КАЗАХ", "p": [194, 199, 53] },
	{ "s": "КАЗАХА", "p": [202] },
	{ "s": "КАЗАХМЕ", "p": [192] },
	{ "s": "КАЗВА", "p": [192, 190, 189] },
	{ "s": "КАЗВАЙ", "p": [95, 10] },
	{ "s": "КАЗВАЛ", "p": [199] },
	{ "s": "КАЗВАМ", "p": [199, 67, 18] },
	{ "s": "КАЗВАХ", "p": [26] },
	{ "s": "КАЗВАШ", "p": [186, 183] },
	{ "s": "КАЗУС", "p": [184] },
	{ "s": "КАИШ", "p": [15] },
	{ "s": "КАЙСИЯ", "p": [81] },
	{ "s": "КАК", "p": [188, 199, 183, 191, 186, 32, 198, 72, 202, 195, 190, 189, 185, 17, 204, 201, 200, 181, 164, 157, 145, 137, 134, 127, 108, 63, 60, 59, 58, 56, 43, 40, 16, 3] },
	{ "s": "КАКА", "p": [188] },
	{ "s": "КАКАВИДЕНО", "p": [133] },
	{ "s": "КАКВА", "p": [191, 183, 10, 190, 186, 148] },
	{ "s": "КАКВАТО", "p": [201, 191] },
	{ "s": "КАКВИ", "p": [192, 189, 186, 141] },
	{ "s": "КАКВО", "p": [191, 183, 194, 199, 190, 188, 83, 32, 200, 198, 193, 192, 186, 185, 146, 112, 57, 202, 195, 159, 157, 154, 132, 96, 73, 53, 33, 24, 20, 16, 11, 8, 3] },
	{ "s": "КАКВОТО", "p": [202, 133, 200, 194] },
	{ "s": "КАКО", "p": [168] },
	{ "s": "КАКТО", "p": [192, 201, 204, 194, 193, 188, 183, 202, 198, 191, 189, 185, 141, 118, 71, 68, 42, 33, 15, 10] },
	{ "s": "КАКЪВ", "p": [199, 198, 194, 192, 189, 183, 141] },
	{ "s": "КАЛ", "p": [194, 142] },
	{ "s": "КАЛЕНДАР", "p": [191] },
	{ "s": "КАЛЕНДАРА", "p": [81] },
	{ "s": "КАЛЕНОСТ", "p": [52] },
	{ "s": "КАЛИФОРНИЙСКИ", "p": [201] },
	{ "s": "КАЛНИ", "p": [194] },
	{ "s": "КАЛНО", "p": [128] },
	{ "s": "КАЛТА", "p": [194, 170, 102] },
	{ "s": "КАЛФА", "p": [201] },
	{ "s": "КАЛЪП", "p": [52] },
	{ "s": "КАЛЪПИ", "p": [52] },
	{ "s": "КАМА", "p": [139] },
	{ "s": "КАМА-СУТРЕШНА", "p": [139] },
	{ "s": "КАМЕННО", "p": [99] },
	{ "s": "КАМЕРИ", "p": [184] },
	{ "s": "КАМЪК", "p": [161, 147] },
	{ "s": "КАМЪНИ", "p": [201, 69] },
	{ "s": "КАМЪНИТЕ", "p": [184] },
	{ "s": "КАНАЛ", "p": [194, 102] },
	{ "s": "КАНАЛИ", "p": [188] },
	{ "s": "КАНАПЧЕ", "p": [126] },
	{ "s": "КАНГОТО", "p": [195] },
	{ "s": "КАНЗАС", "p": [207] },
	{ "s": "КАНОНА", "p": [183] },
	{ "s": "КАНЦЕРОГЕНИТАЛНА", "p": [140] },
	{ "s": "КАНЯ", "p": [63, 27] },
	{ "s": "КАПАК", "p": [202] },
	{ "s": "КАПАКЩИНАТА", "p": [192] },
	{ "s": "КАПАЛА", "p": [104] },
	{ "s": "КАПАН", "p": [14] },
	{ "s": "КАПАНЕНА", "p": [31] },
	{ "s": "КАПЕЩА", "p": [114] },
	{ "s": "КАПИТАЛ", "p": [194] },
	{ "s": "КАПКА", "p": [207, 118, 111, 85] },
	{ "s": "КАПКАТА", "p": [183] },
	{ "s": "КАПКИ", "p": [93] },
	{ "s": "КАПКИТЕ", "p": [111] },
	{ "s": "КАПРИЗИ", "p": [43] },
	{ "s": "КАПРИЗИТЕ", "p": [184] },
	{ "s": "КАПЧУЦИТЕ", "p": [166, 58] },
	{ "s": "КАРА", "p": [183, 27, 205, 201, 84, 13] },
	{ "s": "КАРАДЕРЕ", "p": [191] },
	{ "s": "КАРАМ", "p": [62] },
	{ "s": "КАРАМЕЛЕНИ", "p": [70] },
	{ "s": "КАРАНДАШЕВ", "p": [202] },
	{ "s": "КАРАНДАШНЕВ", "p": [202] },
	{ "s": "КАРАНТИИ", "p": [186] },
	{ "s": "КАРАТ", "p": [198, 191, 121] },
	{ "s": "КАРАХ", "p": [194] },
	{ "s": "КАРАХА", "p": [199] },
	{ "s": "КАРАХМЕ", "p": [162] },
	{ "s": "КАРАШЕ", "p": [202, 200, 197] },
	{ "s": "КАРДИАЛНИЯ", "p": [202, 200] },
	{ "s": "КАРДИАЛНО", "p": [171] },
	{ "s": "КАРДИНАЛНО", "p": [171] },
	{ "s": "КАРДИООБИСК", "p": [164] },
	{ "s": "КАРДИОТОМИЧНО", "p": [40] },
	{ "s": "КАРДИОТОМИЯ", "p": [157] },
	{ "s": "КАРЕТА", "p": [168] },
	{ "s": "КАРЕТАТА", "p": [63] },
	{ "s": "КАРИЕРА", "p": [192] },
	{ "s": "КАРИЕСИ", "p": [192] },
	{ "s": "КАРИЗМЕНО", "p": [89] },
	{ "s": "КАРМИЧНО", "p": [40] },
	{ "s": "КАРТА", "p": [191] },
	{ "s": "КАРТЕЧЕН", "p": [185] },
	{ "s": "КАРТИ", "p": [44] },
	{ "s": "КАРТИНАТА", "p": [198] },
	{ "s": "КАРТИНИ", "p": [201, 49] },
	{ "s": "КАСАЕЩИ", "p": [63] },
	{ "s": "КАСКА", "p": [195] },
	{ "s": "КАСТА", "p": [193] },
	{ "s": "КАТ", "p": [183, 168, 193, 146] },
	{ "s": "КАТАКЛИЗМЕНО", "p": [57] },
	{ "s": "КАТАЛЯСАЛИ", "p": [90] },
	{ "s": "КАТЕРИМ", "p": [169] },
	{ "s": "КАТЕРИНАРИНА", "p": [111] },
	{ "s": "КАТО", "p": [183, 192, 202, 200, 186, 201, 191, 198, 193, 185, 184, 189, 171, 44, 10, 194, 188, 89, 65, 53, 144, 199, 168, 143, 141, 103, 81, 59, 45, 42, 33, 27, 24, 12, 3, 1, 208, 207, 206, 204, 195, 190, 174, 155, 152, 139, 138, 134, 133, 129, 118, 112, 109, 100, 88, 85, 79, 75, 72, 70, 63, 58, 57, 56, 54, 43, 38, 31, 28, 26, 22, 16, 14, 4] },
	{ "s": "КАТРАНА", "p": [186] },
	{ "s": "КАТУНИ", "p": [191] },
	{ "s": "КАТУРНЕ", "p": [192] },
	{ "s": "КАУЗА", "p": [122, 126] },
	{ "s": "КАФЕ", "p": [185, 200, 148, 56] },
	{ "s": "КАФЕЗ", "p": [144] },
	{ "s": "КАФЕНЕ", "p": [200] },
	{ "s": "КАФЕНИКАВ", "p": [141] },
	{ "s": "КАФЕТО", "p": [185] },
	{ "s": "КАФЯВ", "p": [186] },
	{ "s": "КАЦАНЕ", "p": [56] },
	{ "s": "КАЦНА", "p": [147] },
	{ "s": "КАЧВА", "p": [193] },
	{ "s": "КАЧВАШЕ", "p": [99] },
	{ "s": "КАЧЕН", "p": [1] },
	{ "s": "КАЧЕСТВА", "p": [202] },
	{ "s": "КАЧЕСТВЕНА", "p": [202] },
	{ "s": "КАЧЕСТВЕНАТА", "p": [200] },
	{ "s": "КАЧЕСТВЕНИ", "p": [193] },
	{ "s": "КАЧЕСТВО", "p": [192, 193, 188] },
	{ "s": "КАЧЕСТВОТО", "p": [193, 192] },
	{ "s": "КАЧИХА", "p": [202] },
	{ "s": "КАШЛИЦА", "p": [75] },
	{ "s": "КАШЛЯШ", "p": [184, 183] },
	{ "s": "КАШМИРСКИ", "p": [1] },
	{ "s": "КВАЗИ", "p": [45] },
	{ "s": "КВАЗИ-ХОМЕОСТАЗА", "p": [45] },
	{ "s": "КВАЛИФИКАЦИИ", "p": [200] },
	{ "s": "КВАРТАЛ", "p": [194] },
	{ "s": "КВАРТАЛА", "p": [192, 191] },
	{ "s": "КВО", "p": [183] },
	{ "s": "КГБ", "p": [195] },
	{ "s": "КЕ", "p": [154] },
	{ "s": "КЕ(НЕ)ФЕНЕ", "p": [154] },
	{ "s": "КЕНЕФ", "p": [202] },
	{ "s": "КЕНЕФА", "p": [198] },
	{ "s": "КЕРЕМИДЕНОТО", "p": [102] },
	{ "s": "КЕФ", "p": [184] },
	{ "s": "КЕФА", "p": [201] },
	{ "s": "КЕФЕШЕ", "p": [202] },
	{ "s": "КЕФИШ", "p": [183] },
	{ "s": "КЕФЯ", "p": [199, 198] },
	{ "s": "КИБИЧЕШЕ", "p": [199] },
	{ "s": "КИВОТА", "p": [137] },
	{ "s": "КИКИМОРУ", "p": [183] },
	{ "s": "КИЛИМ", "p": [185] },
	{ "s": "КИЛИМИ", "p": [185] },
	{ "s": "КИНЖАЛИ", "p": [192] },
	{ "s": "КИПИ", "p": [183] },
	{ "s": "КИПЯЛА", "p": [141] },
	{ "s": "КИРО", "p": [142] },
	{ "s": "КИСЕЛ", "p": [183] },
	{ "s": "КИСЕЛИ", "p": [20] },
	{ "s": "КИСЕЛИНЕН", "p": [79] },
	{ "s": "КИСЕЛИННО", "p": [48] },
	{ "s": "КИСЕЛО", "p": [188] },
	{ "s": "КИСЕЛОТО", "p": [188] },
	{ "s": "КИСКАМ", "p": [183] },
	{ "s": "КИТАЙСКИЯ", "p": [191] },
	{ "s": "КИТАРИ", "p": [202] },
	{ "s": "КИТАРКА", "p": [199] },
	{ "s": "КИТКА", "p": [129] },
	{ "s": "КИТНА", "p": [183] },
	{ "s": "КИТНИЯ", "p": [194] },
	{ "s": "КИХОТ", "p": [132] },
	{ "s": "КИШАВО", "p": [183] },
	{ "s": "КЛАВИШ", "p": [183] },
	{ "s": "КЛАВИШИТЕ", "p": [50] },
	{ "s": "КЛАКСОНА", "p": [194] },
	{ "s": "КЛАКСОНИ", "p": [194, 191] },
	{ "s": "КЛАНЯМЕ", "p": [112] },
	{ "s": "КЛАС", "p": [202] },
	{ "s": "КЛАСА", "p": [202, 201] },
	{ "s": "КЛАСИФИЦИРАТ", "p": [44] },
	{ "s": "КЛАСИЧЕСКИ", "p": [192] },
	{ "s": "КЛАТИ", "p": [183] },
	{ "s": "КЛАТУШКАНЕ", "p": [111] },
	{ "s": "КЛАТЯТ", "p": [202] },
	{ "s": "КЛАУСТРОФОБИЯ", "p": [186] },
	{ "s": "КЛЕПАЧИ", "p": [140] },
	{ "s": "КЛЕПКИ", "p": [142] },
	{ "s": "КЛЕПТОМАНСКИ", "p": [52] },
	{ "s": "КЛЕТА", "p": [183] },
	{ "s": "КЛЕТВА", "p": [183] },
	{ "s": "КЛЕТВА-МОЛИТВА", "p": [183] },
	{ "s": "КЛЕТВЕНО", "p": [143] },
	{ "s": "КЛЕТКА", "p": [183] },
	{ "s": "КЛЕХМЕ", "p": [100] },
	{ "s": "КЛИЕНТ", "p": [194] },
	{ "s": "КЛИЗМА", "p": [191] },
	{ "s": "КЛИМАКС", "p": [192] },
	{ "s": "КЛИМАКТЕРИУМ", "p": [184] },
	{ "s": "КЛИНИЧНИ", "p": [191] },
	{ "s": "КЛИТОР", "p": [184] },
	{ "s": "КЛИШЕ", "p": [30] },
	{ "s": "КЛИШЕТА", "p": [161] },
	{ "s": "КЛИШЕТАТА", "p": [183, 161] },
	{ "s": "КЛИШИРАНА", "p": [183] },
	{ "s": "КЛИШИРАНИ", "p": [35] },
	{ "s": "КЛИШИРАНО", "p": [183, 67] },
	{ "s": "КЛОЗЕТА", "p": [198, 184, 139] },
	{ "s": "КЛОН", "p": [201] },
	{ "s": "КЛОНЕСТИ", "p": [61] },
	{ "s": "КЛОНИНГ", "p": [201] },
	{ "s": "КЛОНИРАТ", "p": [105] },
	{ "s": "КЛОНИРАХТЕ", "p": [185] },
	{ "s": "КЛОНИТЕ", "p": [185, 88] },
	{ "s": "КЛОНЯЩА", "p": [202] },
	{ "s": "КЛОПКА", "p": [183, 15] },
	{ "s": "КЛОУНСКА", "p": [45] },
	{ "s": "КЛОШАР", "p": [166] },
	{ "s": "КЛОШАРЯТ", "p": [99] },
	{ "s": "КЛУБ", "p": [192, 191] },
	{ "s": "КЛУБА", "p": [202] },
	{ "s": "КЛУБЧЕ", "p": [202] },
	{ "s": "КЛУП", "p": [46] },
	{ "s": "КЛЪВНА", "p": [27] },
	{ "s": "КЛЮКАРИ", "p": [24] },
	{ "s": "КЛЮЧА", "p": [50] },
	{ "s": "КЛЮЧЪТ", "p": [123] },
	{ "s": "КМЕТ", "p": [191] },
	{ "s": "КМЕТА", "p": [191] },
	{ "s": "КМЕТОВЕ", "p": [191] },
	{ "s": "КМЕТСТВОТО", "p": [191] },
	{ "s": "КОАЛИЦИЯТА", "p": [194] },
	{ "s": "КОАН", "p": [192] },
	{ "s": "КОАФЬОР", "p": [201] },
	{ "s": "КОБУРГГОТСКИ", "p": [194] },
	{ "s": "КОВАРНА", "p": [183] },
	{ "s": "КОВЧЕЗИ", "p": [157] },
	{ "s": "КОГА", "p": [183, 111, 11, 194, 81, 74] },
	{ "s": "КОГАТО", "p": [183, 186, 193, 49, 199, 191, 202, 192, 184, 181, 53, 201, 57, 38, 190, 188, 100, 204, 200, 198, 194, 173, 157, 156, 133, 126, 112, 70, 60, 40, 37, 24, 18, 15, 9, 6, 5] },
	{ "s": "КОГО", "p": [202, 199, 195, 183, 138, 32, 8] },
	{ "s": "КОГОТО", "p": [191, 202, 201, 199, 22, 16] },
	{ "s": "КОДИРАМ", "p": [121] },
	{ "s": "КОЕ", "p": [191] },
	{ "s": "КОЕТ", "p": [186] },
	{ "s": "КОЕТО", "p": [202, 183, 191, 194, 193, 200, 192, 190, 73, 201, 189, 186, 185, 39, 206, 204, 199, 198, 197, 188, 157, 135, 131, 120, 107, 106, 66, 31, 30, 8, 3] },
	{ "s": "КОЖА", "p": [183] },
	{ "s": "КОЖАТА", "p": [200] },
	{ "s": "КОЗИНА", "p": [186] },
	{ "s": "КОЗИНИ", "p": [186] },
	{ "s": "КОИ", "p": [185] },
	{ "s": "КОИТО", "p": [192, 191, 183, 188, 197, 150, 201, 200, 189, 52, 204, 202, 199, 193, 190, 186, 178, 145, 135, 43, 27, 14] },
	{ "s": "КОЙ", "p": [33, 183, 199, 195, 192, 188, 190, 141, 105, 60, 27, 15] },
	{ "s": "КОЙ-ЗНАЕ", "p": [192] },
	{ "s": "КОЙТО", "p": [201, 191, 202, 192, 200, 189, 183, 193, 190, 188, 185, 204, 186, 184, 160, 141, 99, 80, 69, 33, 11, 10, 4, 1] },
	{ "s": "КОКА", "p": [73] },
	{ "s": "КОКАЛЪТ", "p": [186] },
	{ "s": "КОКИЧЕ", "p": [133] },
	{ "s": "КОКИЧЕНЦЕ", "p": [78] },
	{ "s": "КОКОСОВО", "p": [62] },
	{ "s": "КОКТЕЙЛ", "p": [25] },
	{ "s": "КОЛА", "p": [194, 202, 191, 167] },
	{ "s": "КОЛАТА", "p": [194, 191] },
	{ "s": "КОЛБА", "p": [157] },
	{ "s": "КОЛЕБАЯ", "p": [183] },
	{ "s": "КОЛЕГА", "p": [190, 197] },
	{ "s": "КОЛЕГИ", "p": [194] },
	{ "s": "КОЛЕДА", "p": [131, 191, 183, 53] },
	{ "s": "КОЛЕДНА", "p": [180, 34] },
	{ "s": "КОЛЕДНИ", "p": [201] },
	{ "s": "КОЛЕКЦИОНИРАМ", "p": [166] },
	{ "s": "КОЛЕКЦИЯ", "p": [90] },
	{ "s": "КОЛЕКЦИЯТА", "p": [202] },
	{ "s": "КОЛЕНЕ", "p": [94] },
	{ "s": "КОЛЕНЕТЕ", "p": [201] },
	{ "s": "КОЛЕНИЧЕНЕ", "p": [79] },
	{ "s": "КОЛЕТА", "p": [61] },
	{ "s": "КОЛИ", "p": [192, 191, 128] },
	{ "s": "КОЛИМ", "p": [112] },
	{ "s": "КОЛИТЕ", "p": [194, 185] },
	{ "s": "КОЛИЧЕСТВА", "p": [202, 200] },
	{ "s": "КОЛИЧЕСТВО", "p": [194, 191] },
	{ "s": "КОЛКО", "p": [183, 192, 199, 188, 202, 201, 191, 101, 98, 186, 177, 140, 135, 111, 110, 107, 81, 73, 43, 22, 12, 3] },
	{ "s": "КОЛКО-МРАЗЯ-ДА-МЕ-ЛЪЖАТ", "p": [199] },
	{ "s": "КОЛКОТО", "p": [184, 101, 202, 183, 191, 189, 142] },
	{ "s": "КОЛОВОЗ", "p": [192] },
	{ "s": "КОЛОВОЗИ", "p": [192] },
	{ "s": "КОЛОЕЗДАЧИТЕ", "p": [191] },
	{ "s": "КОЛОС", "p": [192] },
	{ "s": "КОЛУМБАГО", "p": [178] },
	{ "s": "КОЛХОЗНА", "p": [110] },
	{ "s": "КОЛХОЗНО", "p": [110] },
	{ "s": "КОЛЯНОТО", "p": [191] },
	{ "s": "КОМАР", "p": [183] },
	{ "s": "КОМБИНАЦИЯ", "p": [202, 152] },
	{ "s": "КОМЕНТАР", "p": [141] },
	{ "s": "КОМЕНТАРИ", "p": [193] },
	{ "s": "КОМЕНТИРАМ", "p": [191] },
	{ "s": "КОМИНИ", "p": [195] },
	{ "s": "КОМПАНЬОН", "p": [200] },
	{ "s": "КОМПЕНСИРАТ", "p": [149] },
	{ "s": "КОМПЕТЕНТНО", "p": [189] },
	{ "s": "КОМПЛЕКСАРЩИНА", "p": [183] },
	{ "s": "КОМПЛЕКСИ", "p": [184, 193, 185, 183, 150] },
	{ "s": "КОМПОТ", "p": [195] },
	{ "s": "КОМПРОМИСИ", "p": [191] },
	{ "s": "КОМПЮТЪРА", "p": [194] },
	{ "s": "КОМУ", "p": [199, 119] },
	{ "s": "КОМУНИЗМА", "p": [191, 188] },
	{ "s": "КОМУНИКАЦИЯ", "p": [202] },
	{ "s": "КОМУНИСТИТЕ", "p": [195] },
	{ "s": "КОМФОРТ", "p": [79, 15] },
	{ "s": "КОН", "p": [192, 188, 186] },
	{ "s": "КОН(С)КУР(С)НО", "p": [186] },
	{ "s": "КОН-С-КАПАКЩИНАТА", "p": [192] },
	{ "s": "КОНВЕНЦИОНАЛНИ", "p": [192] },
	{ "s": "КОНВУЛС", "p": [40] },
	{ "s": "КОНВУЛСИИ", "p": [184] },
	{ "s": "КОНЕ", "p": [161, 7] },
	{ "s": "КОНЕЦА", "p": [201] },
	{ "s": "КОНКРЕТНИЯ", "p": [189] },
	{ "s": "КОНКРЕТНОТО", "p": [183] },
	{ "s": "КОНКУРСНО", "p": [131] },
	{ "s": "КОНСЕРВАНТИ", "p": [70] },
	{ "s": "КОНСЕРВИРАН", "p": [137] },
	{ "s": "КОНСПИРАЦИЯ", "p": [202] },
	{ "s": "КОНСТРУИРАН", "p": [33] },
	{ "s": "КОНСТРУКЦИЯТА", "p": [33] },
	{ "s": "КОНСУМАТОРЩИНА", "p": [188] },
	{ "s": "КОНСУМАЦИЯ", "p": [33] },
	{ "s": "КОНСУМИРА", "p": [202] },
	{ "s": "КОНСУМИРАЛА", "p": [200] },
	{ "s": "КОНСУМИРАМ", "p": [200] },
	{ "s": "КОНСУМИРАНА", "p": [33] },
	{ "s": "КОНСУМИРАНАТА", "p": [33] },
	{ "s": "КОНСУМИРАНЕ", "p": [183, 101, 33] },
	{ "s": "КОНСУМИРАХ", "p": [53] },
	{ "s": "КОНСУМИРАШ", "p": [186] },
	{ "s": "КОНСУМИРАШЕ", "p": [48] },
	{ "s": "КОНТАКТИ", "p": [210, 193, 1] },
	{ "s": "КОНТРААРГУМЕНТИ", "p": [183, 11] },
	{ "s": "КОНТРОЛ", "p": [199, 185, 36] },
	{ "s": "КОНТРОЛИРАНИЯ", "p": [99] },
	{ "s": "КОНТРОЛИРАТ", "p": [194] },
	{ "s": "КОНТРОЛИРАШ", "p": [183] },
	{ "s": "КОНТРОЛНИ", "p": [191] },
	{ "s": "КОНТРОЛЬОР", "p": [191] },
	{ "s": "КОНТРОЛЬОРКИ", "p": [194] },
	{ "s": "КОНТУРИ", "p": [16] },
	{ "s": "КОНТУРИТЕ", "p": [161] },
	{ "s": "КОНФОРМИЗЪМ", "p": [191] },
	{ "s": "КОНЦЕНТРАТ", "p": [148, 131] },
	{ "s": "КОНЦЕПЦИЯ", "p": [188] },
	{ "s": "КОНЦЕПЦИЯТА", "p": [192] },
	{ "s": "КОНЦЕРТ", "p": [202] },
	{ "s": "КОНЦЕРТА", "p": [202] },
	{ "s": "КОНЦЕРТЪТ", "p": [202] },
	{ "s": "КОНЦЕСИИ", "p": [191] },
	{ "s": "КОНЯЦИТЕ", "p": [100] },
	{ "s": "КООПЕРАЦИЯ", "p": [198] },
	{ "s": "КООПЕРИРА", "p": [201] },
	{ "s": "КОПЕЛЕ", "p": [202] },
	{ "s": "КОПЕЛЕТА", "p": [191] },
	{ "s": "КОПИТА", "p": [184, 182] },
	{ "s": "КОПНЕЖ", "p": [93] },
	{ "s": "КОПНЕЖИ", "p": [148] },
	{ "s": "КОПРИВЕНАТА", "p": [136] },
	{ "s": "КОПРОФАГИЯ", "p": [186] },
	{ "s": "КОПЧЕ", "p": [84] },
	{ "s": "КОРАБИ", "p": [71] },
	{ "s": "КОРАБЪТ", "p": [154] },
	{ "s": "КОРАЛОВИ", "p": [205] },
	{ "s": "КОРАТА", "p": [185, 88] },
	{ "s": "КОРДА", "p": [192] },
	{ "s": "КОРЕКЦИИ", "p": [186, 82] },
	{ "s": "КОРЕМ", "p": [198] },
	{ "s": "КОРЕМА", "p": [190] },
	{ "s": "КОРЕН", "p": [127] },
	{ "s": "КОРЕНА", "p": [119] },
	{ "s": "КОРЕНИ", "p": [188, 186, 163] },
	{ "s": "КОРЕНЪТ", "p": [183, 45] },
	{ "s": "КОРИГИРАНА", "p": [188] },
	{ "s": "КОРИГИРАНИ", "p": [49] },
	{ "s": "КОРИСТ", "p": [183, 148, 84, 48] },
	{ "s": "КОРОНА", "p": [200, 51] },
	{ "s": "КОРОНЕН", "p": [195] },
	{ "s": "КОРОНОВАЙ", "p": [183] },
	{ "s": "КОРУБА", "p": [142] },
	{ "s": "КОРУМПИРАН", "p": [194] },
	{ "s": "КОРУМПИРАНИ", "p": [191] },
	{ "s": "КОРУПЦИОННИТЕ", "p": [191] },
	{ "s": "КОСА", "p": [185, 201, 114, 57, 6] },
	{ "s": "КОСАТА", "p": [89] },
	{ "s": "КОСВЕНИ", "p": [192] },
	{ "s": "КОСИ", "p": [201] },
	{ "s": "КОСИТЕ", "p": [73, 29] },
	{ "s": "КОСМАТАВА", "p": [63] },
	{ "s": "КОСМИЧНО", "p": [30] },
	{ "s": "КОСМОС", "p": [171, 10] },
	{ "s": "КОСМОСА", "p": [183] },
	{ "s": "КОСМОСИ", "p": [107] },
	{ "s": "КОСТНИЦИ", "p": [157] },
	{ "s": "КОСТЮМИТЕ", "p": [60] },
	{ "s": "КОСЪМ", "p": [201] },
	{ "s": "КОТ", "p": [192] },
	{ "s": "КОТВИ", "p": [144] },
	{ "s": "КОТЕНЦЕТО", "p": [192] },
	{ "s": "КОТИРА", "p": [183] },
	{ "s": "КОТКА", "p": [183] },
	{ "s": "КОТКИ", "p": [192] },
	{ "s": "КОТКОЛОВ", "p": [192] },
	{ "s": "КОФА", "p": [183] },
	{ "s": "КОФТИ", "p": [191] },
	{ "s": "КОЧ", "p": [202, 201] },
	{ "s": "КОШ", "p": [5] },
	{ "s": "КОШМАР", "p": [199, 181] },
	{ "s": "КОЯ", "p": [192] },
	{ "s": "КОЯТО", "p": [202, 186, 201, 191, 200, 188, 183, 193, 199, 192, 189, 111, 103, 206, 198, 194, 184, 133, 128, 112, 80, 48, 42, 38, 30] },
	{ "s": "КРАДАТ", "p": [191, 123] },
	{ "s": "КРАДЕ", "p": [188, 104, 5] },
	{ "s": "КРАДЕЦЪТ", "p": [79] },
	{ "s": "КРАДЕШ", "p": [49] },
	{ "s": "КРАДЦИ", "p": [144] },
	{ "s": "КРАЕН", "p": [186] },
	{ "s": "КРАЖБА", "p": [191] },
	{ "s": "КРАИЩАТА", "p": [184, 127] },
	{ "s": "КРАЙ", "p": [200, 192, 189, 183, 79, 33, 22] },
	{ "s": "КРАЙМОРСКАТА", "p": [201] },
	{ "s": "КРАЙНА", "p": [192] },
	{ "s": "КРАЙНАТА", "p": [101] },
	{ "s": "КРАЙНИК", "p": [191] },
	{ "s": "КРАЙНИЦИ", "p": [201, 192] },
	{ "s": "КРАЙНО", "p": [190, 186, 164] },
	{ "s": "КРАЙЦЕРИ", "p": [195] },
	{ "s": "КРАК", "p": [202, 191] },
	{ "s": "КРАКА", "p": [200, 191, 186, 147, 64, 56] },
	{ "s": "КРАКАТА", "p": [64, 185, 202, 201, 200, 198, 193, 181, 120, 110, 88] },
	{ "s": "КРАСАВИЦА", "p": [201] },
	{ "s": "КРАСАВИЦЕ", "p": [73] },
	{ "s": "КРАСИ", "p": [183] },
	{ "s": "КРАСИВ", "p": [186, 183, 52] },
	{ "s": "КРАСИВА", "p": [163, 192, 185, 183, 63, 201, 195, 194, 191, 173, 141, 77, 71, 49] },
	{ "s": "КРАСИВАТА", "p": [200, 201] },
	{ "s": "КРАСИВИ", "p": [192, 191, 201, 195, 185, 183, 70] },
	{ "s": "КРАСИВИТЕ", "p": [200, 186] },
	{ "s": "КРАСИВО", "p": [83, 71] },
	{ "s": "КРАСИВОТО", "p": [183, 202, 109, 10] },
	{ "s": "КРАСИШ", "p": [49] },
	{ "s": "КРАСОТА", "p": [186, 185, 92, 78] },
	{ "s": "КРАСОТАТА", "p": [93, 183, 200, 192, 185, 65] },
	{ "s": "КРАТКА", "p": [185, 183, 34] },
	{ "s": "КРАТКО", "p": [201, 202, 200] },
	{ "s": "КРАТКОТРАЙНАТА", "p": [190] },
	{ "s": "КРАТКОТРАЙНО", "p": [27] },
	{ "s": "КРАТНО", "p": [184, 10] },
	{ "s": "КРАТЪК", "p": [204, 178] },
	{ "s": "КРАЧЕНЦЕ", "p": [183] },
	{ "s": "КРАЧЕЩА", "p": [200] },
	{ "s": "КРАЧИ", "p": [183] },
	{ "s": "КРАЧКА", "p": [143, 41, 14] },
	{ "s": "КРАЧКИТЕ", "p": [150, 69] },
	{ "s": "КРАЯ", "p": [199, 99, 92, 42, 16] },
	{ "s": "КРАЯТ", "p": [183, 199, 94] },
	{ "s": "КРЕА", "p": [71] },
	{ "s": "КРЕА-THIEVERY", "p": [71] },
	{ "s": "КРЕАТИВНИ", "p": [192] },
	{ "s": "КРЕВАТА", "p": [29] },
	{ "s": "КРЕВАТИ", "p": [208] },
	{ "s": "КРЕВАТНАТА", "p": [201] },
	{ "s": "КРЕДИТА", "p": [202] },
	{ "s": "КРЕДИТНИ", "p": [191] },
	{ "s": "КРЕДОТО", "p": [149] },
	{ "s": "КРЕМАТОРИУМНА", "p": [75] },
	{ "s": "КРЕМИКОВЦИ", "p": [191] },
	{ "s": "КРЕМИРАН", "p": [186] },
	{ "s": "КРЕНВИРШ", "p": [192, 186] },
	{ "s": "КРЕП", "p": [175] },
	{ "s": "КРЕПА", "p": [168] },
	{ "s": "КРЕПЕЖА", "p": [98] },
	{ "s": "КРЕПЕЙКИ", "p": [200] },
	{ "s": "КРЕПЕЩО", "p": [185] },
	{ "s": "КРЕПИ", "p": [41] },
	{ "s": "КРЕПИТЕЛ", "p": [201] },
	{ "s": "КРЕПОСТИТЕ", "p": [52] },
	{ "s": "КРЕСНА", "p": [53] },
	{ "s": "КРЕТЕНИ", "p": [44] },
	{ "s": "КРЕЩИ", "p": [98] },
	{ "s": "КРЕЩИШ", "p": [199] },
	{ "s": "КРЕЩЯ", "p": [198, 188, 186, 27] },
	{ "s": "КРЕЩЯТ", "p": [199, 161] },
	{ "s": "КРЕЩЯЩА", "p": [148] },
	{ "s": "КРЕЩЯЩО", "p": [160] },
	{ "s": "КРИВ", "p": [183] },
	{ "s": "КРИВА", "p": [195, 183, 99, 55] },
	{ "s": "КРИВИ", "p": [183, 186, 174] },
	{ "s": "КРИВО", "p": [67, 32] },
	{ "s": "КРИВОГЛЕДА", "p": [183] },
	{ "s": "КРИВОГЛЕДО", "p": [183] },
	{ "s": "КРИВОРАЗБРАНА", "p": [189] },
	{ "s": "КРИВОРАЗБРАНАТА", "p": [188] },
	{ "s": "КРИЕ", "p": [191] },
	{ "s": "КРИЕЩИ", "p": [32] },
	{ "s": "КРИЗА", "p": [136] },
	{ "s": "КРИЗИ", "p": [191] },
	{ "s": "КРИЛА", "p": [33, 184, 167, 38, 28] },
	{ "s": "КРИЛАТА", "p": [147] },
	{ "s": "КРИЛАТИТЕ", "p": [183] },
	{ "s": "КРИЛАТИЯТ", "p": [53] },
	{ "s": "КРИЛЕ", "p": [186, 185, 90] },
	{ "s": "КРИЛЕТЕ", "p": [53, 44] },
	{ "s": "КРИЛОТО", "p": [190] },
	{ "s": "КРИЛЦА", "p": [186] },
	{ "s": "КРИЛЦАТА", "p": [152] },
	{ "s": "КРИЛЦЕ", "p": [200] },
	{ "s": "КРИМИНАЛИСТИ", "p": [190] },
	{ "s": "КРИОГЕНЕЗИС", "p": [48] },
	{ "s": "КРИОГЕННОСТ", "p": [145] },
	{ "s": "КРИСТАЛ", "p": [202] },
	{ "s": "КРИСТАЛИ", "p": [185] },
	{ "s": "КРИСТАЛНИ", "p": [55] },
	{ "s": "КРИТЕРИИТЕ", "p": [201] },
	{ "s": "КРИТИКИ", "p": [100] },
	{ "s": "КРИТИЧЕСКАТА", "p": [192] },
	{ "s": "КРИТИЧНО", "p": [140] },
	{ "s": "КРИТИЧНОСТ", "p": [192] },
	{ "s": "КРИЯТ", "p": [191, 183] },
	{ "s": "КРОТКО", "p": [185, 199] },
	{ "s": "КРОТНА", "p": [201, 63] },
	{ "s": "КРУМ", "p": [191] },
	{ "s": "КРУМОВ", "p": [57] },
	{ "s": "КРУПНИ", "p": [200] },
	{ "s": "КРЪВ", "p": [198, 183, 185, 184, 73, 18] },
	{ "s": "КРЪВОЖАДНО", "p": [105] },
	{ "s": "КРЪВОПЕСЕН", "p": [61] },
	{ "s": "КРЪВОПИЕЦЪТ", "p": [79] },
	{ "s": "КРЪВТА", "p": [183, 161, 159, 152, 124] },
	{ "s": "КРЪГЛИ", "p": [183] },
	{ "s": "КРЪГОВРАТ", "p": [20, 183] },
	{ "s": "КРЪГОВРАТИ", "p": [151] },
	{ "s": "КРЪГОВРАТНО", "p": [184] },
	{ "s": "КРЪГОВРАТЪТ", "p": [153] },
	{ "s": "КРЪГЪЛ", "p": [183] },
	{ "s": "КРЪЖИ", "p": [83] },
	{ "s": "КРЪПКА", "p": [105] },
	{ "s": "КРЪПКИ", "p": [145] },
	{ "s": "КРЪПКИТЕ", "p": [145] },
	{ "s": "КРЪСТ", "p": [34, 112, 103, 15, 192, 186, 184, 36] },
	{ "s": "КРЪСТИМЕ", "p": [45] },
	{ "s": "КРЪСТИХА", "p": [201] },
	{ "s": "КРЪСТОВЕ", "p": [186, 156, 112] },
	{ "s": "КРЪСТОВИЩЕ", "p": [194] },
	{ "s": "КРЪСТОСА", "p": [201] },
	{ "s": "КРЪСТЬО", "p": [191] },
	{ "s": "КРЪСТЯ", "p": [183] },
	{ "s": "КРЯК", "p": [117] },
	{ "s": "КРЯКАНЕ", "p": [198] },
	{ "s": "КРЯСКАТ", "p": [154] },
	{ "s": "КРЯСЪКЪТ", "p": [185] },
	{ "s": "КРЯСЪЦИ", "p": [199] },
	{ "s": "КРЯСЪЧНИ", "p": [183] },
	{ "s": "КУБЧЕ", "p": [185] },
	{ "s": "КУБЧЕТА", "p": [188] },
	{ "s": "КУВЬОЗИ", "p": [56] },
	{ "s": "КУКИ", "p": [22] },
	{ "s": "КУКИТЕ", "p": [192] },
	{ "s": "КУКЛА", "p": [183] },
	{ "s": "КУКУРИГАТ", "p": [202] },
	{ "s": "КУЛИСИТЕ", "p": [32] },
	{ "s": "КУЛТИВИРАНА", "p": [195, 157] },
	{ "s": "КУЛТИВИРАНЕ", "p": [183] },
	{ "s": "КУЛТОВЕ", "p": [45] },
	{ "s": "КУЛТУРА", "p": [194, 193, 141] },
	{ "s": "КУЛТУРАТА", "p": [133] },
	{ "s": "КУЛТУРИ", "p": [193] },
	{ "s": "КУЛТУРНО", "p": [202, 186] },
	{ "s": "КУЛТУРНО-МАСОВОТО", "p": [202] },
	{ "s": "КУЛТУРНО-ТРЕГЕРНИ", "p": [186] },
	{ "s": "КУМИР", "p": [192] },
	{ "s": "КУПИ", "p": [201, 188] },
	{ "s": "КУПИХ", "p": [198] },
	{ "s": "КУПИШ", "p": [188] },
	{ "s": "КУПИЩА", "p": [137] },
	{ "s": "КУПЛЕТ", "p": [33] },
	{ "s": "КУПЛЕТИ", "p": [27] },
	{ "s": "КУПОН", "p": [202, 199] },
	{ "s": "КУПОНА", "p": [202] },
	{ "s": "КУПУВАШ", "p": [191, 188] },
	{ "s": "КУПЧИНИ", "p": [147] },
	{ "s": "КУПЯ", "p": [188] },
	{ "s": "КУПЯТ", "p": [200, 107] },
	{ "s": "КУР", "p": [186] },
	{ "s": "КУРВА", "p": [199] },
	{ "s": "КУРОРТ", "p": [191] },
	{ "s": "КУРОРТИ", "p": [191] },
	{ "s": "КУРШУМ", "p": [147] },
	{ "s": "КУТИИ", "p": [169] },
	{ "s": "КУТИЯ", "p": [206, 169, 138] },
	{ "s": "КУТИЯТА", "p": [138] },
	{ "s": "КУХИ", "p": [58] },
	{ "s": "КУХИНА", "p": [201] },
	{ "s": "КУХО", "p": [185, 171, 142] },
	{ "s": "КУХОТО", "p": [110] },
	{ "s": "КУЦА", "p": [201] },
	{ "s": "КУЦАШЕ", "p": [198] },
	{ "s": "КУЧЕ", "p": [16, 15, 204, 186, 81] },
	{ "s": "КУЧЕТО", "p": [15, 16] },
	{ "s": "КУЧЕШКИ", "p": [106] },
	{ "s": "КУЧКА", "p": [186, 184] },
	{ "s": "КЪДЕ", "p": [96, 183, 48, 202, 188, 205, 195, 191, 189, 174, 105, 86, 63, 8] },
	{ "s": "КЪДЕЛЯТА", "p": [61] },
	{ "s": "КЪДЕТО", "p": [202, 192, 186, 150, 126, 201, 200, 194, 193, 191, 183, 133, 112, 86, 62, 52, 6, 1] },
	{ "s": "КЪДРАВА", "p": [183, 152] },
	{ "s": "КЪЛБЕНЦА", "p": [41] },
	{ "s": "КЪЛБО", "p": [84] },
	{ "s": "КЪЛВЕ", "p": [183] },
	{ "s": "КЪЛНЯХМЕ", "p": [100] },
	{ "s": "КЪЛЦАШ", "p": [186] },
	{ "s": "КЪЛЧЕШЕ", "p": [184] },
	{ "s": "КЪЛЧИШ", "p": [186] },
	{ "s": "КЪМ", "p": [186, 200, 191, 202, 201, 192, 185, 198, 183, 139, 63, 45, 26, 22, 197, 195, 193, 190, 188, 184, 178, 162, 153, 145, 143, 126, 123, 109, 105, 100, 91, 79, 77, 41, 36] },
	{ "s": "КЪРВАВИ", "p": [190] },
	{ "s": "КЪРВЯ", "p": [23] },
	{ "s": "КЪРВЯХА", "p": [150] },
	{ "s": "КЪРВЯЩО", "p": [68] },
	{ "s": "КЪРДЖАЛИЙСКО", "p": [191] },
	{ "s": "КЪРКОРУ", "p": [183] },
	{ "s": "КЪРЛЕЖ", "p": [65] },
	{ "s": "КЪРМАЧКА", "p": [104] },
	{ "s": "КЪРМЕШЕ", "p": [56] },
	{ "s": "КЪРТЕШЕ", "p": [98] },
	{ "s": "КЪРШАТ", "p": [61] },
	{ "s": "КЪРШЕНЕ", "p": [184] },
	{ "s": "КЪС", "p": [183] },
	{ "s": "КЪСА", "p": [183] },
	{ "s": "КЪСАМ", "p": [183] },
	{ "s": "КЪСАТ", "p": [81] },
	{ "s": "КЪСАШ", "p": [183, 186, 181, 58] },
	{ "s": "КЪСИ", "p": [183] },
	{ "s": "КЪСИТЕ", "p": [25] },
	{ "s": "КЪСМЕТА", "p": [192] },
	{ "s": "КЪСМЕТЪТ", "p": [195] },
	{ "s": "КЪСНО", "p": [191, 183, 200, 101] },
	{ "s": "КЪСОВЕ", "p": [186, 156, 153, 68] },
	{ "s": "КЪСЧЕ", "p": [183, 106, 42, 10] },
	{ "s": "КЪСЧЕТА", "p": [183] },
	{ "s": "КЪТЧЕТА", "p": [188] },
	{ "s": "КЪШЕЙ", "p": [107] },
	{ "s": "КЪЩА", "p": [108] },
	{ "s": "КЪЩАТА", "p": [126] },
	{ "s": "КЮНЕЦ", "p": [185] },
	{ "s": "КЮФТЕТА", "p": [168] },
	{ "s": "К’ВО", "p": [199, 198, 186] },
	{ "s": "К’ЪВ", "p": [199] }
]