[
	{ "s": "2", "p": [33, 183, 44, 133, 194, 207, 193, 190, 134, 6] },
	{ "s": "2,15", "p": [194] },
	{ "s": "2,56", "p": [194] },
	{ "s": "2-3", "p": [193] },
	{ "s": "2.12.2009", "p": [183] },
	{ "s": "2.12.2011", "p": [183] },
	{ "s": "2.18.2009", "p": [183] },
	{ "s": "20", "p": [183, 202, 182, 33] },
	{ "s": "20.04.2009", "p": [33] },
	{ "s": "20.04.2015", "p": [183] },
	{ "s": "200", "p": [194, 192] },
	{ "s": "2000", "p": [179, 191] },
	{ "s": "2000-2006", "p": [179] },
	{ "s": "2006", "p": [186, 179, 146, 114] },
	{ "s": "2007", "p": [185, 186, 207, 163, 129, 96, 90, 87, 78, 57, 51] },
	{ "s": "2008", "p": [184, 183, 147, 145, 144, 131, 103, 102, 101, 100, 99, 56, 45, 43, 42, 40, 39, 38, 34, 20] },
	{ "s": "2009", "p": [183, 191, 190, 189, 140, 139, 128, 115, 106, 100, 95, 37, 36, 35, 33, 32, 31, 30, 29, 27, 26, 25, 24, 23, 22, 17, 16, 15, 13] },
	{ "s": "2009-4.04.2011", "p": [183] },
	{ "s": "2010", "p": [183, 107, 21, 18] },
	{ "s": "2011", "p": [183, 9, 204, 188, 138, 137, 135, 133, 108, 14, 12, 11, 10, 8, 7, 6, 5, 1] },
	{ "s": "2011-ТА", "p": [1] },
	{ "s": "2012", "p": [183, 136, 134, 132, 80, 4] },
	{ "s": "2013", "p": [183, 178, 116] },
	{ "s": "2014", "p": [183, 6, 3] },
	{ "s": "2015", "p": [183] },
	{ "s": "2016", "p": [183, 209, 1] },
	{ "s": "2020", "p": [117] },
	{ "s": "21", "p": [183, 124, 4] },
	{ "s": "21.02.2009", "p": [183] },
	{ "s": "21.04.2012", "p": [183, 4] },
	{ "s": "21.12.2012", "p": [183] },
	{ "s": "21ST", "p": [192] },
	{ "s": "22", "p": [183, 194, 188] },
	{ "s": "22.06.2009", "p": [183] },
	{ "s": "22.07.2009", "p": [183] },
	{ "s": "22.12.2009", "p": [183] },
	{ "s": "23", "p": [128] },
	{ "s": "23.05.2009", "p": [128] },
	{ "s": "25", "p": [183, 186, 178, 96, 36] },
	{ "s": "25.01.2009", "p": [36] },
	{ "s": "25.01.2013", "p": [183, 178] },
	{ "s": "25.06.2006", "p": [186] },
	{ "s": "25.12.2007", "p": [96] },
	{ "s": "26", "p": [183, 133, 90, 57, 3] },
	{ "s": "26.02.2014", "p": [3] },
	{ "s": "26.05.2013", "p": [183] },
	{ "s": "26.08.2011", "p": [133] },
	{ "s": "26.09.2007", "p": [90] },
	{ "s": "26.12.2007", "p": [57] },
	{ "s": "27", "p": [184, 183, 194, 185, 106, 29, 25, 7] },
	{ "s": "27.02.2008", "p": [184] },
	{ "s": "27.03.2009", "p": [106] },
	{ "s": "27.07.2009", "p": [183, 25] },
	{ "s": "27.09.2007", "p": [185] },
	{ "s": "27.09.2009", "p": [183] },
	{ "s": "27.11.2011", "p": [7] },
	{ "s": "28", "p": [183, 114, 40, 26, 24] },
	{ "s": "28.05.2009", "p": [183] },
	{ "s": "28.07.2009", "p": [26] },
	{ "s": "28.07.2012", "p": [183] },
	{ "s": "28.10.2009", "p": [183] },
	{ "s": "28.11.2006", "p": [114] },
	{ "s": "28.11.2008", "p": [40] },
	{ "s": "28.11.2009", "p": [24] },
	{ "s": "29", "p": [183, 194, 137, 16] },
	{ "s": "29.07.2011", "p": [183, 137] },
	{ "s": "29.12.2009", "p": [16] }
]