[
	{ "s": "ША", "p": [185, 168] },
	{ "s": "ШАВА", "p": [164] },
	{ "s": "ШАВАМ", "p": [92] },
	{ "s": "ШАМАР", "p": [141] },
	{ "s": "ШАМПИОНСКА", "p": [195] },
	{ "s": "ШАМПОАНИ", "p": [201] },
	{ "s": "ШАНС", "p": [192, 188, 104, 100] },
	{ "s": "ШАНСОВЕ", "p": [32] },
	{ "s": "ШАНСОВЕТЕ", "p": [194] },
	{ "s": "ШАНТАВ", "p": [198] },
	{ "s": "ШАРЕН", "p": [193] },
	{ "s": "ШАРЕНО", "p": [84, 62] },
	{ "s": "ШАРЕШЕ", "p": [202] },
	{ "s": "ШАРЯТ", "p": [73] },
	{ "s": "ШАЯЧНО", "p": [184] },
	{ "s": "ШАЯЧНО-НЕПРОЗРАЧНИ", "p": [184] },
	{ "s": "ШВЕДСКА", "p": [195] },
	{ "s": "ШЕВОВЕТЕ", "p": [29] },
	{ "s": "ШЕГА", "p": [104] },
	{ "s": "ШЕДЬОВРЕНО", "p": [161] },
	{ "s": "ШЕДЬОВРИ", "p": [192] },
	{ "s": "ШЕДЬОВЪР", "p": [193, 192] },
	{ "s": "ШЕЙСЕ", "p": [185] },
	{ "s": "ШЕПА", "p": [4, 105, 104, 83] },
	{ "s": "ШЕПИ", "p": [112] },
	{ "s": "ШЕПНА", "p": [93] },
	{ "s": "ШЕПОТ", "p": [185, 18] },
	{ "s": "ШЕПОТА", "p": [185] },
	{ "s": "ШЕСТИЦА", "p": [194] },
	{ "s": "ШЕФ", "p": [194, 192, 191] },
	{ "s": "ШЕФ-ДИРИГЕНТ", "p": [192] },
	{ "s": "ШЕФОВЕ", "p": [194] },
	{ "s": "ШЕФЪТ", "p": [194] },
	{ "s": "ШЕХЕРЕЗАДЕНО", "p": [120] },
	{ "s": "ШИБА", "p": [183] },
	{ "s": "ШИБАН", "p": [200] },
	{ "s": "ШИБАНОТО", "p": [199] },
	{ "s": "ШИБАШЕ", "p": [200, 194] },
	{ "s": "ШИВАЧИ", "p": [84] },
	{ "s": "ШИЗО", "p": [86] },
	{ "s": "ШИЗО-НАРЦИС", "p": [86] },
	{ "s": "ШИЗОТВОРНИ", "p": [90] },
	{ "s": "ШИРОКО", "p": [205] },
	{ "s": "ШИФРОВАХ", "p": [150] },
	{ "s": "ШИШЕ", "p": [183] },
	{ "s": "ШИШЕТАТА", "p": [183] },
	{ "s": "ШИШЕТО", "p": [202, 111] },
	{ "s": "ШКАФОВЕ", "p": [157] },
	{ "s": "ШКЕМБЕ", "p": [148] },
	{ "s": "ШЛАКА", "p": [194, 183] },
	{ "s": "ШЛЯПАМ", "p": [194] },
	{ "s": "ШОК", "p": [201, 202] },
	{ "s": "ШОПИНГ", "p": [183] },
	{ "s": "ШОСЕ", "p": [194] },
	{ "s": "ШОСЕТА", "p": [191] },
	{ "s": "ШОСЕТО", "p": [195, 194, 188] },
	{ "s": "ШОФЬОР", "p": [191] },
	{ "s": "ШОФЬОРЪТ", "p": [191] },
	{ "s": "ШРАПНЕЛИ", "p": [183] },
	{ "s": "ШУМ", "p": [198] },
	{ "s": "ШУПЛИ", "p": [183] },
	{ "s": "ШУТОВЕ", "p": [111] }
]