[
	{ "s": "ЩАМПА", "p": [183] },
	{ "s": "ЩАНГИСТ", "p": [193] },
	{ "s": "ЩАСТИЕ", "p": [201, 186, 140] },
	{ "s": "ЩАСТИЕТО", "p": [201, 123, 94] },
	{ "s": "ЩАСТЛИВ", "p": [201, 190, 183, 83] },
	{ "s": "ЩАСТЛИВА", "p": [199, 185, 183, 36] },
	{ "s": "ЩАСТЛИВИ", "p": [198, 185, 101] },
	{ "s": "ЩАСТЛИВО", "p": [200, 124, 107] },
	{ "s": "ЩЕ", "p": [183, 186, 188, 69, 192, 111, 204, 142, 166, 126, 185, 193, 191, 54, 22, 98, 90, 79, 208, 207, 200, 189, 141, 104, 63, 49, 36, 33, 201, 199, 198, 197, 194, 184, 180, 164, 155, 92, 73, 72, 57, 1, 205, 202, 177, 167, 146, 143, 137, 134, 132, 127, 121, 109, 107, 96, 84, 82, 43, 41, 40, 39, 30, 17, 7, 3] },
	{ "s": "ЩЕДРА", "p": [194] },
	{ "s": "ЩЕДРО", "p": [192, 191, 186] },
	{ "s": "ЩЕМ", "p": [126] },
	{ "s": "ЩЕНИЯ", "p": [183, 202] },
	{ "s": "ЩЕПСЕЛ", "p": [184] },
	{ "s": "ЩЕРКА", "p": [184] },
	{ "s": "ЩЕТИ", "p": [192] },
	{ "s": "ЩЕШ", "p": [201, 199] },
	{ "s": "ЩЕШЕ", "p": [199, 192] },
	{ "s": "ЩИК", "p": [63] },
	{ "s": "ЩИПКА", "p": [107] },
	{ "s": "ЩИТОВЕ", "p": [184] },
	{ "s": "ЩО", "p": [202] },
	{ "s": "ЩО-ГОДЕ", "p": [202] },
	{ "s": "ЩОМ", "p": [183, 199, 192, 204, 191, 186, 14] },
	{ "s": "ЩОТО", "p": [202, 201, 194, 73] },
	{ "s": "ЩРАКАЩО", "p": [118] },
	{ "s": "ЩРИХА", "p": [183] },
	{ "s": "ЩРИХИ", "p": [37] },
	{ "s": "ЩУРЧОВ", "p": [59] },
	{ "s": "ЩЪРКЕЛ", "p": [183, 147] },
	{ "s": "ЩЪРКЕЛИТЕ", "p": [102] },
	{ "s": "ЩЪРКЕЛОВО", "p": [136] },
	{ "s": "ЩЪРКЕЛОВО-ЧОВЧЕНО", "p": [136] },
	{ "s": "ЩЯЛО", "p": [189] },
	{ "s": "ЩЯХ", "p": [199, 198, 194] },
	{ "s": "ЩЯХА", "p": [197] },
	{ "s": "ЩЯХМЕ", "p": [198] }
]