[
	{ "s": "Е", "p": [183, 192, 191, 199, 188, 189, 184, 190, 185, 194, 198, 186, 193, 202, 208, 201, 195, 33, 171, 1, 207, 94, 200, 48, 11, 159, 134, 120, 103, 19, 173, 164, 142, 141, 132, 129, 119, 112, 109, 106, 104, 61, 59, 57, 41, 37, 36, 32, 30, 25, 22, 14, 13, 205, 204, 181, 169, 162, 161, 158, 157, 156, 148, 140, 133, 128, 126, 122, 101, 99, 90, 87, 84, 63, 42, 40, 35, 27, 12, 10, 9, 178, 176, 168, 160, 154, 143, 138, 136, 124, 117, 111, 108, 98, 95, 93, 92, 88, 81, 80, 78, 76, 67, 66, 62, 53, 52, 44, 43, 39, 28, 26, 23, 20, 17, 16, 15, 8, 6, 5] },
	{ "s": "Е́", "p": [183] },
	{ "s": "ЕВЕНТУАЛНИЯТ", "p": [191] },
	{ "s": "ЕВИ", "p": [184] },
	{ "s": "ЕВРЕИ", "p": [189] },
	{ "s": "ЕВРИДИКА", "p": [87] },
	{ "s": "ЕВРО", "p": [201, 194, 191, 188] },
	{ "s": "ЕВРОПА", "p": [191, 189] },
	{ "s": "ЕВРОПЕЕЦ", "p": [188] },
	{ "s": "ЕВРОПЕЙСКАТА", "p": [189] },
	{ "s": "ЕВРОПЕЙСКИЯ", "p": [194] },
	{ "s": "ЕВРОФУТБОЛ", "p": [194] },
	{ "s": "ЕВРОФУТБОЛА", "p": [194] },
	{ "s": "ЕВТИНА", "p": [99] },
	{ "s": "ЕВТИНИ", "p": [192, 191] },
	{ "s": "ЕВТИНО", "p": [111] },
	{ "s": "ЕВЪРГРИЙНА", "p": [191] },
	{ "s": "ЕГО", "p": [145, 33, 192, 183, 118, 59] },
	{ "s": "ЕГОИЗМА", "p": [183] },
	{ "s": "ЕГОИЗМЪТ", "p": [201] },
	{ "s": "ЕГОТО", "p": [192, 183] },
	{ "s": "ЕДВА", "p": [199, 194, 191, 183, 55, 139, 60, 18] },
	{ "s": "ЕДЕМ", "p": [204] },
	{ "s": "ЕДИН", "p": [192, 194, 200, 202, 201, 193, 195, 191, 184, 183, 198, 190, 99, 74, 58, 33, 204, 199, 197, 185, 148, 85, 63] },
	{ "s": "ЕДИН-ЕДИНСТВЕН", "p": [85] },
	{ "s": "ЕДИНАДЕСЕТ", "p": [191] },
	{ "s": "ЕДИНИЦА", "p": [183] },
	{ "s": "ЕДИНИЦИ", "p": [189, 183] },
	{ "s": "ЕДИНИЧНИ", "p": [192] },
	{ "s": "ЕДИНИЯ", "p": [190] },
	{ "s": "ЕДИНИЯТ", "p": [194, 183] },
	{ "s": "ЕДИНСТВЕН", "p": [184, 166, 85] },
	{ "s": "ЕДИНСТВЕНАТА", "p": [202, 85] },
	{ "s": "ЕДИНСТВЕНИТЕ", "p": [188] },
	{ "s": "ЕДИНСТВЕНИЯ", "p": [201] },
	{ "s": "ЕДИНСТВЕНО", "p": [191, 202, 190, 186] },
	{ "s": "ЕДИНСТВО", "p": [183] },
	{ "s": "ЕДИПОВИ", "p": [183] },
	{ "s": "ЕДНА", "p": [194, 188, 192, 191, 148, 68, 201, 198, 147, 98, 193, 145, 55, 202, 200, 195, 190, 185, 184, 142, 94, 80, 33, 32, 23] },
	{ "s": "ЕДНА-ДВЕ", "p": [201] },
	{ "s": "ЕДНАКВИ", "p": [169] },
	{ "s": "ЕДНАТА", "p": [190, 183] },
	{ "s": "ЕДНИ", "p": [201, 193, 191] },
	{ "s": "ЕДНО", "p": [191, 202, 183, 192, 200, 193, 199, 190, 189, 188, 184, 141, 104, 101, 63, 26, 25, 10] },
	{ "s": "ЕДНОКРАТНА", "p": [185] },
	{ "s": "ЕДНОКРАТНОСТ", "p": [183] },
	{ "s": "ЕДНОЛИЧНИТЕ", "p": [183] },
	{ "s": "ЕДНОЛИЧНО", "p": [183] },
	{ "s": "ЕДНОТО", "p": [183, 86] },
	{ "s": "ЕДРИ", "p": [192] },
	{ "s": "ЕДРО", "p": [33] },
	{ "s": "ЕДРОГЪРДЕСТАТА", "p": [202] },
	{ "s": "ЕДРОГЪРДЕСТО", "p": [202] },
	{ "s": "ЕДРОКАЛИБРЕНА", "p": [202] },
	{ "s": "ЕДРОМАЩАБНОСТ", "p": [201] },
	{ "s": "ЕЖЕДНЕВИЕ", "p": [192, 143] },
	{ "s": "ЕЖЕДНЕВИЕТО", "p": [193, 185] },
	{ "s": "ЕЖЕДНЕВКА", "p": [111] },
	{ "s": "ЕЖЕДНЕВНИ", "p": [192] },
	{ "s": "ЕЖЕДНЕВНИК", "p": [193] },
	{ "s": "ЕЖЕДНЕВНИЯТ", "p": [191] },
	{ "s": "ЕЖЕДНЕВНО", "p": [193, 191, 83, 66] },
	{ "s": "ЕЖЕДНЕВНОТО", "p": [192] },
	{ "s": "ЕЖЕМЕСЕЧНО", "p": [191] },
	{ "s": "ЕЖЕЩО", "p": [48] },
	{ "s": "ЕЗЕРОТО", "p": [194] },
	{ "s": "ЕЗИК", "p": [189, 204, 194, 193, 191] },
	{ "s": "ЕЗИКА", "p": [183] },
	{ "s": "ЕЙ", "p": [198, 186, 111, 73] },
	{ "s": "ЕКВИЛИБРИСТИКА", "p": [183] },
	{ "s": "ЕКЛИПСА", "p": [17] },
	{ "s": "ЕКО", "p": [192] },
	{ "s": "ЕКО-СИРЕНЕ", "p": [192] },
	{ "s": "ЕКОСРЕДА", "p": [194] },
	{ "s": "ЕКОТ", "p": [205] },
	{ "s": "ЕКОТИ", "p": [205] },
	{ "s": "ЕКОТЪТ", "p": [145] },
	{ "s": "ЕКРАН", "p": [208, 63] },
	{ "s": "ЕКРАНА", "p": [185] },
	{ "s": "ЕКРАНИТЕ", "p": [125] },
	{ "s": "ЕКСКРЕМЕНТАЛНИ", "p": [193] },
	{ "s": "ЕКСПЕРИМЕНТ", "p": [193] },
	{ "s": "ЕКСПЕРТНИ", "p": [190] },
	{ "s": "ЕКСПЛОАТАЦИЯ", "p": [200] },
	{ "s": "ЕКСПЛОЗИЯ", "p": [74] },
	{ "s": "ЕКСПОНАТ", "p": [192] },
	{ "s": "ЕКСТАЗ", "p": [202, 192, 148] },
	{ "s": "ЕКСТРА", "p": [198] },
	{ "s": "ЕКСХИБИЦИНИЗЪМ", "p": [150] },
	{ "s": "ЕКСХИБИЦИОНИСТКИ", "p": [191] },
	{ "s": "ЕКСЦЕНТРИЧЕН", "p": [189] },
	{ "s": "ЕКСЦЕНТРИЧНИЯТ", "p": [189] },
	{ "s": "ЕЛА", "p": [183, 28] },
	{ "s": "ЕЛАМИ", "p": [152] },
	{ "s": "ЕЛАСТИЧЕН", "p": [63] },
	{ "s": "ЕЛАТЕ", "p": [185] },
	{ "s": "ЕЛВИРА", "p": [200] },
	{ "s": "ЕЛВИРИ", "p": [200] },
	{ "s": "ЕЛЕКТРИЧЕСТВО", "p": [76] },
	{ "s": "ЕЛЕМЕНТ", "p": [192, 191] },
	{ "s": "ЕЛЕМЕНТАРНА", "p": [201] },
	{ "s": "ЕЛЕМЕНТАРНИ", "p": [191] },
	{ "s": "ЕЛЕМЕНТАРНО", "p": [191] },
	{ "s": "ЕЛЕМЕНТИ", "p": [33] },
	{ "s": "ЕЛИКСИР", "p": [183] },
	{ "s": "ЕЛИТ", "p": [188] },
	{ "s": "ЕЛИТЕН", "p": [194, 191] },
	{ "s": "ЕЛИЦА", "p": [87] },
	{ "s": "ЕЛХА", "p": [180, 34] },
	{ "s": "ЕМБЛЕМАТА", "p": [161] },
	{ "s": "ЕМБРИОНИ", "p": [102] },
	{ "s": "ЕМИ", "p": [201] },
	{ "s": "ЕМОЦИИ", "p": [184, 201, 107] },
	{ "s": "ЕМОЦИОНАЛНО", "p": [202] },
	{ "s": "ЕМОЦИЯ", "p": [134, 30, 3] },
	{ "s": "ЕНЕРГЕТИКАТА", "p": [191] },
	{ "s": "ЕНЕРГИЧЕН", "p": [201] },
	{ "s": "ЕНЕРГИЯ", "p": [194] },
	{ "s": "ЕНИЧАРИН", "p": [189] },
	{ "s": "ЕПИЛИРАНИ", "p": [201] },
	{ "s": "ЕПИТАФ", "p": [118] },
	{ "s": "ЕПИТАФИИТЕ", "p": [190] },
	{ "s": "ЕПИТАФИЯ", "p": [189, 186] },
	{ "s": "ЕПОХА", "p": [125] },
	{ "s": "ЕПРУВЕТКИ", "p": [157, 159] },
	{ "s": "ЕРГЕННО", "p": [135] },
	{ "s": "ЕРГЕНСКИ", "p": [132] },
	{ "s": "ЕРГЕНСТВО", "p": [24] },
	{ "s": "ЕРЕКЦИИ", "p": [200] },
	{ "s": "ЕРЕКЦИЯ", "p": [193, 90] },
	{ "s": "ЕРЕС", "p": [184] },
	{ "s": "ЕРОС", "p": [202] },
	{ "s": "ЕСЕ", "p": [192] },
	{ "s": "ЕСЕН", "p": [185, 170, 162, 114, 89, 88, 61] },
	{ "s": "ЕСЕННА", "p": [170, 88] },
	{ "s": "ЕСЕННИ", "p": [170] },
	{ "s": "ЕСЕННО", "p": [114, 185, 160, 110, 66] },
	{ "s": "ЕСЕННО-ОВОЩНО", "p": [110] },
	{ "s": "ЕСЕНТА", "p": [75] },
	{ "s": "ЕСЕТА", "p": [187] },
	{ "s": "ЕСНАФА", "p": [183] },
	{ "s": "ЕСНАФСКА", "p": [192] },
	{ "s": "ЕСНАФСКИ", "p": [161] },
	{ "s": "ЕСНАФСКО", "p": [192] },
	{ "s": "ЕСТЕСТВЕНА", "p": [100, 71] },
	{ "s": "ЕСТЕСТВЕНО", "p": [200, 201, 193, 202, 198, 194, 183, 76, 66, 57] },
	{ "s": "ЕСТЕТ", "p": [197] },
	{ "s": "ЕСТЕТА", "p": [187] },
	{ "s": "ЕСТЕТИКА", "p": [201, 167] },
	{ "s": "ЕСТЕТИЧНА", "p": [173] },
	{ "s": "ЕТЕСАТА", "p": [152] },
	{ "s": "ЕТИКА", "p": [31] },
	{ "s": "ЕТИКЕТ", "p": [191, 183] },
	{ "s": "ЕТИКЕТИ", "p": [157] },
	{ "s": "ЕТИКЕТИТЕ", "p": [157] },
	{ "s": "ЕТНИЧЕСКИ", "p": [189] },
	{ "s": "ЕТО", "p": [33] },
	{ "s": "ЕУФОРИЯ", "p": [183] },
	{ "s": "ЕФЕКТ", "p": [198] },
	{ "s": "ЕФЕКТНО", "p": [195] },
	{ "s": "ЕФЕМЕРНИ", "p": [44] },
	{ "s": "ЕФИМЕРНО", "p": [10] },
	{ "s": "ЕХ", "p": [185, 183] },
	{ "s": "ЕХО", "p": [183] },
	{ "s": "ЕШАФОДА", "p": [87] },
	{ "s": "ЕЯКУЛАТИВНА", "p": [183] },
	{ "s": "ЕЯКУЛАТИВНОСТ", "p": [183] },
	{ "s": "ЕЯКУЛИРАЛ", "p": [201] }
]