[
	{ "s": "D", "p": [209, 204, 183] },
	{ "s": "DA", "p": [202] },
	{ "s": "DANCE", "p": [209] },
	{ "s": "DARK", "p": [208, 206] },
	{ "s": "DAY", "p": [204] },
	{ "s": "DEAD", "p": [208] },
	{ "s": "DEATH", "p": [209] },
	{ "s": "DECEIVING", "p": [209] },
	{ "s": "DEEMED", "p": [209] },
	{ "s": "DEEP", "p": [209, 205] },
	{ "s": "DESTROY", "p": [209] },
	{ "s": "DESTROYED", "p": [208] },
	{ "s": "DIDN", "p": [209] },
	{ "s": "DIDN'T", "p": [209] },
	{ "s": "DIGS", "p": [209] },
	{ "s": "DIRECTION", "p": [209] },
	{ "s": "DISPEL", "p": [209] },
	{ "s": "DISTANT", "p": [205] },
	{ "s": "DIVIDED", "p": [146] },
	{ "s": "DIWANA", "p": [202] },
	{ "s": "DNES", "p": [190] },
	{ "s": "DNES.BG", "p": [190] },
	{ "s": "DO", "p": [207, 205, 204] },
	{ "s": "DOG", "p": [204] },
	{ "s": "DON", "p": [209, 207, 206, 146] },
	{ "s": "DON'T", "p": [209, 207, 206, 146] },
	{ "s": "DOUBLE", "p": [195] },
	{ "s": "DRAINED", "p": [209] },
	{ "s": "DREAM", "p": [208] },
	{ "s": "DREAMS", "p": [208, 207] },
	{ "s": "DRINK", "p": [183] },
	{ "s": "DRIVEN", "p": [209] },
	{ "s": "DROP", "p": [207] },
	{ "s": "DRYING", "p": [209] },
	{ "s": "DUST", "p": [207] },
	{ "s": "DYING", "p": [209, 204] }
]