[
	{ "s": "Ж", "p": [186] },
	{ "s": "ЖА", "p": [199] },
	{ "s": "ЖА-АЛЪК", "p": [199] },
	{ "s": "ЖАДНА", "p": [202, 186] },
	{ "s": "ЖАДНИ", "p": [193, 142] },
	{ "s": "ЖАДНИЯ", "p": [190, 48] },
	{ "s": "ЖАДНО", "p": [191, 148] },
	{ "s": "ЖАДНОТО", "p": [33] },
	{ "s": "ЖАДУВАНИ", "p": [161] },
	{ "s": "ЖАДУВАНО", "p": [40] },
	{ "s": "ЖАДУВАНОТО", "p": [34] },
	{ "s": "ЖАЖДА", "p": [202, 193, 191, 144, 15] },
	{ "s": "ЖАЖДАТА", "p": [183] },
	{ "s": "ЖАК", "p": [204] },
	{ "s": "ЖАЛКА", "p": [195, 194] },
	{ "s": "ЖАЛКИ", "p": [194] },
	{ "s": "ЖАЛКО", "p": [202, 194, 189] },
	{ "s": "ЖАЛНА", "p": [140] },
	{ "s": "ЖАЛОСТ", "p": [186, 184, 82] },
	{ "s": "ЖАЛЪК", "p": [199, 195, 193, 188] },
	{ "s": "ЖАРЕЩОТО", "p": [62] },
	{ "s": "ЖАРКО", "p": [193] },
	{ "s": "ЖАРКОТО", "p": [84] },
	{ "s": "ЖАРТА", "p": [186] },
	{ "s": "ЖЕЗЪЛ", "p": [51] },
	{ "s": "ЖЕЛАЕ", "p": [202, 191, 201, 188, 186] },
	{ "s": "ЖЕЛАЕТЕ", "p": [185] },
	{ "s": "ЖЕЛАЕХ", "p": [56] },
	{ "s": "ЖЕЛАЕШ", "p": [186, 185, 83, 16] },
	{ "s": "ЖЕЛАЕШЕ", "p": [202, 77] },
	{ "s": "ЖЕЛАЙ", "p": [186] },
	{ "s": "ЖЕЛАН", "p": [164] },
	{ "s": "ЖЕЛАНА", "p": [202, 200] },
	{ "s": "ЖЕЛАНАТА", "p": [193] },
	{ "s": "ЖЕЛАНИ", "p": [149] },
	{ "s": "ЖЕЛАНИЕ", "p": [202, 184, 200, 191, 186, 185, 183, 63, 46, 41] },
	{ "s": "ЖЕЛАНИЕТО", "p": [202, 193, 123] },
	{ "s": "ЖЕЛАНИЯ", "p": [185, 109, 105] },
	{ "s": "ЖЕЛАНИЯТА", "p": [202, 185, 110] },
	{ "s": "ЖЕЛАНОТО", "p": [30] },
	{ "s": "ЖЕЛАЯ", "p": [186, 199, 63] },
	{ "s": "ЖЕЛЕЗНА", "p": [186] },
	{ "s": "ЖЕЛЯЗО", "p": [183] },
	{ "s": "ЖЕНА", "p": [111, 206, 201, 198, 191, 190, 186, 185, 183, 94, 90, 73, 57] },
	{ "s": "ЖЕНАТА", "p": [186, 185, 111, 26] },
	{ "s": "ЖЕНИ", "p": [200, 199, 192, 191, 186, 183] },
	{ "s": "ЖЕНИ-НЕПУШАЧКИ", "p": [192] },
	{ "s": "ЖЕНИТЕ", "p": [199, 198, 192, 186] },
	{ "s": "ЖЕНСКА", "p": [184] },
	{ "s": "ЖЕНСКИ", "p": [202, 192] },
	{ "s": "ЖЕНСКИТЕ", "p": [202] },
	{ "s": "ЖЕНТЪЛМЕНСКО", "p": [141] },
	{ "s": "ЖЕРТВА", "p": [190, 192] },
	{ "s": "ЖЕРТВАТА", "p": [186, 82] },
	{ "s": "ЖЕРТВЕНИ", "p": [108] },
	{ "s": "ЖЕРТВЕНИК", "p": [112] },
	{ "s": "ЖЕРТВЕНИЯТ", "p": [46] },
	{ "s": "ЖЕРТВИ", "p": [194, 192, 104] },
	{ "s": "ЖЕРТВИТЕ", "p": [190] },
	{ "s": "ЖЕСТОК", "p": [202] },
	{ "s": "ЖЕСТОКА", "p": [73] },
	{ "s": "ЖЕСТОКАТА", "p": [193] },
	{ "s": "ЖЕСТОКО", "p": [202, 194, 186] },
	{ "s": "ЖИВ", "p": [186, 205] },
	{ "s": "ЖИВА", "p": [181, 118] },
	{ "s": "ЖИВАЧНО", "p": [160] },
	{ "s": "ЖИВЕЕ", "p": [201, 197] },
	{ "s": "ЖИВЕЕМ", "p": [189, 188, 146] },
	{ "s": "ЖИВЕЕХ", "p": [145] },
	{ "s": "ЖИВЕЕХА", "p": [200] },
	{ "s": "ЖИВЕЕХМЕ", "p": [198] },
	{ "s": "ЖИВЕЕШ", "p": [123] },
	{ "s": "ЖИВЕЕШЕ", "p": [201, 193] },
	{ "s": "ЖИВЕЦЪТ", "p": [183] },
	{ "s": "ЖИВЕЯ", "p": [194, 183, 132, 18] },
	{ "s": "ЖИВЕЯТ", "p": [188] },
	{ "s": "ЖИВИ", "p": [192, 157, 32] },
	{ "s": "ЖИВИНКАТА", "p": [18] },
	{ "s": "ЖИВО", "p": [142, 128, 124, 65] },
	{ "s": "ЖИВОТ", "p": [183, 104, 200, 195, 186, 202, 192, 191, 190, 188, 184, 156, 151, 148, 147, 146, 87, 82, 68, 41, 15] },
	{ "s": "ЖИВОТА", "p": [153, 208, 201, 202, 192, 190, 185, 183, 161, 137, 112, 83, 65] },
	{ "s": "ЖИВОТВОРНИТЕ", "p": [185, 88] },
	{ "s": "ЖИВОТВОРНО", "p": [98] },
	{ "s": "ЖИВОТЕЦА", "p": [190] },
	{ "s": "ЖИВОТНИ", "p": [197] },
	{ "s": "ЖИВОТЪТ", "p": [183, 201, 191, 184, 52, 15] },
	{ "s": "ЖИВУРКА", "p": [190] },
	{ "s": "ЖИВУЩИТЕ", "p": [191] },
	{ "s": "ЖИВЯ", "p": [18] },
	{ "s": "ЖИЗНЕНОСТ", "p": [128] },
	{ "s": "ЖИЗНЕРАДОСТНОТО", "p": [202] },
	{ "s": "ЖИЗУ", "p": [192] },
	{ "s": "ЖИЛЕЩИ", "p": [184, 183] },
	{ "s": "ЖИЛО", "p": [10] },
	{ "s": "ЖИТЕЙСКА", "p": [133, 101] },
	{ "s": "ЖИТЕЙСКАТА", "p": [133] },
	{ "s": "ЖИТЕЙСКО", "p": [184] },
	{ "s": "ЖИТЕЙСКО-КРЪГОВРАТНО", "p": [184] },
	{ "s": "ЖИЦИТЕ", "p": [128, 109] },
	{ "s": "ЖОКЕР", "p": [134] },
	{ "s": "ЖОРИ", "p": [201] },
	{ "s": "ЖОРИЗМИ", "p": [201] },
	{ "s": "ЖОРИФИЛИЯ", "p": [201] },
	{ "s": "ЖОРО", "p": [183] },
	{ "s": "ЖОРУ", "p": [183] },
	{ "s": "ЖРЕЦ", "p": [112] },
	{ "s": "ЖРЕЦЪТ", "p": [183] },
	{ "s": "ЖУАН", "p": [202] },
	{ "s": "ЖУЖИ", "p": [116] },
	{ "s": "ЖУЖИТЕ", "p": [183] },
	{ "s": "ЖУЛИЕТЕНА", "p": [183] },
	{ "s": "ЖУПЕЛ", "p": [30] },
	{ "s": "ЖУРИ", "p": [131] },
	{ "s": "ЖЪЛТИ", "p": [185] },
	{ "s": "ЖЪЛТО", "p": [195] }
]