[
	{ "s": "П", "p": [199, 193, 191] },
	{ "s": "П*ТКАТА", "p": [191] },
	{ "s": "П...ОЕТИТЕ", "p": [193] },
	{ "s": "ПAК", "p": [104] },
	{ "s": "ПАГОНА", "p": [190] },
	{ "s": "ПАГУБЕН", "p": [128] },
	{ "s": "ПАДА", "p": [183, 142] },
	{ "s": "ПАДАМ", "p": [94] },
	{ "s": "ПАДАМЕ", "p": [146] },
	{ "s": "ПАДАНЕ", "p": [177] },
	{ "s": "ПАДАЩА", "p": [34, 30] },
	{ "s": "ПАДАЩИ", "p": [183, 109] },
	{ "s": "ПАДИНА", "p": [200] },
	{ "s": "ПАДНА", "p": [186, 202] },
	{ "s": "ПАДНАЛИ", "p": [181] },
	{ "s": "ПАДНЕ", "p": [201, 191] },
	{ "s": "ПАЗАР", "p": [183, 147, 106] },
	{ "s": "ПАЗАРА", "p": [106] },
	{ "s": "ПАЗВА", "p": [186, 183, 68, 18] },
	{ "s": "ПАЗВАТА", "p": [149, 201] },
	{ "s": "ПАЗВЕНО", "p": [183] },
	{ "s": "ПАЗВЕНОТО", "p": [110] },
	{ "s": "ПАЗЕХ", "p": [184] },
	{ "s": "ПАЗЕШЕ", "p": [53] },
	{ "s": "ПАЗИ", "p": [191] },
	{ "s": "ПАЗЯ", "p": [72] },
	{ "s": "ПАК", "p": [183, 197, 195, 192, 191, 184, 73, 24, 202, 198, 194, 188, 186, 185, 180, 174, 168, 159, 156, 155, 146, 142, 111, 102, 98, 48, 12] },
	{ "s": "ПАКЕТА", "p": [206] },
	{ "s": "ПАКОСТИ", "p": [192] },
	{ "s": "ПАЛАВАТА", "p": [29] },
	{ "s": "ПАЛАВИ", "p": [200] },
	{ "s": "ПАЛАВО", "p": [26] },
	{ "s": "ПАЛАМАРКАТА", "p": [202] },
	{ "s": "ПАЛАЧ", "p": [184, 87] },
	{ "s": "ПАЛАЧА", "p": [186] },
	{ "s": "ПАЛАЧЪТ", "p": [67] },
	{ "s": "ПАЛЕЦА", "p": [183] },
	{ "s": "ПАЛИТРЕНО", "p": [62] },
	{ "s": "ПАЛИТРИ", "p": [62] },
	{ "s": "ПАЛКАТА", "p": [198] },
	{ "s": "ПАЛКИ", "p": [191] },
	{ "s": "ПАЛУБАТА", "p": [96] },
	{ "s": "ПАЛЯТ", "p": [191] },
	{ "s": "ПАЛЯЧОВЦИ", "p": [191] },
	{ "s": "ПАЛЯЧОТО", "p": [160, 67] },
	{ "s": "ПАМЕТ", "p": [204, 190] },
	{ "s": "ПАМЕТНИК", "p": [189] },
	{ "s": "ПАМЕТНИКА", "p": [189] },
	{ "s": "ПАМЕТНИКЪТ", "p": [189] },
	{ "s": "ПАНДЕЛКА", "p": [169] },
	{ "s": "ПАНЕЛИ", "p": [195] },
	{ "s": "ПАНТАЛОНА", "p": [194] },
	{ "s": "ПАНТЕРА", "p": [185] },
	{ "s": "ПАРА", "p": [183] },
	{ "s": "ПАРАDOGS", "p": [16, 15] },
	{ "s": "ПАРАДНО", "p": [183] },
	{ "s": "ПАРАЗИТИРАХ", "p": [145] },
	{ "s": "ПАРАЗИТНО", "p": [65] },
	{ "s": "ПАРАЛЕЛИ", "p": [26] },
	{ "s": "ПАРДОН", "p": [183] },
	{ "s": "ПАРЕЩА", "p": [93] },
	{ "s": "ПАРЕЩИ", "p": [193] },
	{ "s": "ПАРИ", "p": [207, 195, 191, 26] },
	{ "s": "ПАРИТЕ", "p": [207, 194, 188] },
	{ "s": "ПАРКА", "p": [194] },
	{ "s": "ПАРКИНСОНОВИ", "p": [160] },
	{ "s": "ПАРКИРА", "p": [188] },
	{ "s": "ПАРКИРАЛИТЕ", "p": [188] },
	{ "s": "ПАРКИРАТ", "p": [194] },
	{ "s": "ПАРНО", "p": [188] },
	{ "s": "ПАРОДИЯ", "p": [186, 183] },
	{ "s": "ПАРТИЯ", "p": [191] },
	{ "s": "ПАРТНЬОР", "p": [98, 33] },
	{ "s": "ПАРФЮМ", "p": [183] },
	{ "s": "ПАРФЮМИ", "p": [200] },
	{ "s": "ПАРФЮМЪТ", "p": [73] },
	{ "s": "ПАРЦАЛЕНО", "p": [160] },
	{ "s": "ПАРЦАЛИ", "p": [45, 191, 112, 60, 32] },
	{ "s": "ПАРЦАЛИВ", "p": [202] },
	{ "s": "ПАРЧЕ", "p": [202, 201, 183] },
	{ "s": "ПАРЧЕНЦА", "p": [180] },
	{ "s": "ПАСА", "p": [186, 82] },
	{ "s": "ПАСВА", "p": [185] },
	{ "s": "ПАСВАЩА", "p": [185] },
	{ "s": "ПАСТ", "p": [186, 185, 129] },
	{ "s": "ПАСТРОК", "p": [184] },
	{ "s": "ПАТ", "p": [194] },
	{ "s": "ПАТЕ", "p": [136] },
	{ "s": "ПАТЕРИЦИ", "p": [64] },
	{ "s": "ПАТЕРИЧНО", "p": [183] },
	{ "s": "ПАТЕШКО", "p": [198] },
	{ "s": "ПАТКА", "p": [198] },
	{ "s": "ПАТОВО", "p": [201] },
	{ "s": "ПАТОС", "p": [186] },
	{ "s": "ПАЦИЕНТ", "p": [191] },
	{ "s": "ПАША", "p": [103] },
	{ "s": "ПАЯ", "p": [106] },
	{ "s": "ПАЯЖИНА", "p": [165] },
	{ "s": "ПАЯЖИНИ", "p": [184] },
	{ "s": "ПАЯКЪТ", "p": [94] },
	{ "s": "ПЕДОФИЛИ", "p": [191] },
	{ "s": "ПЕЕ", "p": [205, 185] },
	{ "s": "ПЕЕХА", "p": [202] },
	{ "s": "ПЕЕШЕ", "p": [204] },
	{ "s": "ПЕЙЗАЖ", "p": [113, 201] },
	{ "s": "ПЕЙЗАЖНА", "p": [117, 116, 115, 114] },
	{ "s": "ПЕК", "p": [117] },
	{ "s": "ПЕЛЕНА", "p": [117] },
	{ "s": "ПЕНИСА", "p": [201] },
	{ "s": "ПЕНЛИВИТЕ", "p": [205] },
	{ "s": "ПЕНСИОНЕР", "p": [191] },
	{ "s": "ПЕНЯВЯТ", "p": [189] },
	{ "s": "ПЕПА", "p": [168] },
	{ "s": "ПЕПЕЛ", "p": [185] },
	{ "s": "ПЕПЕЛИТЕ", "p": [142] },
	{ "s": "ПЕПЕРУДА", "p": [200, 185] },
	{ "s": "ПЕПЕРУДАТА", "p": [133] },
	{ "s": "ПЕПЕРУДЕНИ", "p": [44] },
	{ "s": "ПЕПЕРУДИ", "p": [167] },
	{ "s": "ПЕРА", "p": [90] },
	{ "s": "ПЕРАТ", "p": [191] },
	{ "s": "ПЕРАТА", "p": [181] },
	{ "s": "ПЕРВАЗНО", "p": [58] },
	{ "s": "ПЕРГАМЕНТ", "p": [183] },
	{ "s": "ПЕРГИША", "p": [202] },
	{ "s": "ПЕРДУШИНИШ", "p": [52] },
	{ "s": "ПЕРИСТАЛТИКА", "p": [186] },
	{ "s": "ПЕРО", "p": [185] },
	{ "s": "ПЕРОН", "p": [192] },
	{ "s": "ПЕРОРАЛНА", "p": [33] },
	{ "s": "ПЕРОТО", "p": [74] },
	{ "s": "ПЕРСОН", "p": [63] },
	{ "s": "ПЕРСОНА", "p": [63] },
	{ "s": "ПЕРСОНАЖ", "p": [22] },
	{ "s": "ПЕРСОНАЖИ", "p": [202] },
	{ "s": "ПЕРСОНАЛА", "p": [191] },
	{ "s": "ПЕРСОНАЛНИЯТ", "p": [1] },
	{ "s": "ПЕРСПЕКТИВА", "p": [183] },
	{ "s": "ПЕРСПЕКТИВАТА", "p": [201] },
	{ "s": "ПЕРХИДРОЛЕНА", "p": [188] },
	{ "s": "ПЕРХИДРОЛКА", "p": [194] },
	{ "s": "ПЕРЦА", "p": [186] },
	{ "s": "ПЕСА", "p": [186, 111] },
	{ "s": "ПЕСЕН", "p": [170, 133, 101, 207, 204, 185, 74] },
	{ "s": "ПЕСЕНТА", "p": [10] },
	{ "s": "ПЕСНИ", "p": [205, 202, 71] },
	{ "s": "ПЕСТИ", "p": [183] },
	{ "s": "ПЕСЪК", "p": [185] },
	{ "s": "ПЕСЪЧИНКА", "p": [186, 177] },
	{ "s": "ПЕТ", "p": [194, 184] },
	{ "s": "ПЕТАТА", "p": [164] },
	{ "s": "ПЕТВЕКОВНО", "p": [189] },
	{ "s": "ПЕТГОДИШНАТА", "p": [201] },
	{ "s": "ПЕТЛИТЕ", "p": [202, 44] },
	{ "s": "ПЕТНА", "p": [186] },
	{ "s": "ПЕТОЛИНИЯ", "p": [50] },
	{ "s": "ПЕТРОХАН", "p": [200] },
	{ "s": "ПЕТСТОТИНГОДИШНО", "p": [191] },
	{ "s": "ПЕТЦИФРЕНИ", "p": [191] },
	{ "s": "ПЕТЬО", "p": [200] },
	{ "s": "ПЕЧАЛ", "p": [6] },
	{ "s": "ПЕЧАЛНА", "p": [188] },
	{ "s": "ПЕЧАЛНИТЕ", "p": [193] },
	{ "s": "ПЕЧАЛНИЯТ", "p": [67] },
	{ "s": "ПЕЧЕЛЯТ", "p": [127] },
	{ "s": "ПЕЧЕНА", "p": [193] },
	{ "s": "ПЕЧЕШЕ", "p": [201] },
	{ "s": "ПЕШЕХОДНА", "p": [188] },
	{ "s": "ПЕШЕХОДНАТА", "p": [194] },
	{ "s": "ПЕШЕХОДЦИ", "p": [194] },
	{ "s": "ПЕШЕХОДЦИТЕ", "p": [194] },
	{ "s": "ПЕЩ", "p": [183] },
	{ "s": "ПЕЩЕРИ", "p": [205] },
	{ "s": "ПИАНИСТ", "p": [57] },
	{ "s": "ПИАНО", "p": [165] },
	{ "s": "ПИАР", "p": [190] },
	{ "s": "ПИЕ", "p": [198] },
	{ "s": "ПИЕМ", "p": [155, 105] },
	{ "s": "ПИЕМЕ", "p": [101] },
	{ "s": "ПИКАДИЛИТО", "p": [183] },
	{ "s": "ПИКАНТНО", "p": [202] },
	{ "s": "ПИКСЕЛ", "p": [160] },
	{ "s": "ПИЛЕЕМ", "p": [122] },
	{ "s": "ПИЛЕЕХ", "p": [103] },
	{ "s": "ПИЛЕЕЩИ", "p": [151] },
	{ "s": "ПИЛЕЩИ", "p": [160] },
	{ "s": "ПИЛЕЯТ", "p": [207] },
	{ "s": "ПИЛИ", "p": [178] },
	{ "s": "ПИНК", "p": [205, 183] },
	{ "s": "ПИПАЛАТА", "p": [191] },
	{ "s": "ПИПАЛЦАТА", "p": [193] },
	{ "s": "ПИПАЩИ", "p": [77] },
	{ "s": "ПИПО", "p": [201] },
	{ "s": "ПИРАТКИ", "p": [191] },
	{ "s": "ПИРОГОВ", "p": [191] },
	{ "s": "ПИРОН", "p": [164] },
	{ "s": "ПИРОНИ", "p": [119] },
	{ "s": "ПИСАН", "p": [204] },
	{ "s": "ПИСАНЕ", "p": [192] },
	{ "s": "ПИСАНЕТО", "p": [193, 1] },
	{ "s": "ПИСАНИ", "p": [192] },
	{ "s": "ПИСАНО", "p": [183, 204] },
	{ "s": "ПИСАТЕЛ", "p": [1] },
	{ "s": "ПИСВА", "p": [197] },
	{ "s": "ПИСВАШЕ", "p": [192] },
	{ "s": "ПИСКАХА", "p": [50] },
	{ "s": "ПИСМА", "p": [81, 108] },
	{ "s": "ПИСМЕНОСТ", "p": [138] },
	{ "s": "ПИСМО", "p": [183, 138, 73] },
	{ "s": "ПИСНА", "p": [47] },
	{ "s": "ПИСНАЛА", "p": [186] },
	{ "s": "ПИСНАЛИ", "p": [198] },
	{ "s": "ПИСТИТЕ", "p": [191] },
	{ "s": "ПИСТОЛЕТ", "p": [190, 191] },
	{ "s": "ПИСТОЛЕТИ", "p": [191] },
	{ "s": "ПИСТОЛЕТЪТ", "p": [190] },
	{ "s": "ПИСЪК", "p": [185, 145, 88, 40] },
	{ "s": "ПИСЪКА", "p": [153, 98] },
	{ "s": "ПИСЪЦИ", "p": [192, 110] },
	{ "s": "ПИСЪЦИТЕ", "p": [208] },
	{ "s": "ПИТА", "p": [188, 184] },
	{ "s": "ПИТАЙ", "p": [183] },
	{ "s": "ПИТАЛА", "p": [199] },
	{ "s": "ПИТАМ", "p": [183, 185, 157, 105, 8] },
	{ "s": "ПИТАХ", "p": [191, 172] },
	{ "s": "ПИТАШ", "p": [199, 183, 11] },
	{ "s": "ПИТАШЕ", "p": [202] },
	{ "s": "ПИТИЕТАТА", "p": [63] },
	{ "s": "ПИТИЕТО", "p": [185] },
	{ "s": "ПИХМЕ", "p": [198] },
	{ "s": "ПИЧ", "p": [202, 201, 194] },
	{ "s": "ПИЧАГИТЕ", "p": [183] },
	{ "s": "ПИЧЕТО", "p": [202, 201] },
	{ "s": "ПИША", "p": [141, 3, 90] },
	{ "s": "ПИШАТ", "p": [193, 192] },
	{ "s": "ПИШЕ", "p": [192, 193, 188, 39] },
	{ "s": "ПИШЕХ", "p": [43] },
	{ "s": "ПИШЕХА", "p": [193] },
	{ "s": "ПИШЕШ", "p": [193, 108] },
	{ "s": "ПИШЕШЕ", "p": [193] },
	{ "s": "ПИШКИ", "p": [200] },
	{ "s": "ПИЩНА", "p": [200] },
	{ "s": "ПИЩНО", "p": [186, 82] },
	{ "s": "ПИЯ", "p": [202, 185] },
	{ "s": "ПИЯН", "p": [202, 190] },
	{ "s": "ПИЯНА", "p": [199] },
	{ "s": "ПИЯНДЕ", "p": [202] },
	{ "s": "ПИЯНИТЕ", "p": [197] },
	{ "s": "ПИЯНИЦА", "p": [201] },
	{ "s": "ПИЯНКА", "p": [202] },
	{ "s": "ПИЯНСТВО", "p": [161] },
	{ "s": "ПИЯТ", "p": [201, 191, 105] },
	{ "s": "ПЛАВАМ", "p": [92] },
	{ "s": "ПЛАВАТ", "p": [186] },
	{ "s": "ПЛАВАЩА", "p": [186] },
	{ "s": "ПЛАВНО", "p": [146] },
	{ "s": "ПЛАДНЕ", "p": [7] },
	{ "s": "ПЛАЖ", "p": [201] },
	{ "s": "ПЛАЖА", "p": [201, 202] },
	{ "s": "ПЛАЖЕН", "p": [183] },
	{ "s": "ПЛАКАТИ", "p": [112] },
	{ "s": "ПЛАКНЕ", "p": [142] },
	{ "s": "ПЛАКНЕМ", "p": [146] },
	{ "s": "ПЛАМЕНЕН", "p": [46] },
	{ "s": "ПЛАМЕННИ", "p": [183] },
	{ "s": "ПЛАМНА", "p": [186] },
	{ "s": "ПЛАМЪК", "p": [183, 95] },
	{ "s": "ПЛАМЪЦИ", "p": [118] },
	{ "s": "ПЛАНЕТА", "p": [197] },
	{ "s": "ПЛАНИНА", "p": [191, 126] },
	{ "s": "ПЛАНИНИ", "p": [191] },
	{ "s": "ПЛАНИРАТЕ", "p": [1] },
	{ "s": "ПЛАНОВЕ", "p": [96] },
	{ "s": "ПЛАСИРА", "p": [201] },
	{ "s": "ПЛАСИРАТ", "p": [123] },
	{ "s": "ПЛАСТ", "p": [191, 86] },
	{ "s": "ПЛАСТА", "p": [36] },
	{ "s": "ПЛАСТИКА", "p": [82, 186] },
	{ "s": "ПЛАСТИЧЕН", "p": [63] },
	{ "s": "ПЛАСТОВЕ", "p": [183] },
	{ "s": "ПЛАТ", "p": [200, 84] },
	{ "s": "ПЛАТЕЖНО", "p": [183] },
	{ "s": "ПЛАТЕН", "p": [131] },
	{ "s": "ПЛАТИ", "p": [194] },
	{ "s": "ПЛАТНО", "p": [194] },
	{ "s": "ПЛАТОНИЧЕСКА", "p": [190] },
	{ "s": "ПЛАТЯТ", "p": [208] },
	{ "s": "ПЛАЦЕНТА", "p": [160] },
	{ "s": "ПЛАЧ", "p": [184, 92] },
	{ "s": "ПЛАЧА", "p": [67, 204, 95, 57] },
	{ "s": "ПЛАЧАТ", "p": [183] },
	{ "s": "ПЛАЧЕ", "p": [57, 181, 104, 41] },
	{ "s": "ПЛАЧЕВНИ", "p": [191] },
	{ "s": "ПЛАЧЕМЕ", "p": [184] },
	{ "s": "ПЛАЧЕЩА", "p": [117, 116, 115, 114] },
	{ "s": "ПЛАЧЕЩИЯ", "p": [109] },
	{ "s": "ПЛАЧЪТ", "p": [186, 87, 57] },
	{ "s": "ПЛАЧЪТ-ЗОВ", "p": [87] },
	{ "s": "ПЛАШÙЛА", "p": [100] },
	{ "s": "ПЛАША", "p": [183] },
	{ "s": "ПЛАШЕЩА", "p": [118] },
	{ "s": "ПЛАШЕЩО", "p": [164] },
	{ "s": "ПЛАШИЛО", "p": [183, 21] },
	{ "s": "ПЛАЩАМ", "p": [194, 185, 40] },
	{ "s": "ПЛАЩАМЕ", "p": [191] },
	{ "s": "ПЛАЩАНЕ", "p": [191] },
	{ "s": "ПЛАЩАТ", "p": [194, 191] },
	{ "s": "ПЛЕВЕЛ", "p": [185] },
	{ "s": "ПЛЕВЕЛИ", "p": [185, 175] },
	{ "s": "ПЛЕВЯТ", "p": [127] },
	{ "s": "ПЛЕМЕННИКЪТ", "p": [188] },
	{ "s": "ПЛЕН", "p": [183, 93, 43] },
	{ "s": "ПЛЕНИТЕЛНА", "p": [73] },
	{ "s": "ПЛЕННИК", "p": [87, 31] },
	{ "s": "ПЛЕСЕН", "p": [185, 183, 105] },
	{ "s": "ПЛЕСЕНЯСАЛ", "p": [202] },
	{ "s": "ПЛЕТ", "p": [57] },
	{ "s": "ПЛЕТА", "p": [120] },
	{ "s": "ПЛЕТЕ", "p": [94] },
	{ "s": "ПЛИК", "p": [138] },
	{ "s": "ПЛИСКА", "p": [194, 55] },
	{ "s": "ПЛИСНА", "p": [139] },
	{ "s": "ПЛОД", "p": [174] },
	{ "s": "ПЛОДА", "p": [127] },
	{ "s": "ПЛОДОВЕ", "p": [201, 110] },
	{ "s": "ПЛОДОРОДНО", "p": [20] },
	{ "s": "ПЛОСЪК", "p": [148, 134] },
	{ "s": "ПЛОЩ", "p": [194] },
	{ "s": "ПЛУВА", "p": [191] },
	{ "s": "ПЛУВАМ", "p": [186] },
	{ "s": "ПЛУВАХ", "p": [147, 60] },
	{ "s": "ПЛЪЗВА", "p": [183] },
	{ "s": "ПЛЪЗГАТ", "p": [77] },
	{ "s": "ПЛЪНКА", "p": [96] },
	{ "s": "ПЛЪТ", "p": [200, 183, 181, 148, 132, 106] },
	{ "s": "ПЛЪТЕН", "p": [208, 142, 86] },
	{ "s": "ПЛЪТНО", "p": [183] },
	{ "s": "ПЛЪТСКО", "p": [106] },
	{ "s": "ПЛЪТТА", "p": [183, 109] },
	{ "s": "ПЛЪХОВЕ", "p": [154] },
	{ "s": "ПЛЮЕ", "p": [195] },
	{ "s": "ПЛЮЕМ", "p": [101] },
	{ "s": "ПЛЮЕХА", "p": [194] },
	{ "s": "ПЛЮС", "p": [193, 31] },
	{ "s": "ПЛЮСОВЕ", "p": [107] },
	{ "s": "ПЛЮСОВЕ-МИНУСИ", "p": [107] },
	{ "s": "ПЛЮСОВЕТЕ", "p": [195] },
	{ "s": "ПЛЯВА", "p": [186, 137] },
	{ "s": "ПЛЯЧКА", "p": [14] },
	{ "s": "ПО", "p": [192, 191, 183, 202, 193, 201, 194, 200, 185, 166, 188, 190, 189, 52, 199, 150, 29, 181, 198, 184, 88, 33, 8, 197, 195, 186, 157, 141, 139, 128, 106, 50, 43, 205, 203, 174, 173, 171, 168, 167, 164, 152, 151, 143, 142, 112, 109, 104, 98, 90, 87, 83, 61, 57, 46, 44, 31, 26, 20, 9, 7, 6, 5] },
	{ "s": "ПО-(С)У(Е)ВЕРЕН", "p": [183] },
	{ "s": "ПО-БЕЗУМНО", "p": [189] },
	{ "s": "ПО-ВАЖНОТО", "p": [192] },
	{ "s": "ПО-ГАЛЕЩА", "p": [192] },
	{ "s": "ПО-ГОЛЕМИ", "p": [193] },
	{ "s": "ПО-ГОЛЯМА", "p": [197, 193] },
	{ "s": "ПО-ГРЕХОВНО", "p": [26] },
	{ "s": "ПО-ГРЪКЛЯННО", "p": [128] },
	{ "s": "ПО-ДАЛЕЧНИ", "p": [199] },
	{ "s": "ПО-ДОБРЕ", "p": [202, 193, 192, 157] },
	{ "s": "ПО-ДОБРИ", "p": [192] },
	{ "s": "ПО-ДОБРИТЕ", "p": [193] },
	{ "s": "ПО-ДОБЪР", "p": [104, 33] },
	{ "s": "ПО-ДОЛУ", "p": [201, 200] },
	{ "s": "ПО-ДЪЛГА", "p": [200] },
	{ "s": "ПО-ДЪРВЕН", "p": [139] },
	{ "s": "ПО-ЕТЕСАТА", "p": [152] },
	{ "s": "ПО-ЖАЛКА", "p": [194] },
	{ "s": "ПО-ЖАЛКО", "p": [194] },
	{ "s": "ПО-ЗЛЕ", "p": [188] },
	{ "s": "ПО-ЗЛИ", "p": [98] },
	{ "s": "ПО-КИСЕЛИ", "p": [20] },
	{ "s": "ПО-КОНВЕНЦИОНАЛНИ", "p": [192] },
	{ "s": "ПО-КРАСИВ", "p": [52] },
	{ "s": "ПО-КРАСИВА", "p": [192] },
	{ "s": "ПО-КРАТКО", "p": [201, 202] },
	{ "s": "ПО-КЪСНО", "p": [200] },
	{ "s": "ПО-ЛЕК", "p": [201, 150] },
	{ "s": "ПО-ЛЕСНО", "p": [195, 188] },
	{ "s": "ПО-ЛОШО", "p": [192] },
	{ "s": "ПО-ЛОШОТО", "p": [192, 190] },
	{ "s": "ПО-МАЛКА", "p": [192] },
	{ "s": "ПО-МАЛКО", "p": [200, 189] },
	{ "s": "ПО-МЛАДИТЕ", "p": [193, 191] },
	{ "s": "ПО-МОНОЛОЖНО", "p": [181] },
	{ "s": "ПО-НАВЪТРЕ", "p": [186] },
	{ "s": "ПО-НАТАТЪК", "p": [201] },
	{ "s": "ПО-НАТАТЪШНИЯ", "p": [200] },
	{ "s": "ПО-НИЗШИ", "p": [197] },
	{ "s": "ПО-НИСКО", "p": [186] },
	{ "s": "ПО-ОБИЧАЩ", "p": [52] },
	{ "s": "ПО-ОЖЕСТОЧЕНА", "p": [202] },
	{ "s": "ПО-ОСТАРЕЛИТЕ", "p": [191] },
	{ "s": "ПО-ПАТЕРИЧНО", "p": [183] },
	{ "s": "ПО-РАНО", "p": [201] },
	{ "s": "ПО-СЕРИОЗНИ", "p": [192] },
	{ "s": "ПО-СКОРО", "p": [193, 202, 195, 189] },
	{ "s": "ПО-СЛОЖНО", "p": [181] },
	{ "s": "ПО-СПЕЦИАЛНО", "p": [202] },
	{ "s": "ПО-ТРУДНО", "p": [199] },
	{ "s": "ПО-ЦЕННИТЕ", "p": [193] },
	{ "s": "ПО-ЧЕСТО", "p": [192] },
	{ "s": "ПО-ЧИСТ", "p": [150] },
	{ "s": "ПО-ЧИТАВ", "p": [192] },
	{ "s": "ПО-ЧУВСТВИТЕЛНИТЕ", "p": [192] },
	{ "s": "ПО-ЧУЖДЕСТРАННА", "p": [191] },
	{ "s": "ПОБЕДНО", "p": [46] },
	{ "s": "ПОБЕДОНОСНО", "p": [199] },
	{ "s": "ПОБЕРЕ", "p": [184] },
	{ "s": "ПОБИВАТ", "p": [183] },
	{ "s": "ПОВЕДЕНИЕ", "p": [191, 202, 192, 189] },
	{ "s": "ПОВЕДЕНИЕТО", "p": [202, 190] },
	{ "s": "ПОВЕЙ", "p": [89] },
	{ "s": "ПОВЕЧЕ", "p": [202, 194, 197, 191, 199, 198, 193, 192, 189, 185, 116, 37, 10] },
	{ "s": "ПОВИК", "p": [28] },
	{ "s": "ПОВИКАЛ", "p": [205] },
	{ "s": "ПОВИШАВАМ", "p": [199] },
	{ "s": "ПОВИШИ", "p": [199] },
	{ "s": "ПОВОД", "p": [183, 101] },
	{ "s": "ПОВОДИ", "p": [185, 184] },
	{ "s": "ПОВРАТНОСТИ", "p": [201] },
	{ "s": "ПОВРЪЩАМ", "p": [195] },
	{ "s": "ПОВТАРЯ", "p": [190] },
	{ "s": "ПОВТАРЯМ", "p": [183, 40, 12] },
	{ "s": "ПОВТАРЯМЕ", "p": [183] },
	{ "s": "ПОВТОРЕНИЕ", "p": [198] },
	{ "s": "ПОВТОРЕНИЯ", "p": [197] },
	{ "s": "ПОВТОРЕНИЯТА", "p": [199] },
	{ "s": "ПОВТОРИ", "p": [139] },
	{ "s": "ПОВТОРИ́", "p": [185] },
	{ "s": "ПОВТОРНАТА", "p": [191] },
	{ "s": "ПОВТОРНО", "p": [174, 164, 156] },
	{ "s": "ПОВЯРВА", "p": [53] },
	{ "s": "ПОВЯРВАМ", "p": [199] },
	{ "s": "ПОГАЗЕНА", "p": [191] },
	{ "s": "ПОГАЗЕНИ", "p": [183] },
	{ "s": "ПОГАЛЯ", "p": [152] },
	{ "s": "ПОГИНАЛ", "p": [194] },
	{ "s": "ПОГИНАЛО", "p": [185] },
	{ "s": "ПОГИНАЛОТО", "p": [184, 126] },
	{ "s": "ПОГИНЕШ", "p": [72] },
	{ "s": "ПОГЛЕД", "p": [202, 201, 204, 186, 185, 93, 73, 63, 26] },
	{ "s": "ПОГЛЕДА", "p": [201, 118] },
	{ "s": "ПОГЛЕДАМЕ", "p": [183] },
	{ "s": "ПОГЛЕДИ", "p": [202, 200, 186, 185, 124, 82, 53] },
	{ "s": "ПОГЛЕДИТЕ", "p": [205, 125] },
	{ "s": "ПОГЛЕДНА", "p": [49] },
	{ "s": "ПОГЛЕДНАТ", "p": [184] },
	{ "s": "ПОГЛЕДНАХ", "p": [185, 37] },
	{ "s": "ПОГЛЕДНЕ", "p": [111] },
	{ "s": "ПОГЛЕДНЕМ", "p": [24] },
	{ "s": "ПОГЛЕДНЕХ", "p": [206] },
	{ "s": "ПОГЛЕДНЕШ", "p": [49, 199, 181] },
	{ "s": "ПОГЛЕДЪТ", "p": [202, 184] },
	{ "s": "ПОГЛЕЖДАЙ", "p": [87] },
	{ "s": "ПОГЛЕЖДАЛ", "p": [37] },
	{ "s": "ПОГЛЕЖДАМ", "p": [185, 83, 61] },
	{ "s": "ПОГЛЕЖДАШ", "p": [83, 188, 73, 49] },
	{ "s": "ПОГОВОРИМ", "p": [24] },
	{ "s": "ПОГОВОРКА", "p": [109] },
	{ "s": "ПОГРЕБАХТЕ", "p": [161] },
	{ "s": "ПОГРЕБВАНЕ", "p": [154] },
	{ "s": "ПОГРЕБЕШ", "p": [180] },
	{ "s": "ПОГРЕШКА", "p": [143] },
	{ "s": "ПОГРИЖИ", "p": [200] },
	{ "s": "ПОГУБВА", "p": [98] },
	{ "s": "ПОГУБЕНА", "p": [185, 88] },
	{ "s": "ПОГЪЛВАЩО", "p": [185] },
	{ "s": "ПОГЪЛНА", "p": [10] },
	{ "s": "ПОД", "p": [183, 200, 190, 84, 53, 191, 186, 115, 63, 42, 36, 205, 204, 202, 195, 194, 189, 185, 184, 181, 166, 150, 117, 103, 94, 93, 92, 73, 48, 24] },
	{ "s": "ПОДАДЕ", "p": [202, 183] },
	{ "s": "ПОДАДЕШ", "p": [185] },
	{ "s": "ПОДАМ", "p": [73] },
	{ "s": "ПОДАРЪК", "p": [185] },
	{ "s": "ПОДБОР", "p": [22] },
	{ "s": "ПОДБУДИ", "p": [192] },
	{ "s": "ПОДВЕЖДАЙ", "p": [183] },
	{ "s": "ПОДВИВАМ", "p": [185] },
	{ "s": "ПОДВИЖНА", "p": [183] },
	{ "s": "ПОДВОДНО", "p": [205] },
	{ "s": "ПОДГИЗНАЛ", "p": [128] },
	{ "s": "ПОДГИЗНАЛИТЕ", "p": [102] },
	{ "s": "ПОДДРЪЖКА", "p": [195] },
	{ "s": "ПОДДРЪЖКАТА", "p": [195] },
	{ "s": "ПОДДЪРЖА", "p": [195] },
	{ "s": "ПОДДЪРЖАМ", "p": [195, 61] },
	{ "s": "ПОДДЪРЖАНЕ", "p": [195, 191] },
	{ "s": "ПОДДЪРЖАТ", "p": [195, 191, 189] },
	{ "s": "ПОДЗЕМНИТЕ", "p": [183] },
	{ "s": "ПОДИГРАВАТ", "p": [191] },
	{ "s": "ПОДИГРАВАТЕЛНИЯТ", "p": [199] },
	{ "s": "ПОДИГРАВАТЕЛНО", "p": [199] },
	{ "s": "ПОДИГРАЯТ", "p": [191] },
	{ "s": "ПОДИР", "p": [200, 184, 128] },
	{ "s": "ПОДИША", "p": [15] },
	{ "s": "ПОДКОВИТЕ", "p": [185] },
	{ "s": "ПОДКОЖИЕТО", "p": [129] },
	{ "s": "ПОДКОЖНО", "p": [65] },
	{ "s": "ПОДКРЕПА", "p": [168] },
	{ "s": "ПОДКУП", "p": [104] },
	{ "s": "ПОДКУПНА", "p": [30] },
	{ "s": "ПОДЛО", "p": [201] },
	{ "s": "ПОДМАМЕНИ", "p": [129] },
	{ "s": "ПОДМАТРАЧНА", "p": [148] },
	{ "s": "ПОДМЕТКА", "p": [143, 91] },
	{ "s": "ПОДМЕТКИ", "p": [43] },
	{ "s": "ПОДМИНА", "p": [200] },
	{ "s": "ПОДМИНАВАШ", "p": [83] },
	{ "s": "ПОДМИНАХА", "p": [194] },
	{ "s": "ПОДМИНЕ", "p": [200] },
	{ "s": "ПОДМОКРЕНА", "p": [198] },
	{ "s": "ПОДНЕСЕНА", "p": [190] },
	{ "s": "ПОДОБИЕ", "p": [202, 192] },
	{ "s": "ПОДОБНА", "p": [190] },
	{ "s": "ПОДОБНИ", "p": [200, 138] },
	{ "s": "ПОДОБНО", "p": [200, 33] },
	{ "s": "ПОДОБРЯВА", "p": [200] },
	{ "s": "ПОДОВЕТЕ", "p": [142] },
	{ "s": "ПОДОЗИРА", "p": [202] },
	{ "s": "ПОДОЗРИТЕЛНО", "p": [202, 190] },
	{ "s": "ПОДПРАВЕНО", "p": [44] },
	{ "s": "ПОДПУХНАЛАТА", "p": [200] },
	{ "s": "ПОДПУХНАЛОТО", "p": [83] },
	{ "s": "ПОДРАЗНИ", "p": [193] },
	{ "s": "ПОДРАСТВАЩИТЕ", "p": [191] },
	{ "s": "ПОДРЕДЕН", "p": [201] },
	{ "s": "ПОДРЕДЕНА", "p": [157] },
	{ "s": "ПОДРЕДЕНИ", "p": [33, 184, 73] },
	{ "s": "ПОДРЕЖДАНИ", "p": [185] },
	{ "s": "ПОДРИТНАТИ", "p": [183] },
	{ "s": "ПОДРОБНОСТИ", "p": [191] },
	{ "s": "ПОДСИЛЕН", "p": [195] },
	{ "s": "ПОДСЛОНЯТ", "p": [126] },
	{ "s": "ПОДТИКВА", "p": [186, 105] },
	{ "s": "ПОДТИКВАЙКИ", "p": [205] },
	{ "s": "ПОДТИКВАТ", "p": [144] },
	{ "s": "ПОДУШВАЛ", "p": [191] },
	{ "s": "ПОДУШИ", "p": [186] },
	{ "s": "ПОДХВЪРЛЯШ", "p": [186] },
	{ "s": "ПОДХОДИМ", "p": [26] },
	{ "s": "ПОДХОДЯЩА", "p": [197, 192] },
	{ "s": "ПОДХОДЯЩО", "p": [191] },
	{ "s": "ПОДХОЖДА", "p": [192] },
	{ "s": "ПОДХРАНВА", "p": [183] },
	{ "s": "ПОДЧЕРТАВА", "p": [200] },
	{ "s": "ПОДЧЕРТАНО", "p": [201, 200] },
	{ "s": "ПОДЪЛ", "p": [33] },
	{ "s": "ПОДЯЖДА", "p": [127] },
	{ "s": "ПОЕ", "p": [201] },
	{ "s": "ПОЕЗИЯ", "p": [97, 209, 194, 193, 2, 1] },
	{ "s": "ПОЕЗИЯТА", "p": [125, 1] },
	{ "s": "ПОЕМАНЕ", "p": [202] },
	{ "s": "ПОЕМАТ", "p": [191] },
	{ "s": "ПОЕТ", "p": [184, 74, 193, 192, 183, 131, 1] },
	{ "s": "ПОЕТА", "p": [63] },
	{ "s": "ПОЕТЕСА", "p": [193, 192, 183, 141] },
	{ "s": "ПОЕТИ", "p": [193, 183] },
	{ "s": "ПОЕТИТЕ", "p": [193, 161, 44] },
	{ "s": "ПОЕТИЧНИ", "p": [179] },
	{ "s": "ПОЕТИЧНО", "p": [125, 193] },
	{ "s": "ПОЕТИЧНОТО", "p": [192] },
	{ "s": "ПОЖАРИ", "p": [144, 13] },
	{ "s": "ПОЖАРНАТА", "p": [195] },
	{ "s": "ПОЖЕЛАЕ", "p": [202] },
	{ "s": "ПОЖЕЛАНИЕ", "p": [183] },
	{ "s": "ПОЖЕЛАХА", "p": [202] },
	{ "s": "ПОЖЕРТВАНИЯТ", "p": [56] },
	{ "s": "ПОЖИЗНЕНО", "p": [183] },
	{ "s": "ПОЗА", "p": [183] },
	{ "s": "ПОЗАБРАВЕНО", "p": [193] },
	{ "s": "ПОЗАГУБИЛ", "p": [193] },
	{ "s": "ПОЗАКРЕПИ", "p": [201] },
	{ "s": "ПОЗАКРЕПИЛ", "p": [202] },
	{ "s": "ПОЗАТА", "p": [198] },
	{ "s": "ПОЗВОЛЯВА", "p": [192] },
	{ "s": "ПОЗВОЛЯВАМЕ", "p": [188] },
	{ "s": "ПОЗВЪННАЛ", "p": [186] },
	{ "s": "ПОЗВЪНЯВАНИЯТА", "p": [202] },
	{ "s": "ПОЗДРАВ", "p": [183, 63] },
	{ "s": "ПОЗДРАВЛЕНИЯ", "p": [183] },
	{ "s": "ПОЗИ", "p": [169] },
	{ "s": "ПОЗНАВА", "p": [26] },
	{ "s": "ПОЗНАВАХА", "p": [197] },
	{ "s": "ПОЗНАВАЩИ", "p": [201] },
	{ "s": "ПОЗНАЕШ", "p": [166, 183] },
	{ "s": "ПОЗНАНИЕ", "p": [183] },
	{ "s": "ПОЗНАНИЯ", "p": [200] },
	{ "s": "ПОЗНАТ", "p": [202] },
	{ "s": "ПОЗНАТИ", "p": [194, 191, 183, 24] },
	{ "s": "ПОЗОР", "p": [98] },
	{ "s": "ПОЗОРНО", "p": [184, 183] },
	{ "s": "ПОЗЬОРСКОТО", "p": [186] },
	{ "s": "ПОИЗПИЛИЛИ", "p": [198] },
	{ "s": "ПОИЗЧЕРПАНАТА", "p": [33] },
	{ "s": "ПОИСКА", "p": [191] },
	{ "s": "ПОИСКАЛА", "p": [199] },
	{ "s": "ПОИСКАТ", "p": [188] },
	{ "s": "ПОИСКАХ", "p": [183, 74, 56] },
	{ "s": "ПОИСКАШ", "p": [191, 188] },
	{ "s": "ПОИСКВАНЕТО", "p": [202] },
	{ "s": "ПОКАЖА", "p": [119, 60] },
	{ "s": "ПОКАЗАТЕЛНИТЕ", "p": [44] },
	{ "s": "ПОКАЗАХА", "p": [202] },
	{ "s": "ПОКАЗВАТ", "p": [192, 44] },
	{ "s": "ПОКАЗНИ", "p": [191] },
	{ "s": "ПОКАЗНО", "p": [191, 194] },
	{ "s": "ПОКАНА", "p": [161] },
	{ "s": "ПОКАНАТА", "p": [199] },
	{ "s": "ПОКАНИШ", "p": [186] },
	{ "s": "ПОКАЯНО", "p": [62] },
	{ "s": "ПОКВАРАТА", "p": [111] },
	{ "s": "ПОКВАРЕНОСТТА", "p": [193] },
	{ "s": "ПОКЛАТИ", "p": [200] },
	{ "s": "ПОКЛОННИК", "p": [184] },
	{ "s": "ПОКОЛЕБАХ", "p": [198] },
	{ "s": "ПОКОЛЕНИЯ", "p": [191, 119] },
	{ "s": "ПОКОРНИ", "p": [129] },
	{ "s": "ПОКОРНОСТ", "p": [45] },
	{ "s": "ПОКОЯ", "p": [186] },
	{ "s": "ПОКРАЙ", "p": [194, 201, 191, 183] },
	{ "s": "ПОКРИ", "p": [186] },
	{ "s": "ПОКРИВАТ", "p": [93] },
	{ "s": "ПОКРИЛА", "p": [165] },
	{ "s": "ПОКРИТА", "p": [202, 180] },
	{ "s": "ПОКРИТИ", "p": [200] },
	{ "s": "ПОКРУСЕН", "p": [105] },
	{ "s": "ПОКЪЛВАЩИ", "p": [144, 103] },
	{ "s": "ПОКЪЛНАЛО", "p": [10] },
	{ "s": "ПОКЪЛНАХ", "p": [147] },
	{ "s": "ПОЛ", "p": [200, 192, 36] },
	{ "s": "ПОЛАЗВА", "p": [186] },
	{ "s": "ПОЛАТА", "p": [185] },
	{ "s": "ПОЛЕ", "p": [183, 193] },
	{ "s": "ПОЛЕЗЕН", "p": [185] },
	{ "s": "ПОЛЕЗНА", "p": [186] },
	{ "s": "ПОЛЕЗНО", "p": [139] },
	{ "s": "ПОЛЕЗНОСТ", "p": [66] },
	{ "s": "ПОЛЕЗРЕНИЕТО", "p": [202] },
	{ "s": "ПОЛЕКА", "p": [137] },
	{ "s": "ПОЛЕКА-ЛЕКА", "p": [137] },
	{ "s": "ПОЛЕМИКИ", "p": [191] },
	{ "s": "ПОЛЕПВАТ", "p": [185] },
	{ "s": "ПОЛЕТ", "p": [185, 171, 56, 28] },
	{ "s": "ПОЛЕТИ", "p": [105] },
	{ "s": "ПОЛЗА", "p": [188, 183] },
	{ "s": "ПОЛЗВАЛ", "p": [199] },
	{ "s": "ПОЛЗВАНИ", "p": [2] },
	{ "s": "ПОЛЗВАТЕ", "p": [1] },
	{ "s": "ПОЛЗВАШЕ", "p": [201] },
	{ "s": "ПОЛЗОТВОРНО", "p": [126] },
	{ "s": "ПОЛИГОН", "p": [202] },
	{ "s": "ПОЛИГОНИ", "p": [201] },
	{ "s": "ПОЛИТИК", "p": [188] },
	{ "s": "ПОЛИТИКА", "p": [190] },
	{ "s": "ПОЛИТИКАТА", "p": [188] },
	{ "s": "ПОЛИТИЦИ", "p": [191, 188] },
	{ "s": "ПОЛИТИЦИ-ПЕДОФИЛИ", "p": [191] },
	{ "s": "ПОЛИТИЧЕСКИ", "p": [191, 189] },
	{ "s": "ПОЛИТНАЛИ", "p": [4] },
	{ "s": "ПОЛИЦАИ", "p": [191] },
	{ "s": "ПОЛИЦАИТЕ", "p": [188] },
	{ "s": "ПОЛИЦАЙ", "p": [190, 104] },
	{ "s": "ПОЛИЦАЯ", "p": [188] },
	{ "s": "ПОЛИЦАЯТ", "p": [190] },
	{ "s": "ПОЛИЦЕЙСКИЯ", "p": [191] },
	{ "s": "ПОЛИЦИЯ", "p": [191] },
	{ "s": "ПОЛИЦИЯТА", "p": [191, 195] },
	{ "s": "ПОЛИЧБА", "p": [184] },
	{ "s": "ПОЛИЧБИ", "p": [126] },
	{ "s": "ПОЛИЧКИ", "p": [183] },
	{ "s": "ПОЛОВА", "p": [201, 200] },
	{ "s": "ПОЛОВИ", "p": [200] },
	{ "s": "ПОЛОВИН", "p": [202, 198, 194, 191] },
	{ "s": "ПОЛОВИНА", "p": [63, 191] },
	{ "s": "ПОЛОВИНА-ДВА", "p": [63] },
	{ "s": "ПОЛОВИНАТА", "p": [202] },
	{ "s": "ПОЛОВИНКА", "p": [201] },
	{ "s": "ПОЛОВИЯ", "p": [202] },
	{ "s": "ПОЛОВО", "p": [201] },
	{ "s": "ПОЛОЖЕНИЕТО", "p": [202] },
	{ "s": "ПОЛОМЕН", "p": [183] },
	{ "s": "ПОЛУБЕЗФОРМЕНА", "p": [188] },
	{ "s": "ПОЛУДА", "p": [185] },
	{ "s": "ПОЛУДЕЯ", "p": [194] },
	{ "s": "ПОЛУДРЯМКА", "p": [6] },
	{ "s": "ПОЛУМЪРТВАТА", "p": [191] },
	{ "s": "ПОЛУФАБРИКАТИ", "p": [183] },
	{ "s": "ПОЛУЧАВА", "p": [199, 192, 191] },
	{ "s": "ПОЛУЧАВАТ", "p": [191] },
	{ "s": "ПОЛУЧИ", "p": [202, 201, 194, 183] },
	{ "s": "ПОЛУЧИЛ", "p": [202] },
	{ "s": "ПОЛЪХ", "p": [183] },
	{ "s": "ПОЛЯТА", "p": [185, 109, 88, 53] },
	{ "s": "ПОМАЗАН", "p": [131] },
	{ "s": "ПОМЕЩЕНИЕ", "p": [200] },
	{ "s": "ПОМИСЛИ", "p": [183] },
	{ "s": "ПОМИЯ", "p": [182] },
	{ "s": "ПОМНИШ", "p": [53, 183, 100, 184, 38] },
	{ "s": "ПОМНЯ", "p": [3] },
	{ "s": "ПОМОГНА", "p": [205, 202] },
	{ "s": "ПОМОЛИШ", "p": [199] },
	{ "s": "ПОМОЩ", "p": [191] },
	{ "s": "ПОНЕ", "p": [202, 194, 192, 204, 201, 199, 198, 193, 191, 190, 189, 188, 186, 185, 183, 80, 40, 26, 13] },
	{ "s": "ПОНЕДЕЛНИК", "p": [79, 193] },
	{ "s": "ПОНЕДЕЛНИШКА", "p": [193] },
	{ "s": "ПОНЕДЕЛНИШКИ", "p": [79] },
	{ "s": "ПОНЕЖЕ", "p": [192, 79] },
	{ "s": "ПОНЕСАХА", "p": [202] },
	{ "s": "ПОНЕСЕН", "p": [204] },
	{ "s": "ПОНЕЧИ", "p": [202] },
	{ "s": "ПОНЕЧИЛ", "p": [201] },
	{ "s": "ПОНЕЧИХ", "p": [152] },
	{ "s": "ПОНИКВА", "p": [133] },
	{ "s": "ПОНИКНАХА", "p": [102] },
	{ "s": "ПОНРАВИ", "p": [193] },
	{ "s": "ПОНЯКОГА", "p": [192, 198, 194, 185, 199, 197, 161, 99, 71, 70, 44, 39] },
	{ "s": "ПОНЯТИЕ", "p": [191, 155] },
	{ "s": "ПОНЯТИЕТО", "p": [191, 189, 188] },
	{ "s": "ПОНЯТИЯ", "p": [192, 30, 26] },
	{ "s": "ПОНЯТИЯТА", "p": [191] },
	{ "s": "ПОНЯТНИ", "p": [202] },
	{ "s": "ПООТДЕЛНО", "p": [146] },
	{ "s": "ПОП", "p": [192, 104] },
	{ "s": "ПОП-ФОЛК", "p": [192] },
	{ "s": "ПОПА", "p": [191] },
	{ "s": "ПОПАГАНДАТА", "p": [188] },
	{ "s": "ПОПАДАЛИ", "p": [202] },
	{ "s": "ПОПАДАШЕ", "p": [202] },
	{ "s": "ПОПАДНА", "p": [202] },
	{ "s": "ПОПАДНАЛ", "p": [192] },
	{ "s": "ПОПАДНЕ", "p": [202] },
	{ "s": "ПОПАРЕНО", "p": [84] },
	{ "s": "ПОПИ", "p": [201] },
	{ "s": "ПОПИВАМ", "p": [56] },
	{ "s": "ПОПИВАНИ", "p": [111] },
	{ "s": "ПОПИВАТ", "p": [150] },
	{ "s": "ПОПИВАХ", "p": [60] },
	{ "s": "ПОПИВАШЕ", "p": [6] },
	{ "s": "ПОПИЕ", "p": [183] },
	{ "s": "ПОПИЛА", "p": [171] },
	{ "s": "ПОПИЛЕЕ", "p": [200] },
	{ "s": "ПОПИТА", "p": [188, 193, 48, 17] },
	{ "s": "ПОПИТАХ", "p": [199, 172, 53, 17] },
	{ "s": "ПОПИЯ", "p": [18] },
	{ "s": "ПОПЛАКА", "p": [202] },
	{ "s": "ПОПЛАЧЕМЕ", "p": [32] },
	{ "s": "ПОПЛЮВА", "p": [192] },
	{ "s": "ПОПРЕЧИ", "p": [183] },
	{ "s": "ПОПРИЩЕ", "p": [193] },
	{ "s": "ПОПУЛЯРНА", "p": [202] },
	{ "s": "ПОПУЛЯРНИЯТ", "p": [194] },
	{ "s": "ПОПУЛЯРНОСТТА", "p": [193] },
	{ "s": "ПОПФОЛК", "p": [188] },
	{ "s": "ПОПЪЛВАМ", "p": [183] },
	{ "s": "ПОПЪЛНЕНИЯ", "p": [176] },
	{ "s": "ПОПЪЛНИ", "p": [176] },
	{ "s": "ПОПЪЛНИЛА", "p": [202] },
	{ "s": "ПОПЪТНИЯТ", "p": [136] },
	{ "s": "ПОПЪТНО", "p": [18] },
	{ "s": "ПОРАДИ", "p": [200, 202, 201, 194, 197, 193] },
	{ "s": "ПОРАЖДА", "p": [191] },
	{ "s": "ПОРАЖДАШЕ", "p": [201] },
	{ "s": "ПОРАСНАЛАТА", "p": [111] },
	{ "s": "ПОРАСНАХ", "p": [147] },
	{ "s": "ПОРАСНАХМЕ", "p": [192] },
	{ "s": "ПОРАСНЕ", "p": [188] },
	{ "s": "ПОРАСТВАНЕ", "p": [38] },
	{ "s": "ПОРЕДНА", "p": [183] },
	{ "s": "ПОРЕДНАТА", "p": [194, 192, 189, 183, 8] },
	{ "s": "ПОРЕДНИТЕ", "p": [194] },
	{ "s": "ПОРЕДНИЯ", "p": [190, 189] },
	{ "s": "ПОРЕДНИЯТ", "p": [192, 190, 189, 183, 166, 99] },
	{ "s": "ПОРЕДНО", "p": [83] },
	{ "s": "ПОРЕДНОТО", "p": [190, 188, 83, 73] },
	{ "s": "ПОРИ", "p": [201] },
	{ "s": "ПОРИВ", "p": [198, 183, 11] },
	{ "s": "ПОРИВА", "p": [181] },
	{ "s": "ПОРНО", "p": [183, 126] },
	{ "s": "ПОРОБЕНО", "p": [15] },
	{ "s": "ПОРОДА", "p": [186] },
	{ "s": "ПОРОДИ", "p": [186] },
	{ "s": "ПОРОИ", "p": [183] },
	{ "s": "ПОРОЙНИ", "p": [202] },
	{ "s": "ПОРОК", "p": [148] },
	{ "s": "ПОРОКА", "p": [153] },
	{ "s": "ПОРОЦИ", "p": [151] },
	{ "s": "ПОРОЦИТЕ", "p": [109] },
	{ "s": "ПОРОЧЕН", "p": [147] },
	{ "s": "ПОРОЯ", "p": [186] },
	{ "s": "ПОРТАЛ", "p": [1] },
	{ "s": "ПОРТАЛА", "p": [120] },
	{ "s": "ПОРТМОНЕ", "p": [183] },
	{ "s": "ПОРТРЕТ", "p": [54] },
	{ "s": "ПОРТФЕЙЛ", "p": [192, 63] },
	{ "s": "ПОРУ", "p": [183] },
	{ "s": "ПОРЦЕЛАНОВИ", "p": [200] },
	{ "s": "ПОРЦЕЛАНОВО", "p": [139] },
	{ "s": "ПОРЦИЯ", "p": [200, 168] },
	{ "s": "ПОРЪСЕН", "p": [184] },
	{ "s": "ПОРЪЧКИ", "p": [191] },
	{ "s": "ПОРЯ", "p": [198] },
	{ "s": "ПОРЯДЪЧНО", "p": [101] },
	{ "s": "ПОСВЕТЕНО", "p": [193, 141] },
	{ "s": "ПОСВЕТИЛА", "p": [202] },
	{ "s": "ПОСВЕЩАВА", "p": [202] },
	{ "s": "ПОСВЕЩЕНИЕТО", "p": [202] },
	{ "s": "ПОСЕТЕТЕ", "p": [1] },
	{ "s": "ПОСЕТИ", "p": [202] },
	{ "s": "ПОСЕТЯ", "p": [194] },
	{ "s": "ПОСЕТЯТ", "p": [202] },
	{ "s": "ПОСЕЩАВАЛ", "p": [191] },
	{ "s": "ПОСЕЩЕНИЯ", "p": [194] },
	{ "s": "ПОСЛЕ", "p": [186, 192, 140, 199, 195, 185, 101, 73, 52, 43, 36, 31, 25, 24] },
	{ "s": "ПОСЛЕДВА", "p": [199] },
	{ "s": "ПОСЛЕДВАЛОТО", "p": [106] },
	{ "s": "ПОСЛЕДВАНА", "p": [200] },
	{ "s": "ПОСЛЕДЕН", "p": [64, 199, 183, 27] },
	{ "s": "ПОСЛЕДИЦИ", "p": [192] },
	{ "s": "ПОСЛЕДНАТА", "p": [202, 99, 44, 30] },
	{ "s": "ПОСЛЕДНИ", "p": [185] },
	{ "s": "ПОСЛЕДНИТЕ", "p": [202, 197, 194, 188, 102, 33, 21] },
	{ "s": "ПОСЛЕДНО", "p": [198, 146] },
	{ "s": "ПОСЛЕДНОТО", "p": [27] },
	{ "s": "ПОСЛЕДСТВИЯ", "p": [106, 91] },
	{ "s": "ПОСЛЕСЛОВ", "p": [185] },
	{ "s": "ПОСЛЕСЛОВИТЕ", "p": [185] },
	{ "s": "ПОСЛОВИЧНА", "p": [181] },
	{ "s": "ПОСЛУШНА", "p": [186] },
	{ "s": "ПОСОКА", "p": [200, 191, 153] },
	{ "s": "ПОСОКИ", "p": [183] },
	{ "s": "ПОСОКИТЕ", "p": [159] },
	{ "s": "ПОСОЛЯВАМ", "p": [92] },
	{ "s": "ПОСРЕБРЕНИ", "p": [29] },
	{ "s": "ПОСРЕД", "p": [192] },
	{ "s": "ПОСТ", "p": [183] },
	{ "s": "ПОСТ-РАЗДЯЛА", "p": [183] },
	{ "s": "ПОСТАВЯМЕ", "p": [184, 38] },
	{ "s": "ПОСТАВЯНЕ", "p": [21] },
	{ "s": "ПОСТАВЯШ", "p": [186, 31] },
	{ "s": "ПОСТЕЛЯ", "p": [183] },
	{ "s": "ПОСТЕЛЯТА", "p": [6] },
	{ "s": "ПОСТЕПЕННО", "p": [202] },
	{ "s": "ПОСТИГНАТО", "p": [192] },
	{ "s": "ПОСТИГНАХМЕ", "p": [188] },
	{ "s": "ПОСТИГНЕ", "p": [202, 197] },
	{ "s": "ПОСТИЖЕНИЯ", "p": [188] },
	{ "s": "ПОСТИЖИМАТА", "p": [149] },
	{ "s": "ПОСТИЛАМ", "p": [186] },
	{ "s": "ПОСТЛЮБОВНО", "p": [155] },
	{ "s": "ПОСТНА", "p": [160] },
	{ "s": "ПОСТОЯННО", "p": [183] },
	{ "s": "ПОСТОЯНСТВО", "p": [202, 201] },
	{ "s": "ПОСТОЯНСТВОТО", "p": [195] },
	{ "s": "ПОСТРОИ", "p": [178] },
	{ "s": "ПОСТЪПКА", "p": [201] },
	{ "s": "ПОСТЪПКИ", "p": [202] },
	{ "s": "ПОСЪРНАЛО", "p": [84] },
	{ "s": "ПОСЯГА", "p": [186] },
	{ "s": "ПОТ", "p": [195, 111, 104, 99] },
	{ "s": "ПОТАЙНОСТИ", "p": [200] },
	{ "s": "ПОТАЙНОТО", "p": [121] },
	{ "s": "ПОТАПЯН", "p": [184] },
	{ "s": "ПОТВЪРДЕНИ", "p": [191] },
	{ "s": "ПОТВЪРДИ", "p": [192] },
	{ "s": "ПОТВЪРДИЛ", "p": [199] },
	{ "s": "ПОТЕКЛО", "p": [192] },
	{ "s": "ПОТЕНЦИАЛ", "p": [202] },
	{ "s": "ПОТЕЧЕ", "p": [102] },
	{ "s": "ПОТИРИ", "p": [193] },
	{ "s": "ПОТИСКА", "p": [181] },
	{ "s": "ПОТИСКАТ", "p": [188] },
	{ "s": "ПОТИСНИЧЕСТВО", "p": [189] },
	{ "s": "ПОТИЧАМ", "p": [183] },
	{ "s": "ПОТИЧАМЕ", "p": [83] },
	{ "s": "ПОТИЧАТ", "p": [158] },
	{ "s": "ПОТИЧАЩА", "p": [55] },
	{ "s": "ПОТНА", "p": [63] },
	{ "s": "ПОТОК", "p": [153] },
	{ "s": "ПОТОКЪТ", "p": [202, 151] },
	{ "s": "ПОТОП", "p": [183] },
	{ "s": "ПОТОПИ", "p": [202] },
	{ "s": "ПОТОЦИ", "p": [107] },
	{ "s": "ПОТРЕБИТЕЛ", "p": [199] },
	{ "s": "ПОТРЕБИТЕЛИ", "p": [199] },
	{ "s": "ПОТРЕБИТЕЛКА", "p": [202] },
	{ "s": "ПОТРЕБИТЕЛЯ", "p": [188] },
	{ "s": "ПОТРЕБНИ", "p": [66] },
	{ "s": "ПОТРЕБНОСТИ", "p": [183, 186, 122] },
	{ "s": "ПОТРЕПЕРЯ", "p": [24] },
	{ "s": "ПОТРЕТЕНА", "p": [183] },
	{ "s": "ПОТРИВАШЕ", "p": [201] },
	{ "s": "ПОТРЯБВАМ", "p": [199] },
	{ "s": "ПОТУЛИ", "p": [190] },
	{ "s": "ПОТУПВАНЕ", "p": [201, 193, 164] },
	{ "s": "ПОТУШАВА", "p": [200] },
	{ "s": "ПОТУШИ", "p": [183] },
	{ "s": "ПОТЪВА", "p": [183] },
	{ "s": "ПОТЪВАЩИТЕ", "p": [144] },
	{ "s": "ПОТЪВАЩИЯТ", "p": [154] },
	{ "s": "ПОТЪНЕ", "p": [183] },
	{ "s": "ПОТЪПКАНАТА", "p": [202] },
	{ "s": "ПОТЪПКАНО", "p": [129] },
	{ "s": "ПОТЪРКАХ", "p": [75] },
	{ "s": "ПОТЪРПЕВШИ", "p": [191] },
	{ "s": "ПОТЪРПЕВШИТЕ", "p": [191] },
	{ "s": "ПОТЪРСИ", "p": [193] },
	{ "s": "ПОТЪРСИХ", "p": [183, 158] },
	{ "s": "ПОФЛИРТУВА", "p": [26] },
	{ "s": "ПОХВАЛИ", "p": [199, 191] },
	{ "s": "ПОХВАЛИТЕ", "p": [186] },
	{ "s": "ПОХВАЛЯТ", "p": [191] },
	{ "s": "ПОХВАТ", "p": [192] },
	{ "s": "ПОХВАТИ", "p": [192] },
	{ "s": "ПОХЛУПАК", "p": [103] },
	{ "s": "ПОХЛУПАЦИ", "p": [184, 38] },
	{ "s": "ПОХОДКА", "p": [191] },
	{ "s": "ПОХОТЛИВЕЦ", "p": [186] },
	{ "s": "ПОХОТЛИВОСТ", "p": [200] },
	{ "s": "ПОХОТНИ", "p": [62] },
	{ "s": "ПОЧАКАЙ", "p": [164] },
	{ "s": "ПОЧАКАТ", "p": [197] },
	{ "s": "ПОЧВА", "p": [192] },
	{ "s": "ПОЧВАТ", "p": [27] },
	{ "s": "ПОЧВАШ", "p": [199] },
	{ "s": "ПОЧВАШЕ", "p": [202, 199] },
	{ "s": "ПОЧВЕНО", "p": [131] },
	{ "s": "ПОЧВИ", "p": [26] },
	{ "s": "ПОЧЕРВА", "p": [124] },
	{ "s": "ПОЧЕРПЕН", "p": [154] },
	{ "s": "ПОЧЕТЕН", "p": [131] },
	{ "s": "ПОЧИВКА", "p": [185, 197, 193] },
	{ "s": "ПОЧИСТВАЩ", "p": [186] },
	{ "s": "ПОЧИСТИ", "p": [195] },
	{ "s": "ПОЧИТАТЕЛИ", "p": [200] },
	{ "s": "ПОЧНА", "p": [194, 18] },
	{ "s": "ПОЧНЕ", "p": [195] },
	{ "s": "ПОЧНЕШ", "p": [39] },
	{ "s": "ПОЧТИ", "p": [194, 193, 189, 186, 205, 202, 198, 192, 191, 188, 183, 173, 139, 57, 53, 10] },
	{ "s": "ПОЧУВСТВАШ", "p": [183] },
	{ "s": "ПОЧУДА", "p": [24] },
	{ "s": "ПОЧУКВАМ", "p": [201] },
	{ "s": "ПОШЛО", "p": [183, 131, 99, 21] },
	{ "s": "ПОЩАДА", "p": [184, 38, 14] },
	{ "s": "ПОЩАДЯТ", "p": [192] },
	{ "s": "ПОЩЕНСКАТА", "p": [138] },
	{ "s": "ПОЯВИ", "p": [202, 199, 193, 192] },
	{ "s": "ПОЯВЯВА", "p": [192] },
	{ "s": "ПОЯВЯВАТ", "p": [197] },
	{ "s": "ПРÙЛИВНА", "p": [30] },
	{ "s": "ПРАВ", "p": [183, 188] },
	{ "s": "ПРАВА", "p": [198, 193, 167, 134, 1] },
	{ "s": "ПРАВАТА", "p": [191] },
	{ "s": "ПРАВЕН", "p": [107] },
	{ "s": "ПРАВЕХА", "p": [202] },
	{ "s": "ПРАВЕШЕ", "p": [202] },
	{ "s": "ПРАВИ", "p": [194, 202, 201, 192, 183, 12] },
	{ "s": "ПРАВИЛ", "p": [194, 190] },
	{ "s": "ПРАВИЛНА", "p": [200] },
	{ "s": "ПРАВИЛНАТА", "p": [191] },
	{ "s": "ПРАВИЛНИЯТ", "p": [22] },
	{ "s": "ПРАВИЛНО", "p": [201] },
	{ "s": "ПРАВИЛНОТО", "p": [192] },
	{ "s": "ПРАВИМ", "p": [207, 184, 38] },
	{ "s": "ПРАВИТЕ", "p": [198] },
	{ "s": "ПРАВИТЕЛСТВО", "p": [188] },
	{ "s": "ПРАВИТЕЛСТВОТО", "p": [194] },
	{ "s": "ПРАВИШ", "p": [200] },
	{ "s": "ПРАВО", "p": [193, 191, 186, 183] },
	{ "s": "ПРАВОВО", "p": [103] },
	{ "s": "ПРАВОЛИНЕЙНОСТТА", "p": [183] },
	{ "s": "ПРАВОЪГЪЛНИ", "p": [160] },
	{ "s": "ПРАВЯ", "p": [185, 194, 192] },
	{ "s": "ПРАВЯТ", "p": [195, 191, 183] },
	{ "s": "ПРАГА", "p": [186] },
	{ "s": "ПРАГМАТИЧНО", "p": [185] },
	{ "s": "ПРАДЕДИТЕ", "p": [191] },
	{ "s": "ПРАЗЕН", "p": [63, 183, 186, 184, 177, 154, 142, 129] },
	{ "s": "ПРАЗНА", "p": [206, 186, 157, 138, 40] },
	{ "s": "ПРАЗНАТА", "p": [183, 14] },
	{ "s": "ПРАЗНЕНЕ", "p": [44] },
	{ "s": "ПРАЗНИ", "p": [155, 204, 142, 124, 119, 110, 81, 71, 58] },
	{ "s": "ПРАЗНИК", "p": [202] },
	{ "s": "ПРАЗНИНИТЕ", "p": [183] },
	{ "s": "ПРАЗНИТЕ", "p": [202, 170, 146, 96, 48] },
	{ "s": "ПРАЗНИЦИ", "p": [69] },
	{ "s": "ПРАЗНИЧЕН", "p": [200] },
	{ "s": "ПРАЗНИЧНО", "p": [184] },
	{ "s": "ПРАЗНИЧНОСТ", "p": [154] },
	{ "s": "ПРАЗНИЯ", "p": [204, 4] },
	{ "s": "ПРАЗНО", "p": [183, 185, 184, 171, 54, 53, 46, 39, 35, 19] },
	{ "s": "ПРАЗНОСЛОВИЕТО", "p": [129] },
	{ "s": "ПРАЗНОСЛОВИЯ", "p": [118] },
	{ "s": "ПРАЗНОСТИШИЯ", "p": [161] },
	{ "s": "ПРАЗНОТА", "p": [10] },
	{ "s": "ПРАЗНОТАТА", "p": [186] },
	{ "s": "ПРАЗНОТО", "p": [183, 123, 120, 109, 6] },
	{ "s": "ПРАЗНУВА", "p": [202] },
	{ "s": "ПРАЗНУВАЛИ", "p": [191] },
	{ "s": "ПРАКТИКА", "p": [190, 183, 61, 11] },
	{ "s": "ПРАКТИКАТА", "p": [191] },
	{ "s": "ПРАКТИКУВА", "p": [193] },
	{ "s": "ПРАКТИКУВАНЕ", "p": [183] },
	{ "s": "ПРАКТИЧЕСКИ", "p": [192] },
	{ "s": "ПРАНЕТО", "p": [195] },
	{ "s": "ПРАСКАШ", "p": [141] },
	{ "s": "ПРАТИ", "p": [206] },
	{ "s": "ПРАТИХ", "p": [178] },
	{ "s": "ПРАТКА", "p": [138] },
	{ "s": "ПРАХ", "p": [207, 191, 150, 109, 58] },
	{ "s": "ПРАХА", "p": [109, 75] },
	{ "s": "ПРАХТА", "p": [195] },
	{ "s": "ПРАХЪТ", "p": [207, 162, 86] },
	{ "s": "ПРАШЕН", "p": [183] },
	{ "s": "ПРАШЕЦ", "p": [105] },
	{ "s": "ПРАШЕЦЪТ", "p": [83] },
	{ "s": "ПРАШИНКА", "p": [184, 38] },
	{ "s": "ПРАШИНКИ", "p": [193, 100] },
	{ "s": "ПРАШНО", "p": [165, 32] },
	{ "s": "ПРАЩА", "p": [206] },
	{ "s": "ПРАЩАМ", "p": [61] },
	{ "s": "ПРАЩАШ", "p": [191, 185] },
	{ "s": "ПРАЩАШЕ", "p": [200] },
	{ "s": "ПРЕ", "p": [183, 11] },
	{ "s": "ПРЕ-ПРЕРАЗДАЛЕЧЕНИ", "p": [183, 11] },
	{ "s": "ПРЕБИВАНЕ", "p": [191] },
	{ "s": "ПРЕБИВАНЕТО", "p": [191] },
	{ "s": "ПРЕБИВАТ", "p": [191] },
	{ "s": "ПРЕБРОЖДАШ", "p": [186] },
	{ "s": "ПРЕБЪДЕ", "p": [68] },
	{ "s": "ПРЕБЪРКАН", "p": [164] },
	{ "s": "ПРЕБЪРКАНИ", "p": [169] },
	{ "s": "ПРЕВАЛИ", "p": [14] },
	{ "s": "ПРЕВЕДА", "p": [205] },
	{ "s": "ПРЕВЗEМАНА", "p": [22] },
	{ "s": "ПРЕВЗЕТО", "p": [70] },
	{ "s": "ПРЕВИВАМ", "p": [184] },
	{ "s": "ПРЕВИТА", "p": [117] },
	{ "s": "ПРЕВИШАВАНЕ", "p": [191] },
	{ "s": "ПРЕВОДИ", "p": [203] },
	{ "s": "ПРЕВОЗ", "p": [200] },
	{ "s": "ПРЕВОЗВА", "p": [192] },
	{ "s": "ПРЕВРЪЩА", "p": [192, 188] },
	{ "s": "ПРЕВРЪЩАШЕ", "p": [197] },
	{ "s": "ПРЕВЪЗМОГВАШЕ", "p": [202] },
	{ "s": "ПРЕВЪРНАЛ", "p": [193] },
	{ "s": "ПРЕВЪРНАТА", "p": [197] },
	{ "s": "ПРЕВЪРНАТО", "p": [188] },
	{ "s": "ПРЕВЪРНАХ", "p": [194] },
	{ "s": "ПРЕВЪРНАХА", "p": [110] },
	{ "s": "ПРЕВЪРНЕ", "p": [188] },
	{ "s": "ПРЕГАЗВА", "p": [191] },
	{ "s": "ПРЕГАЗЕНИТЕ", "p": [186] },
	{ "s": "ПРЕГАЗИ", "p": [104] },
	{ "s": "ПРЕГЛЕДА", "p": [191] },
	{ "s": "ПРЕГЛЪТНА", "p": [60, 48] },
	{ "s": "ПРЕГЛЪТНАТА", "p": [33] },
	{ "s": "ПРЕГЛЪТНАХ", "p": [75] },
	{ "s": "ПРЕГЛЪЩАМ", "p": [69] },
	{ "s": "ПРЕГРЕШЕНИЯ", "p": [183] },
	{ "s": "ПРЕГРИЗАНИ", "p": [122] },
	{ "s": "ПРЕГРЪДКА", "p": [183, 48, 14] },
	{ "s": "ПРЕГРЪДКАТА", "p": [160] },
	{ "s": "ПРЕГРЪДКИ", "p": [14] },
	{ "s": "ПРЕГРЪДКИТЕ", "p": [99] },
	{ "s": "ПРЕГРЪЩАНЕ", "p": [27] },
	{ "s": "ПРЕГЪРНАТИ", "p": [14, 6] },
	{ "s": "ПРЕГЪРНИ", "p": [28] },
	{ "s": "ПРЕД", "p": [183, 192, 207, 202, 193, 201, 199, 197, 191, 189, 188, 186, 185, 168, 156, 150, 129, 127, 118, 102, 99, 98, 53, 45, 14, 10] },
	{ "s": "ПРЕДАДЕНА", "p": [87] },
	{ "s": "ПРЕДАНА", "p": [87] },
	{ "s": "ПРЕДАПЛОДИСМЕНТНО", "p": [192] },
	{ "s": "ПРЕДАТЕЛСКА", "p": [183] },
	{ "s": "ПРЕДАТЕЛСТВАТА", "p": [53] },
	{ "s": "ПРЕДАТЕЛСТВО", "p": [183] },
	{ "s": "ПРЕДВАРИТЕЛНО", "p": [183] },
	{ "s": "ПРЕДВЕЩАНИЕТО", "p": [78] },
	{ "s": "ПРЕДВИЖДАШ", "p": [185] },
	{ "s": "ПРЕДЕЛНО", "p": [16] },
	{ "s": "ПРЕДЕЛНОСТИ", "p": [100] },
	{ "s": "ПРЕДИ", "p": [103, 192, 186, 183, 199, 49, 204, 202, 193, 190, 185, 159, 145, 144, 43, 38, 34, 19, 1] },
	{ "s": "ПРЕДИЗВИКАТЕЛНИ", "p": [201] },
	{ "s": "ПРЕДИЗВИКАТЕЛНО", "p": [201] },
	{ "s": "ПРЕДИЗВИКВА", "p": [200] },
	{ "s": "ПРЕДИЗВИКВАЩА", "p": [201] },
	{ "s": "ПРЕДИМНО", "p": [185, 200, 183, 136, 1] },
	{ "s": "ПРЕДИМСТВО", "p": [183] },
	{ "s": "ПРЕДИШНАТА", "p": [202] },
	{ "s": "ПРЕДИШНИЯТ", "p": [197] },
	{ "s": "ПРЕДЛАГА", "p": [191] },
	{ "s": "ПРЕДЛАГАТ", "p": [194] },
	{ "s": "ПРЕДЛАГАШ", "p": [83] },
	{ "s": "ПРЕДЛОЖИ", "p": [194] },
	{ "s": "ПРЕДЛОЖИЛА", "p": [199] },
	{ "s": "ПРЕДЛОЖИХА", "p": [192] },
	{ "s": "ПРЕДМЕТ", "p": [192, 183] },
	{ "s": "ПРЕДНАМЕРЕНА", "p": [192] },
	{ "s": "ПРЕДНАМЕРЕНО", "p": [190] },
	{ "s": "ПРЕДНАЧЕРТАН", "p": [200] },
	{ "s": "ПРЕДНИНАТА", "p": [127] },
	{ "s": "ПРЕДОПРЕДЕЛЕНАТА", "p": [45] },
	{ "s": "ПРЕДОПРЕДЕЛЕНО", "p": [183] },
	{ "s": "ПРЕДОПРЕДЕЛЕНОСТ", "p": [32] },
	{ "s": "ПРЕДОСТАВЯ", "p": [1] },
	{ "s": "ПРЕДПИСАНИЕ", "p": [183] },
	{ "s": "ПРЕДПЛАТЕНА", "p": [202] },
	{ "s": "ПРЕДПОЛАГА", "p": [195] },
	{ "s": "ПРЕДПОЛОЖИЛ", "p": [202] },
	{ "s": "ПРЕДПОЧЕЛ", "p": [204] },
	{ "s": "ПРЕДПОЧЕЛА", "p": [202] },
	{ "s": "ПРЕДПОЧЕЛИ", "p": [127] },
	{ "s": "ПРЕДПОЧЕТЕ", "p": [202, 192] },
	{ "s": "ПРЕДПОЧИТАМ", "p": [201] },
	{ "s": "ПРЕДПОЧИТАНО", "p": [129] },
	{ "s": "ПРЕДПОЧИТАТ", "p": [191] },
	{ "s": "ПРЕДПОЧИТАХ", "p": [183, 60] },
	{ "s": "ПРЕДПРИЕ", "p": [201] },
	{ "s": "ПРЕДПРИЕМЕ", "p": [191, 190] },
	{ "s": "ПРЕДПРИЯТИЯ", "p": [191] },
	{ "s": "ПРЕДПРОЛЕТНО", "p": [21] },
	{ "s": "ПРЕДПРОЩАЛНО", "p": [183] },
	{ "s": "ПРЕДРАЗБИТИ", "p": [183] },
	{ "s": "ПРЕДРАЗЛИСТЕНО", "p": [102] },
	{ "s": "ПРЕДРАЗПАДНИ", "p": [7] },
	{ "s": "ПРЕДРАЗПОЛАГАЩИ", "p": [200] },
	{ "s": "ПРЕДРАЗПЯТЪЧНОСТ", "p": [122] },
	{ "s": "ПРЕДРАЗСЪДЪЦИ", "p": [150] },
	{ "s": "ПРЕДРЕЧЕНО", "p": [183] },
	{ "s": "ПРЕДСЕДАТЕЛ", "p": [191] },
	{ "s": "ПРЕДСКАЗАНО", "p": [34] },
	{ "s": "ПРЕДСМЪРТНОТО", "p": [73, 46] },
	{ "s": "ПРЕДСТАВА", "p": [133] },
	{ "s": "ПРЕДСТАВЕТЕ", "p": [188] },
	{ "s": "ПРЕДСТАВИ", "p": [188, 183] },
	{ "s": "ПРЕДСТАВИТЕ", "p": [192] },
	{ "s": "ПРЕДСТАВИТЕЛ", "p": [189] },
	{ "s": "ПРЕДСТАВИТЕЛИТЕ", "p": [193] },
	{ "s": "ПРЕДСТАВИТЕЛКИТЕ", "p": [200] },
	{ "s": "ПРЕДСТАВЛЯВА", "p": [191] },
	{ "s": "ПРЕДСТАВЛЯВАТ", "p": [197] },
	{ "s": "ПРЕДСТАВЛЯВАШЕ", "p": [194] },
	{ "s": "ПРЕДСТАВЯ", "p": [202, 191] },
	{ "s": "ПРЕДСТАВЯШЕ", "p": [200] },
	{ "s": "ПРЕДСТОИ", "p": [176] },
	{ "s": "ПРЕДУПРЕДЯ", "p": [191] },
	{ "s": "ПРЕДЯВЯВА", "p": [197] },
	{ "s": "ПРЕЖАЛИ", "p": [60] },
	{ "s": "ПРЕЖДА", "p": [183, 84] },
	{ "s": "ПРЕЖИВЯВАХ", "p": [202] },
	{ "s": "ПРЕЗ", "p": [194, 89, 205, 202, 201, 188, 69, 206, 204, 200, 199, 197, 183, 181, 102, 100, 87, 63, 57, 53, 24, 20, 6, 3] },
	{ "s": "ПРЕЗЕРВАТИВИ", "p": [199] },
	{ "s": "ПРЕЗИРАШ", "p": [73] },
	{ "s": "ПРЕЗРЕНИЕ", "p": [202, 185, 107] },
	{ "s": "ПРЕЗРИТЕЛНО", "p": [129] },
	{ "s": "ПРЕИНАЧАТ", "p": [189] },
	{ "s": "ПРЕКАЛЕНА", "p": [183] },
	{ "s": "ПРЕКАЛЕНО", "p": [201, 184, 183, 166] },
	{ "s": "ПРЕКАЛИЛ", "p": [202] },
	{ "s": "ПРЕКАЛЯВАЛ", "p": [202] },
	{ "s": "ПРЕКАРА", "p": [202, 200] },
	{ "s": "ПРЕКАРАЛ", "p": [202] },
	{ "s": "ПРЕКАРАНО", "p": [193] },
	{ "s": "ПРЕКАРАХА", "p": [201] },
	{ "s": "ПРЕКАРВАШЕ", "p": [202] },
	{ "s": "ПРЕКИТЕ", "p": [192] },
	{ "s": "ПРЕКОМЕРНО", "p": [183] },
	{ "s": "ПРЕКРАСНА", "p": [201, 73, 204, 183, 173, 169, 163] },
	{ "s": "ПРЕКРАСНИ", "p": [186, 91] },
	{ "s": "ПРЕКРАСНО", "p": [202, 201, 129] },
	{ "s": "ПРЕКРАЧВАЙКИ", "p": [91] },
	{ "s": "ПРЕКРЪСТВАШ", "p": [69] },
	{ "s": "ПРЕКЪРШЕН", "p": [191, 183] },
	{ "s": "ПРЕКЪРШЕНИ", "p": [185, 88, 64] },
	{ "s": "ПРЕКЪСНА", "p": [199] },
	{ "s": "ПРЕКЪСНАТ", "p": [183, 11] },
	{ "s": "ПРЕЛЕСТИ", "p": [44] },
	{ "s": "ПРЕЛЕСТНО", "p": [72] },
	{ "s": "ПРЕЛЕТНО", "p": [72] },
	{ "s": "ПРЕЛЕЯТ", "p": [183] },
	{ "s": "ПРЕЛИВАХА", "p": [111] },
	{ "s": "ПРЕЛИВАЩА", "p": [167] },
	{ "s": "ПРЕМАЗАНА", "p": [98] },
	{ "s": "ПРЕМЕРЕНА", "p": [85] },
	{ "s": "ПРЕМЕРЕНО", "p": [192, 76] },
	{ "s": "ПРЕМЕСТИ", "p": [26] },
	{ "s": "ПРЕМЕСТЯ", "p": [178] },
	{ "s": "ПРЕМИЕРЪТ", "p": [189] },
	{ "s": "ПРЕМИНАВА", "p": [199] },
	{ "s": "ПРЕМИНАВАТ", "p": [207] },
	{ "s": "ПРЕМИНАВАШ", "p": [199] },
	{ "s": "ПРЕМИНАЛ", "p": [87] },
	{ "s": "ПРЕМИНАЛИ", "p": [75] },
	{ "s": "ПРЕМИНАХА", "p": [201] },
	{ "s": "ПРЕМИСЛЕНОСТ", "p": [183] },
	{ "s": "ПРЕМРЕЖВАТ", "p": [140] },
	{ "s": "ПРЕМРЕЖЕНО", "p": [111] },
	{ "s": "ПРЕМРЪЗНАХМЕ", "p": [20] },
	{ "s": "ПРЕНАСЯЙ", "p": [123] },
	{ "s": "ПРЕНЕБРЕГНАТИ", "p": [194] },
	{ "s": "ПРЕНЕСАТ", "p": [193] },
	{ "s": "ПРЕОДОЛЕЯ", "p": [43] },
	{ "s": "ПРЕОТКРИВАМ", "p": [137] },
	{ "s": "ПРЕПАРАТИ", "p": [157, 27] },
	{ "s": "ПРЕПИВАНЕ", "p": [184] },
	{ "s": "ПРЕПЛАКАНИ", "p": [183] },
	{ "s": "ПРЕПЛЕТЕНИ", "p": [185, 175, 70] },
	{ "s": "ПРЕПЛЕТЕНИТЕ", "p": [122] },
	{ "s": "ПРЕПОДРЕЖДА", "p": [106] },
	{ "s": "ПРЕПОДРЕЖДАНЕ", "p": [66, 30] },
	{ "s": "ПРЕПОКРИТАТА", "p": [133] },
	{ "s": "ПРЕПОРЪЧВАМ", "p": [204] },
	{ "s": "ПРЕПОРЪЧИТЕЛНИ", "p": [201] },
	{ "s": "ПРЕПОРЪЧИТЕЛНО", "p": [129] },
	{ "s": "ПРЕПРАВЕНА", "p": [119] },
	{ "s": "ПРЕПРАТКИ", "p": [190] },
	{ "s": "ПРЕПУДРЕНИ", "p": [185] },
	{ "s": "ПРЕПУСКАНЕ", "p": [181] },
	{ "s": "ПРЕПУСНА", "p": [53] },
	{ "s": "ПРЕПЪНАТО", "p": [60] },
	{ "s": "ПРЕРАБОТЕНА", "p": [188] },
	{ "s": "ПРЕРАЖДАНЕ", "p": [79] },
	{ "s": "ПРЕРАЖДАШ", "p": [52] },
	{ "s": "ПРЕРАЗДАЛЕЧЕНИ", "p": [183, 11] },
	{ "s": "ПРЕРАЗКАЗАНИ", "p": [191] },
	{ "s": "ПРЕРАЗКАЗВА", "p": [76] },
	{ "s": "ПРЕРАСНАТ", "p": [191] },
	{ "s": "ПРЕРЕЖДАН", "p": [122] },
	{ "s": "ПРЕСЕКАТ", "p": [126] },
	{ "s": "ПРЕСЕЧЕ", "p": [194, 162] },
	{ "s": "ПРЕСЕЧЕН", "p": [195, 162] },
	{ "s": "ПРЕСЕЧНИЦАТА", "p": [183] },
	{ "s": "ПРЕСИЛЕН", "p": [84] },
	{ "s": "ПРЕСИЛЕНИ", "p": [45] },
	{ "s": "ПРЕСИЛЕНО", "p": [183, 40] },
	{ "s": "ПРЕСИПВАНЕТО", "p": [186] },
	{ "s": "ПРЕСИЧАШЕ", "p": [70] },
	{ "s": "ПРЕСЛЕДВАНЕ", "p": [106, 14] },
	{ "s": "ПРЕСМЕТЛИВА", "p": [201] },
	{ "s": "ПРЕСМЕТЛИВОСТ", "p": [201] },
	{ "s": "ПРЕСМЕТНАТО", "p": [183] },
	{ "s": "ПРЕСОЛЕНОТО", "p": [183] },
	{ "s": "ПРЕСПИВАМ", "p": [186] },
	{ "s": "ПРЕСТАВАТ", "p": [133] },
	{ "s": "ПРЕСТАНАЛА", "p": [183, 11] },
	{ "s": "ПРЕСТОРЕНА", "p": [167] },
	{ "s": "ПРЕСТОРЕНИ", "p": [186] },
	{ "s": "ПРЕСТОРЕНО", "p": [184, 161, 129, 9] },
	{ "s": "ПРЕСТОРЕНОСТ", "p": [184, 45, 37] },
	{ "s": "ПРЕСТОЯВА", "p": [192] },
	{ "s": "ПРЕСТРУВАНЕ", "p": [192] },
	{ "s": "ПРЕСТРУВАХ", "p": [60] },
	{ "s": "ПРЕСТРУВКАТА", "p": [175] },
	{ "s": "ПРЕСТРУВКИ", "p": [48] },
	{ "s": "ПРЕСТРУВНИ", "p": [105] },
	{ "s": "ПРЕСТЪПЛЕНИЕ", "p": [191, 185] },
	{ "s": "ПРЕСТЪПЛЕНИЯ", "p": [191, 190] },
	{ "s": "ПРЕСТЪПНИ", "p": [194] },
	{ "s": "ПРЕСТЪПНИК", "p": [191] },
	{ "s": "ПРЕСТЪПНИЦИ", "p": [188] },
	{ "s": "ПРЕСТЪПНИЦИТЕ", "p": [191, 188] },
	{ "s": "ПРЕСТЪПНИЯ", "p": [190] },
	{ "s": "ПРЕСТЪРГВАНЕ", "p": [184] },
	{ "s": "ПРЕСУШАВАШЕ", "p": [111] },
	{ "s": "ПРЕСУШИХ", "p": [60] },
	{ "s": "ПРЕСЪЗДАВАНЕ", "p": [200] },
	{ "s": "ПРЕСЪХВАНЕ", "p": [27] },
	{ "s": "ПРЕСЪХВАЩАТА", "p": [98] },
	{ "s": "ПРЕСЪХНАЛИТЕ", "p": [158] },
	{ "s": "ПРЕТЕНДЕНТИ", "p": [192] },
	{ "s": "ПРЕТЕНДИРА", "p": [193] },
	{ "s": "ПРЕТЕНДИРАМЕ", "p": [66] },
	{ "s": "ПРЕТЕНДИРАХМЕ", "p": [198] },
	{ "s": "ПРЕТЕНЦИИ", "p": [202, 197, 103] },
	{ "s": "ПРЕТЕНЦИОЗНИ", "p": [192] },
	{ "s": "ПРЕТРУФЕНИ", "p": [185] },
	{ "s": "ПРЕТЪПКАН", "p": [194, 83] },
	{ "s": "ПРЕТЪРКОЛЕНА", "p": [83] },
	{ "s": "ПРЕТЪРСВА", "p": [164] },
	{ "s": "ПРЕТЪРСИХ", "p": [174] },
	{ "s": "ПРЕУПОТРЕБИ", "p": [202] },
	{ "s": "ПРЕФЪРЦУНЕНИ", "p": [44] },
	{ "s": "ПРЕХВЪРЛЯ", "p": [191] },
	{ "s": "ПРЕЦЕДЕНИ", "p": [73] },
	{ "s": "ПРЕЦЕЖДАНИ", "p": [185] },
	{ "s": "ПРЕЦЕНЯ", "p": [192] },
	{ "s": "ПРЕЦЕНЯВАШЕ", "p": [26] },
	{ "s": "ПРЕЧИСТВА", "p": [183] },
	{ "s": "ПРЕЧИСТВАНЕ", "p": [103] },
	{ "s": "ПРЕЧИСТВАТЕЛНА", "p": [188] },
	{ "s": "ПРЕЧИСТВАТЕЛНИ", "p": [191] },
	{ "s": "ПРЕЧИСТЕНА", "p": [192] },
	{ "s": "ПРЕЧКА", "p": [150] },
	{ "s": "ПРЕЧУПВАНЕ", "p": [133, 12] },
	{ "s": "ПРЕЧУПЕНИ", "p": [7] },
	{ "s": "ПРЕЧУПИХ", "p": [50] },
	{ "s": "ПРИ", "p": [191, 192, 201, 199, 198, 197, 206, 202, 195, 188, 56, 55, 54, 37, 33, 27] },
	{ "s": "ПРИ(В)ЛИЧАНЕ", "p": [37] },
	{ "s": "ПРИБЕРЕ", "p": [111] },
	{ "s": "ПРИБИРА", "p": [190] },
	{ "s": "ПРИБИРАНЕ", "p": [194] },
	{ "s": "ПРИБИРАТ", "p": [200] },
	{ "s": "ПРИБОИТЕ", "p": [92] },
	{ "s": "ПРИБОРИ", "p": [192] },
	{ "s": "ПРИБОЯ", "p": [183] },
	{ "s": "ПРИБРА", "p": [48, 202, 201] },
	{ "s": "ПРИБРАНИ", "p": [157] },
	{ "s": "ПРИБРАХ", "p": [68] },
	{ "s": "ПРИВАТИЗАЦИЯ", "p": [191] },
	{ "s": "ПРИВЕТЛИВИ", "p": [157] },
	{ "s": "ПРИВИДНО", "p": [194, 157, 140, 136, 33] },
	{ "s": "ПРИВЛЕКАТЕЛНА", "p": [198] },
	{ "s": "ПРИВЛИЧА", "p": [192, 135] },
	{ "s": "ПРИВЛИЧАНЕ", "p": [25] },
	{ "s": "ПРИВЛИЧАШ", "p": [186, 82] },
	{ "s": "ПРИВЪРЗАНИ", "p": [192] },
	{ "s": "ПРИВЪРЗАНОСТ", "p": [184, 200] },
	{ "s": "ПРИВЪРЗВАЙ", "p": [207] },
	{ "s": "ПРИГЛУШЕНА", "p": [18] },
	{ "s": "ПРИГОДЕН", "p": [15] },
	{ "s": "ПРИГОТВИЛА", "p": [192] },
	{ "s": "ПРИДАТЪК", "p": [120] },
	{ "s": "ПРИДОБИВАМ", "p": [52] },
	{ "s": "ПРИДОБИЕ", "p": [197] },
	{ "s": "ПРИДЪРЖАНЕ", "p": [195] },
	{ "s": "ПРИДЪРПВАТ", "p": [122] },
	{ "s": "ПРИЕ", "p": [202, 201] },
	{ "s": "ПРИЕМА", "p": [197, 104] },
	{ "s": "ПРИЕМАТ", "p": [188] },
	{ "s": "ПРИЕМАХ", "p": [103] },
	{ "s": "ПРИЕМЕ", "p": [192] },
	{ "s": "ПРИЕМЕМ", "p": [192] },
	{ "s": "ПРИЕТ", "p": [193] },
	{ "s": "ПРИЗА", "p": [183] },
	{ "s": "ПРИЗВАНИЕ", "p": [184, 151] },
	{ "s": "ПРИЗИВ", "p": [44] },
	{ "s": "ПРИЗИВА", "p": [149] },
	{ "s": "ПРИЗМА", "p": [183] },
	{ "s": "ПРИЗМАТА", "p": [57] },
	{ "s": "ПРИЗНАВАМ", "p": [92] },
	{ "s": "ПРИЗНАЕ", "p": [192, 55] },
	{ "s": "ПРИЗНАК", "p": [183] },
	{ "s": "ПРИЗНАНИЕ", "p": [192] },
	{ "s": "ПРИЗНАТ", "p": [184] },
	{ "s": "ПРИЗНАТА", "p": [141] },
	{ "s": "ПРИЗНАЯ", "p": [33] },
	{ "s": "ПРИЗОВАВАШЕ", "p": [197] },
	{ "s": "ПРИЗОВЕТЕ", "p": [149] },
	{ "s": "ПРИЗОРИ", "p": [44, 41] },
	{ "s": "ПРИЗРАЦИ", "p": [183, 149] },
	{ "s": "ПРИИЖДА", "p": [137] },
	{ "s": "ПРИИЖДАНЕ", "p": [102] },
	{ "s": "ПРИИСКА", "p": [185] },
	{ "s": "ПРИКАЗВАЙ", "p": [186, 141] },
	{ "s": "ПРИКАЗВАМ", "p": [35] },
	{ "s": "ПРИКАЗКА", "p": [53, 183, 90, 79] },
	{ "s": "ПРИКАЗКИ", "p": [149, 103, 76] },
	{ "s": "ПРИКАЗНА", "p": [94, 81] },
	{ "s": "ПРИКАЗНО", "p": [195, 41] },
	{ "s": "ПРИКАНВАЙКИ", "p": [205] },
	{ "s": "ПРИКАНВАЩО", "p": [61] },
	{ "s": "ПРИКАЧАТ", "p": [192] },
	{ "s": "ПРИКАЧИШ", "p": [192] },
	{ "s": "ПРИКЛЮЧИ", "p": [79] },
	{ "s": "ПРИКОВАЛ", "p": [191] },
	{ "s": "ПРИКОВАНИ", "p": [183, 119] },
	{ "s": "ПРИКРИВАМ", "p": [157, 83] },
	{ "s": "ПРИКРИВАМЕ", "p": [112] },
	{ "s": "ПРИКРИВАХ", "p": [53] },
	{ "s": "ПРИКРИТА", "p": [186] },
	{ "s": "ПРИКРИТАТА", "p": [184] },
	{ "s": "ПРИКРИТИ", "p": [31] },
	{ "s": "ПРИКРИТИЕ", "p": [184] },
	{ "s": "ПРИКРИТО", "p": [200, 164] },
	{ "s": "ПРИЛЕЖНО", "p": [66] },
	{ "s": "ПРИЛЕПИ", "p": [186, 167] },
	{ "s": "ПРИЛИВЪТ", "p": [137] },
	{ "s": "ПРИЛИКА", "p": [200, 193, 192] },
	{ "s": "ПРИЛИЧА", "p": [183, 98, 35] },
	{ "s": "ПРИЛИЧАМЕ", "p": [183, 11] },
	{ "s": "ПРИМ", "p": [123] },
	{ "s": "ПРИМ@ВИСТА", "p": [123] },
	{ "s": "ПРИМЕР", "p": [190] },
	{ "s": "ПРИМЕРЕН", "p": [192, 183] },
	{ "s": "ПРИМЕРНА", "p": [192] },
	{ "s": "ПРИМЕРНО", "p": [189] },
	{ "s": "ПРИМЕСЕНА", "p": [198, 192] },
	{ "s": "ПРИМИГНАХ", "p": [148] },
	{ "s": "ПРИМИЖВАТ", "p": [140] },
	{ "s": "ПРИНАДЛЕЖАЛИ", "p": [16] },
	{ "s": "ПРИНАДЛЕЖАХА", "p": [201] },
	{ "s": "ПРИНАДЛЕЖАЩИ", "p": [200] },
	{ "s": "ПРИНАДЛЕЖНОСТ", "p": [191] },
	{ "s": "ПРИНОСИ", "p": [107] },
	{ "s": "ПРИНОШЕНИЕ", "p": [34] },
	{ "s": "ПРИНУДЕНИ", "p": [44] },
	{ "s": "ПРИНУДЕНО", "p": [103, 101, 61] },
	{ "s": "ПРИНУДИ", "p": [201] },
	{ "s": "ПРИНУДИТЕЛНО", "p": [124] },
	{ "s": "ПРИНЦЕСА", "p": [200, 183] },
	{ "s": "ПРИНЦЕСАТА", "p": [63] },
	{ "s": "ПРИНЦЕСИ", "p": [192, 149] },
	{ "s": "ПРИНЦИП", "p": [199, 44] },
	{ "s": "ПРИНЦИПИ", "p": [183, 1] },
	{ "s": "ПРИНЦИПИТЕ", "p": [183] },
	{ "s": "ПРИНЦИПНО", "p": [202, 7] },
	{ "s": "ПРИНЦОВЕ", "p": [149, 103] },
	{ "s": "ПРИОРИТЕТИ", "p": [156] },
	{ "s": "ПРИПАДАТЕ", "p": [186] },
	{ "s": "ПРИПАДЪК", "p": [161] },
	{ "s": "ПРИПИРАМЕ", "p": [183] },
	{ "s": "ПРИПИСВАМЕ", "p": [32] },
	{ "s": "ПРИПКАЩА", "p": [168] },
	{ "s": "ПРИПЛАМТЯВАЩ", "p": [168] },
	{ "s": "ПРИПОЗНАТА", "p": [106] },
	{ "s": "ПРИПОЗНАЯ", "p": [24] },
	{ "s": "ПРИПЪРХВАЩИ", "p": [167] },
	{ "s": "ПРИПЯВАМ", "p": [92] },
	{ "s": "ПРИПЯВАТ", "p": [122] },
	{ "s": "ПРИПЯВАХА", "p": [201] },
	{ "s": "ПРИРИТА", "p": [183] },
	{ "s": "ПРИРОДАТА", "p": [198, 186] },
	{ "s": "ПРИРОДИ", "p": [186] },
	{ "s": "ПРИРОДНИТЕ", "p": [195] },
	{ "s": "ПРИРОДНО", "p": [185, 88] },
	{ "s": "ПРИСАЖДАМЕ", "p": [184, 38] },
	{ "s": "ПРИСВОЯВА", "p": [191] },
	{ "s": "ПРИСКЪРЦА", "p": [139] },
	{ "s": "ПРИСПАНА", "p": [208] },
	{ "s": "ПРИСПИВНИ", "p": [205] },
	{ "s": "ПРИСТЕГНАТО", "p": [15] },
	{ "s": "ПРИСТИГАНЕ", "p": [194, 143] },
	{ "s": "ПРИСТИГНАЛА", "p": [55] },
	{ "s": "ПРИСТИГНАХА", "p": [102] },
	{ "s": "ПРИСТРАСТЕНОСТ", "p": [191] },
	{ "s": "ПРИСТЪП", "p": [199] },
	{ "s": "ПРИСТЪПИ", "p": [183] },
	{ "s": "ПРИСЪДА", "p": [46, 36] },
	{ "s": "ПРИСЪДАТА", "p": [184] },
	{ "s": "ПРИСЪДИТЕ", "p": [103] },
	{ "s": "ПРИСЪСТВИЕ", "p": [193, 191, 189, 129] },
	{ "s": "ПРИСЪСТВИЕТО", "p": [192, 73] },
	{ "s": "ПРИСЪЩАТА", "p": [201, 200] },
	{ "s": "ПРИТЕЖАТЕЛ", "p": [15] },
	{ "s": "ПРИТЕЖАТЕЛКА", "p": [200] },
	{ "s": "ПРИТЕСНЕНА", "p": [185] },
	{ "s": "ПРИТЕСНЕНАТА", "p": [111] },
	{ "s": "ПРИТЕСНЕНИЕТО", "p": [183] },
	{ "s": "ПРИТЕСНИЛА", "p": [198] },
	{ "s": "ПРИТЕСНИТЕЛНО", "p": [191] },
	{ "s": "ПРИТЕСНЯВАЙ", "p": [200] },
	{ "s": "ПРИТЕСНЯВАТ", "p": [189] },
	{ "s": "ПРИТЕСНЯВАШ", "p": [199] },
	{ "s": "ПРИТЕЧЕ", "p": [186] },
	{ "s": "ПРИТИСНАТА", "p": [79] },
	{ "s": "ПРИТИСНАТО", "p": [5] },
	{ "s": "ПРИТИХВА", "p": [40] },
	{ "s": "ПРИТИХНА", "p": [139, 15] },
	{ "s": "ПРИТИЧАМ", "p": [194] },
	{ "s": "ПРИУМИЦА", "p": [192] },
	{ "s": "ПРИХВАЩАМ", "p": [185] },
	{ "s": "ПРИЦЕЛЕН", "p": [83] },
	{ "s": "ПРИЦЕЛЕНА", "p": [95] },
	{ "s": "ПРИЦЕЛЕНИ", "p": [183] },
	{ "s": "ПРИЦЕЛИ", "p": [159] },
	{ "s": "ПРИЧИНА", "p": [183, 15, 201, 200, 194, 193, 192] },
	{ "s": "ПРИЧИНАТА", "p": [199] },
	{ "s": "ПРИЧИНИ", "p": [202, 183, 138] },
	{ "s": "ПРИШПОРЕНИ", "p": [186] },
	{ "s": "ПРИЮТИ", "p": [89] },
	{ "s": "ПРИЯТЕЛ", "p": [199, 202, 201, 200, 191, 134, 15] },
	{ "s": "ПРИЯТЕЛИ", "p": [202, 183, 199, 185, 156] },
	{ "s": "ПРИЯТЕЛИТЕ", "p": [201, 167, 24] },
	{ "s": "ПРИЯТЕЛКА", "p": [199, 202, 201, 191] },
	{ "s": "ПРИЯТЕЛКАТА", "p": [199, 190] },
	{ "s": "ПРИЯТЕЛКИ", "p": [199, 202] },
	{ "s": "ПРИЯТЕЛСКИ", "p": [167, 199] },
	{ "s": "ПРИЯТЕЛСКИ-СЪРБЕЖНА", "p": [167] },
	{ "s": "ПРИЯТЕЛСКИТЕ", "p": [167, 134] },
	{ "s": "ПРИЯТЕЛСТВА", "p": [183, 53] },
	{ "s": "ПРИЯТЕЛСТВО", "p": [199, 167] },
	{ "s": "ПРИЯТЕЛСТВОТО", "p": [134] },
	{ "s": "ПРИЯТЕЛЧЕ", "p": [183] },
	{ "s": "ПРИЯТЕЛЮ", "p": [100, 183, 134] },
	{ "s": "ПРИЯТЕЛЯ", "p": [201] },
	{ "s": "ПРИЯТЕН", "p": [202] },
	{ "s": "ПРИЯТНО", "p": [186] },
	{ "s": "ПРОБВАТЕ", "p": [185] },
	{ "s": "ПРОБИВАТ", "p": [183] },
	{ "s": "ПРОБИВНА", "p": [55] },
	{ "s": "ПРОБИЕ", "p": [201] },
	{ "s": "ПРОБИХА", "p": [102] },
	{ "s": "ПРОБИЯ", "p": [18] },
	{ "s": "ПРОБЛЕМ", "p": [199, 189] },
	{ "s": "ПРОБЛЕМЪТ", "p": [202, 199] },
	{ "s": "ПРОБОДЕНИ", "p": [186, 124] },
	{ "s": "ПРОБОДЕНО", "p": [157] },
	{ "s": "ПРОБОЛА", "p": [139] },
	{ "s": "ПРОБУТА", "p": [189] },
	{ "s": "ПРОБУТВА", "p": [192] },
	{ "s": "ПРОБУТВАТ", "p": [188] },
	{ "s": "ПРОВАЛА", "p": [160] },
	{ "s": "ПРОВАЛЕНИ", "p": [166] },
	{ "s": "ПРОВАЛИ", "p": [27, 202, 191, 131, 32, 31] },
	{ "s": "ПРОВАЛИХА", "p": [191] },
	{ "s": "ПРОВАЛЯТ", "p": [149] },
	{ "s": "ПРОВАЛЯТЕ", "p": [186] },
	{ "s": "ПРОВЕЖДА", "p": [200] },
	{ "s": "ПРОВЕРЯВАНЕ", "p": [164] },
	{ "s": "ПРОВИДЕНИЕ", "p": [94] },
	{ "s": "ПРОВИНЦИАЛИСТЪТ", "p": [191] },
	{ "s": "ПРОВИНЦИАЛНО", "p": [191] },
	{ "s": "ПРОВИНЦИЯТА", "p": [191] },
	{ "s": "ПРОВЛАЧЕНИ", "p": [87] },
	{ "s": "ПРОВЛАЧИХ", "p": [50] },
	{ "s": "ПРОВОКИРА", "p": [200, 188] },
	{ "s": "ПРОВОКИРАНО", "p": [183] },
	{ "s": "ПРОВОКИРАШЕ", "p": [202] },
	{ "s": "ПРОГНИ", "p": [110] },
	{ "s": "ПРОГНИВАЩИЯТ", "p": [45] },
	{ "s": "ПРОГНИЛИ", "p": [186] },
	{ "s": "ПРОГНОЗА", "p": [95, 183] },
	{ "s": "ПРОГОНИ", "p": [56] },
	{ "s": "ПРОГОНИХ", "p": [119] },
	{ "s": "ПРОГРА́МНИ", "p": [183] },
	{ "s": "ПРОГРАМИ", "p": [108] },
	{ "s": "ПРОГРАМИРАНИ", "p": [159] },
	{ "s": "ПРОГРЕСА", "p": [138] },
	{ "s": "ПРОДАВА", "p": [188] },
	{ "s": "ПРОДАВАМЕ", "p": [122] },
	{ "s": "ПРОДАВАТ", "p": [188, 191, 167, 106] },
	{ "s": "ПРОДАЖБА", "p": [194] },
	{ "s": "ПРОДРАНА", "p": [160] },
	{ "s": "ПРОДРАНОТО", "p": [208] },
	{ "s": "ПРОДУКТ", "p": [192] },
	{ "s": "ПРОДУКТИ", "p": [192, 188] },
	{ "s": "ПРОДУКТНА", "p": [30] },
	{ "s": "ПРОДЪЛЖА", "p": [186, 145] },
	{ "s": "ПРОДЪЛЖАВА", "p": [200, 192] },
	{ "s": "ПРОДЪЛЖАВАМ", "p": [191, 185] },
	{ "s": "ПРОДЪЛЖАВАМЕ", "p": [188] },
	{ "s": "ПРОДЪЛЖИ", "p": [202, 201, 53] },
	{ "s": "ПРОДЪЛЖИХ", "p": [194] },
	{ "s": "ПРОДЪЛЖИХА", "p": [202] },
	{ "s": "ПРОДЪНЕН", "p": [104] },
	{ "s": "ПРОДЪНЕНА", "p": [160] },
	{ "s": "ПРОЕКТ", "p": [145] },
	{ "s": "ПРОЕКТО", "p": [183] },
	{ "s": "ПРОЕКТО-ПУШКИН", "p": [183] },
	{ "s": "ПРОЗА", "p": [1] },
	{ "s": "ПРОЗАИЧНИ", "p": [196] },
	{ "s": "ПРОЗВУЧА", "p": [198] },
	{ "s": "ПРОЗИРАТ", "p": [184] },
	{ "s": "ПРОЗОРЕЦА", "p": [205] },
	{ "s": "ПРОЗОРЦИ", "p": [189] },
	{ "s": "ПРОЗОРЦИТЕ", "p": [109, 205, 194] },
	{ "s": "ПРОЗРАЧЕН", "p": [186] },
	{ "s": "ПРОЗРАЧНА", "p": [186] },
	{ "s": "ПРОЗРАЧНИ", "p": [184, 38] },
	{ "s": "ПРОЗРИТЕЛНО", "p": [109] },
	{ "s": "ПРОЗЯВАМ", "p": [185] },
	{ "s": "ПРОЗЯВКА", "p": [194] },
	{ "s": "ПРОИЗВЕДЕ", "p": [202, 200] },
	{ "s": "ПРОИЗВЕДЕНИЕ", "p": [33] },
	{ "s": "ПРОИЗВЕДЕНИЕТО", "p": [191] },
	{ "s": "ПРОИЗВЕДЕНИЯ", "p": [193, 1] },
	{ "s": "ПРОИЗВЕДЕНИЯТА", "p": [192] },
	{ "s": "ПРОИЗВОДИТЕЛ", "p": [192] },
	{ "s": "ПРОИЗВОДНО", "p": [30] },
	{ "s": "ПРОИЗВОДСТВО", "p": [184, 200, 192] },
	{ "s": "ПРОИЗВОДСТВОТО", "p": [188] },
	{ "s": "ПРОКАЖЕНО", "p": [120, 69] },
	{ "s": "ПРОКАЗА", "p": [151] },
	{ "s": "ПРОКАЗНА", "p": [186] },
	{ "s": "ПРОКАПАЛА", "p": [198] },
	{ "s": "ПРОКАРА", "p": [23] },
	{ "s": "ПРОКАРАЛА", "p": [116] },
	{ "s": "ПРОКАРАНА", "p": [160] },
	{ "s": "ПРОКАРАХ", "p": [139] },
	{ "s": "ПРОКАРВА", "p": [55] },
	{ "s": "ПРОКАРВАМ", "p": [82] },
	{ "s": "ПРОКАРВАЩА", "p": [183] },
	{ "s": "ПРОКИСНАЛ", "p": [162] },
	{ "s": "ПРОКЛЕВАМ", "p": [184, 183] },
	{ "s": "ПРОКЛЕТ", "p": [151] },
	{ "s": "ПРОКЛЕТА", "p": [183] },
	{ "s": "ПРОКЛЕТАТА", "p": [154] },
	{ "s": "ПРОКЛЕТО", "p": [84] },
	{ "s": "ПРОКЛЯТИЕ", "p": [184, 183, 160] },
	{ "s": "ПРОКЛЯТИЯ", "p": [53, 46] },
	{ "s": "ПРОКЛЯТИЯТА", "p": [191] },
	{ "s": "ПРОКОБА", "p": [183, 106] },
	{ "s": "ПРОКРАДВА", "p": [9] },
	{ "s": "ПРОКРАДВАТ", "p": [121] },
	{ "s": "ПРОКРАДНАЛ", "p": [201] },
	{ "s": "ПРОКУДИШ", "p": [183, 159] },
	{ "s": "ПРОКЪЛНАТ", "p": [184] },
	{ "s": "ПРОКЪЛНАТО", "p": [190] },
	{ "s": "ПРОКЪЛНАТОСТ", "p": [106] },
	{ "s": "ПРОКЪСАНИ", "p": [45] },
	{ "s": "ПРОКЪСАХА", "p": [45] },
	{ "s": "ПРОЛАЗВАЙ", "p": [208] },
	{ "s": "ПРОЛЕТ", "p": [185, 183, 115, 102, 78, 28] },
	{ "s": "ПРОЛЕТИ", "p": [185] },
	{ "s": "ПРОЛЕТНА", "p": [78] },
	{ "s": "ПРОЛЕТНИ", "p": [62] },
	{ "s": "ПРОЛЕТНО", "p": [116, 102, 168] },
	{ "s": "ПРОЛЕТТА", "p": [183, 102, 148, 20] },
	{ "s": "ПРОЛИВЕН", "p": [186] },
	{ "s": "ПРОЛИЧАВА", "p": [199] },
	{ "s": "ПРОМЕНЕН", "p": [1] },
	{ "s": "ПРОМЕНИЛО", "p": [192] },
	{ "s": "ПРОМЕНИТЕ", "p": [133] },
	{ "s": "ПРОМЕНЛИВА", "p": [183] },
	{ "s": "ПРОМЕНЯ", "p": [194, 183] },
	{ "s": "ПРОМОТИРА", "p": [191] },
	{ "s": "ПРОМОЦИЯ", "p": [191, 134] },
	{ "s": "ПРОМЯНА", "p": [195] },
	{ "s": "ПРОНИЗА", "p": [53] },
	{ "s": "ПРОНИЗАНА", "p": [183] },
	{ "s": "ПРОНИЗВАШЕ", "p": [77] },
	{ "s": "ПРОНИЗВАЩО", "p": [10] },
	{ "s": "ПРОНИКВАМ", "p": [54] },
	{ "s": "ПРОНИКНОВЕН", "p": [83] },
	{ "s": "ПРОПАГАНДА", "p": [76] },
	{ "s": "ПРОПАДАМ", "p": [92] },
	{ "s": "ПРОПАДАХ", "p": [183] },
	{ "s": "ПРОПАДАШ", "p": [205] },
	{ "s": "ПРОПАДАЩА", "p": [183, 23] },
	{ "s": "ПРОПАДНА", "p": [4] },
	{ "s": "ПРОПАДНЯЦИ", "p": [202] },
	{ "s": "ПРОПИЛЕНИ", "p": [171] },
	{ "s": "ПРОПИЛЯВАТЕ", "p": [186] },
	{ "s": "ПРОПИСАХ", "p": [183] },
	{ "s": "ПРОПИТА", "p": [185] },
	{ "s": "ПРОПЛАКАНА", "p": [80] },
	{ "s": "ПРОПЛАКАХ", "p": [158] },
	{ "s": "ПРОПЛАКАХА", "p": [110] },
	{ "s": "ПРОПЛАКВА", "p": [183] },
	{ "s": "ПРОПЛАКВАТ", "p": [185, 88] },
	{ "s": "ПРОПОВЕДНИЦИ", "p": [156] },
	{ "s": "ПРОПОВЯДВАМЕ", "p": [112] },
	{ "s": "ПРОПОВЯДВАТ", "p": [188] },
	{ "s": "ПРОПОРЦИЯ", "p": [25] },
	{ "s": "ПРОПРАВЯЩ", "p": [186] },
	{ "s": "ПРОПУКА", "p": [148] },
	{ "s": "ПРОПУКВА", "p": [160] },
	{ "s": "ПРОПУСК", "p": [134] },
	{ "s": "ПРОПУСКАШЕ", "p": [200] },
	{ "s": "ПРОПУСНА", "p": [201, 199] },
	{ "s": "ПРОПЪЛЗИ", "p": [208] },
	{ "s": "ПРОПЪЛЗЯХА", "p": [110] },
	{ "s": "ПРОРЯЗАНА", "p": [183] },
	{ "s": "ПРОСЕХА", "p": [198] },
	{ "s": "ПРОСИ", "p": [10] },
	{ "s": "ПРОСИТБА", "p": [184, 119] },
	{ "s": "ПРОСЛОВУТИТЕ", "p": [189] },
	{ "s": "ПРОСМУКАНА", "p": [167] },
	{ "s": "ПРОСНАХ", "p": [43] },
	{ "s": "ПРОСТ", "p": [202] },
	{ "s": "ПРОСТАК", "p": [183] },
	{ "s": "ПРОСТАТА", "p": [199, 63] },
	{ "s": "ПРОСТАШКИ", "p": [202] },
	{ "s": "ПРОСТЕНО", "p": [41] },
	{ "s": "ПРОСТИ", "p": [186, 183, 107, 105, 24] },
	{ "s": "ПРОСТИЛ", "p": [24] },
	{ "s": "ПРОСТИНАЛА", "p": [79] },
	{ "s": "ПРОСТО", "p": [207, 183, 192, 206, 199, 191, 189, 184, 21, 202, 201, 198, 197, 190, 186, 185, 135, 134, 111, 105, 43, 33, 22, 15] },
	{ "s": "ПРОСТОР", "p": [4] },
	{ "s": "ПРОСТОТИИ", "p": [202, 138] },
	{ "s": "ПРОСТОТИЯ", "p": [183] },
	{ "s": "ПРОСТОТИЯТА", "p": [183] },
	{ "s": "ПРОСТРАНСТВА", "p": [204, 153, 110, 52] },
	{ "s": "ПРОСТРАНСТВАТА", "p": [110, 19] },
	{ "s": "ПРОСТРАНСТВО", "p": [199, 183] },
	{ "s": "ПРОСТРАНСТВОТО", "p": [198, 191] },
	{ "s": "ПРОСТРЕЛВА", "p": [190] },
	{ "s": "ПРОСТРЕЛЯ", "p": [190, 202, 53] },
	{ "s": "ПРОСТЯТ", "p": [197, 192] },
	{ "s": "ПРОСЪХНАЛИ", "p": [45] },
	{ "s": "ПРОТЕГНАТА", "p": [167] },
	{ "s": "ПРОТЕГНАХ", "p": [194, 119] },
	{ "s": "ПРОТЕЗИ", "p": [125, 121, 79] },
	{ "s": "ПРОТЕКОХ", "p": [198] },
	{ "s": "ПРОТЕКЪЛ", "p": [51] },
	{ "s": "ПРОТЕСТ", "p": [183] },
	{ "s": "ПРОТЕСТА", "p": [76] },
	{ "s": "ПРОТЕСТИ", "p": [71] },
	{ "s": "ПРОТЕСТИТЕ", "p": [79] },
	{ "s": "ПРОТЕСТНИ", "p": [191] },
	{ "s": "ПРОТЕЧЕ", "p": [85] },
	{ "s": "ПРОТИЧА", "p": [191] },
	{ "s": "ПРОТРИТИ", "p": [184] },
	{ "s": "ПРОТЯГАТ", "p": [192] },
	{ "s": "ПРОТЯГАШЕ", "p": [111] },
	{ "s": "ПРОУМЕЯ", "p": [205, 43] },
	{ "s": "ПРОУМЯЛ", "p": [33] },
	{ "s": "ПРОУЧИХ", "p": [191] },
	{ "s": "ПРОФАН", "p": [202] },
	{ "s": "ПРОФЕСИИ", "p": [203, 194] },
	{ "s": "ПРОФЕСИОНАЛЕН", "p": [192] },
	{ "s": "ПРОФЕСИОНАЛНИ", "p": [192] },
	{ "s": "ПРОФЕСИОНАЛНИТЕ", "p": [200] },
	{ "s": "ПРОФЕСИЯТА", "p": [190] },
	{ "s": "ПРОФИЛИ", "p": [199] },
	{ "s": "ПРОЦЕДИХ", "p": [194] },
	{ "s": "ПРОЦЕДУРИ", "p": [194] },
	{ "s": "ПРОЦЕС", "p": [194] },
	{ "s": "ПРОЧЕЕ", "p": [191, 200, 192, 189] },
	{ "s": "ПРОЧЕТАТ", "p": [193] },
	{ "s": "ПРОЧЕТЕ", "p": [159, 157, 85] },
	{ "s": "ПРОЧИСТИ", "p": [201] },
	{ "s": "ПРОШЕПВА", "p": [83] },
	{ "s": "ПРОШЕПНА", "p": [200] },
	{ "s": "ПРОШКА", "p": [10] },
	{ "s": "ПРОЩАВАНЕ", "p": [183] },
	{ "s": "ПРОЩАВАШ", "p": [185] },
	{ "s": "ПРОЯВАТА", "p": [33] },
	{ "s": "ПРОЯВИ", "p": [202] },
	{ "s": "ПРОЯВЯВА", "p": [190] },
	{ "s": "ПРОЯВЯВАЙКИ", "p": [186] },
	{ "s": "ПРОЯДЕН", "p": [186] },
	{ "s": "ПРОЯСНИ", "p": [202] },
	{ "s": "ПРУ", "p": [186] },
	{ "s": "ПРУ)Ж)УРИ(НИРА", "p": [186] },
	{ "s": "ПРЪВ", "p": [183] },
	{ "s": "ПРЪДНИ", "p": [198] },
	{ "s": "ПРЪКНА", "p": [183] },
	{ "s": "ПРЪСВАМ", "p": [183] },
	{ "s": "ПРЪСКА", "p": [185] },
	{ "s": "ПРЪСКАМ", "p": [29] },
	{ "s": "ПРЪСКАНЕ", "p": [118] },
	{ "s": "ПРЪСКАШЕ", "p": [183] },
	{ "s": "ПРЪСТ", "p": [201, 191, 189, 186, 103, 36, 15] },
	{ "s": "ПРЪСТА", "p": [183] },
	{ "s": "ПРЪСТЕНИ", "p": [186] },
	{ "s": "ПРЪСТИ", "p": [191, 185, 29] },
	{ "s": "ПРЪСТИТЕ", "p": [70] },
	{ "s": "ПРЪСТОСПЛИТАНЕ", "p": [167] },
	{ "s": "ПРЯК", "p": [201] },
	{ "s": "ПРЯСНА", "p": [142] },
	{ "s": "ПСЕВДО", "p": [202, 149, 52, 32] },
	{ "s": "ПСЕВДО-ДОН-ЖУАН", "p": [202] },
	{ "s": "ПСЕВДО-НЕПОРОЧНО", "p": [149] },
	{ "s": "ПСЕВДО-СЪВЪРШЕНСТВО", "p": [52] },
	{ "s": "ПСЕВДОНИМ", "p": [200] },
	{ "s": "ПСЕВДОСЪЩЕСТВУВАНЕ", "p": [161] },
	{ "s": "ПСИХИКА", "p": [190] },
	{ "s": "ПСИХИКАТА", "p": [202] },
	{ "s": "ПСИХОЗА", "p": [183] },
	{ "s": "ПСУВА", "p": [191, 111] },
	{ "s": "ПСУВАМ", "p": [188] },
	{ "s": "ПСУВАНЕ", "p": [129] },
	{ "s": "ПСУВНЯ", "p": [191] },
	{ "s": "ПТИЦА", "p": [185, 183, 115] },
	{ "s": "ПТИЦИ", "p": [204, 170, 44] },
	{ "s": "ПТИЦИТЕ", "p": [142, 109, 102] },
	{ "s": "ПТИЧА", "p": [185] },
	{ "s": "ПТИЧЕ", "p": [72] },
	{ "s": "ПТИЧИ", "p": [183, 171] },
	{ "s": "ПТИЧКИТЕ", "p": [194] },
	{ "s": "ПУБЛИКА", "p": [192] },
	{ "s": "ПУБЛИКАТА", "p": [192] },
	{ "s": "ПУБЛИКАЦИИТЕ", "p": [191] },
	{ "s": "ПУБЛИКУВА", "p": [192, 193] },
	{ "s": "ПУБЛИКУВАМ", "p": [194] },
	{ "s": "ПУБЛИКУВАН", "p": [1] },
	{ "s": "ПУБЛИКУВАНЕТО", "p": [192] },
	{ "s": "ПУБЛИКУВАНИ", "p": [1] },
	{ "s": "ПУБЛИКУВАТ", "p": [193] },
	{ "s": "ПУБЛИКУВАШЕ", "p": [193] },
	{ "s": "ПУБЛИКУВАЩ", "p": [192, 193] },
	{ "s": "ПУБЛИКУВАЩИТЕ", "p": [193] },
	{ "s": "ПУБЛИКУВАЩИЯТ", "p": [192] },
	{ "s": "ПУБЛИЦИСТ", "p": [193] },
	{ "s": "ПУБЛИЧНИ", "p": [191] },
	{ "s": "ПУКА", "p": [200, 189, 57] },
	{ "s": "ПУКАШЕ", "p": [202, 197] },
	{ "s": "ПУКНЕ", "p": [38] },
	{ "s": "ПУЛИ", "p": [183] },
	{ "s": "ПУЛС", "p": [40] },
	{ "s": "ПУЛСА", "p": [109] },
	{ "s": "ПУЛСИРА", "p": [183] },
	{ "s": "ПУЛСИРАМ", "p": [18] },
	{ "s": "ПУЛСОВ", "p": [40] },
	{ "s": "ПУЛСОВО", "p": [142] },
	{ "s": "ПУЛСЪТ", "p": [107] },
	{ "s": "ПУНКТИР", "p": [195] },
	{ "s": "ПУСКА", "p": [189] },
	{ "s": "ПУСКАХ", "p": [198] },
	{ "s": "ПУСКАХА", "p": [197] },
	{ "s": "ПУСНА", "p": [43] },
	{ "s": "ПУСНАТ", "p": [192] },
	{ "s": "ПУСНАХ", "p": [15] },
	{ "s": "ПУСНАХА", "p": [194] },
	{ "s": "ПУСТА", "p": [173] },
	{ "s": "ПУСТАТА", "p": [200, 183] },
	{ "s": "ПУСТИННО", "p": [151] },
	{ "s": "ПУСТИНЯ", "p": [177, 10] },
	{ "s": "ПУСТИНЯТА", "p": [188] },
	{ "s": "ПУСТИЯТ", "p": [139] },
	{ "s": "ПУСТО", "p": [171, 122] },
	{ "s": "ПУСТОТА", "p": [10] },
	{ "s": "ПУСТОШ", "p": [183] },
	{ "s": "ПУСТОШТА", "p": [192] },
	{ "s": "ПУТКА", "p": [183] },
	{ "s": "ПУША", "p": [202] },
	{ "s": "ПУШЕНЕ", "p": [202] },
	{ "s": "ПУШЕЦИ", "p": [186] },
	{ "s": "ПУШЕЩ", "p": [114] },
	{ "s": "ПУШИ", "p": [115] },
	{ "s": "ПУШИМ", "p": [198] },
	{ "s": "ПУШКИ", "p": [191] },
	{ "s": "ПУШКИН", "p": [183] },
	{ "s": "ПФУ", "p": [185] },
	{ "s": "ПЪЗЕЛ", "p": [201] },
	{ "s": "ПЪЗЕЛА", "p": [33] },
	{ "s": "ПЪЗЕЛИ", "p": [184] },
	{ "s": "ПЪЗЛЕСТ", "p": [33] },
	{ "s": "ПЪК", "p": [201, 198, 202, 185, 36, 200, 195, 193, 192, 186, 183, 103, 79, 33, 16] },
	{ "s": "ПЪКЛЕНО", "p": [145] },
	{ "s": "ПЪКЪЛ", "p": [18] },
	{ "s": "ПЪЛЕН", "p": [201] },
	{ "s": "ПЪЛЗИ", "p": [57] },
	{ "s": "ПЪЛЗЯХ", "p": [145] },
	{ "s": "ПЪЛНА", "p": [195] },
	{ "s": "ПЪЛНЕЖ", "p": [185, 142] },
	{ "s": "ПЪЛНЕШЕ", "p": [202] },
	{ "s": "ПЪЛНИ", "p": [204] },
	{ "s": "ПЪЛНО", "p": [202, 138] },
	{ "s": "ПЪЛНОЛУНИЕ", "p": [183] },
	{ "s": "ПЪЛНОЛУНИЕТО", "p": [63] },
	{ "s": "ПЪЛНОТО", "p": [183] },
	{ "s": "ПЪЛНЯ", "p": [65] },
	{ "s": "ПЪПА", "p": [22] },
	{ "s": "ПЪПКА", "p": [171, 133] },
	{ "s": "ПЪПЛИ", "p": [183, 145] },
	{ "s": "ПЪПНА", "p": [183] },
	{ "s": "ПЪРВА", "p": [191, 183, 194] },
	{ "s": "ПЪРВАТА", "p": [192, 188] },
	{ "s": "ПЪРВИ", "p": [183] },
	{ "s": "ПЪРВИТЕ", "p": [183, 33] },
	{ "s": "ПЪРВИЧНА", "p": [107] },
	{ "s": "ПЪРВИЯТ", "p": [193] },
	{ "s": "ПЪРВНОНАЧАЛНО", "p": [33] },
	{ "s": "ПЪРВО", "p": [199, 186] },
	{ "s": "ПЪРВОБИТНОСТ", "p": [106] },
	{ "s": "ПЪРВОКАЧЕСТВЕНИ", "p": [202] },
	{ "s": "ПЪРВОНАЧАЛНА", "p": [33] },
	{ "s": "ПЪРВОНАЧАЛНАТА", "p": [201] },
	{ "s": "ПЪРВОНАЧАЛНО", "p": [202, 193] },
	{ "s": "ПЪРВОТО", "p": [189] },
	{ "s": "ПЪРДИ", "p": [139] },
	{ "s": "ПЪРЖАТ", "p": [183] },
	{ "s": "ПЪРПОРУ", "p": [183] },
	{ "s": "ПЪРФОРМЪР", "p": [192] },
	{ "s": "ПЪСТРЕНА", "p": [62] },
	{ "s": "ПЪСТРИ", "p": [186] },
	{ "s": "ПЪСТРО", "p": [62] },
	{ "s": "ПЪСТРОЦВЕТЕН", "p": [114] },
	{ "s": "ПЪСТРОЦВЕТНА", "p": [186] },
	{ "s": "ПЪТ", "p": [183, 24, 12, 202, 199, 198, 194, 193, 189, 188, 186, 185, 181, 178, 148, 132, 126, 106, 98, 88, 63, 27, 3] },
	{ "s": "ПЪТЕКА", "p": [188, 194, 126] },
	{ "s": "ПЪТЕКАТА", "p": [194] },
	{ "s": "ПЪТЕКИ", "p": [191, 151, 63] },
	{ "s": "ПЪТИ", "p": [192, 189, 183, 75, 44] },
	{ "s": "ПЪТИТЕ", "p": [201] },
	{ "s": "ПЪТИЩА", "p": [192, 177, 122, 66] },
	{ "s": "ПЪТИЩАТА", "p": [195, 192, 188, 153, 126] },
	{ "s": "ПЪТНИКЪТ", "p": [186] },
	{ "s": "ПЪТНИЦИ", "p": [200] },
	{ "s": "ПЪТУВАНЕ", "p": [194] },
	{ "s": "ПЪТУВАНИЯ", "p": [202] },
	{ "s": "ПЪТЯ", "p": [202, 191, 184, 183, 154] },
	{ "s": "ПЪТЯТ", "p": [19] },
	{ "s": "ПЪЧИМ", "p": [183] },
	{ "s": "ПЯНА", "p": [41] },
	{ "s": "ПЯСЪК", "p": [93, 71, 48] },
	{ "s": "ПЯСЪКА", "p": [24] },
	{ "s": "ПЯСЪКЪТ", "p": [178, 93] },
	{ "s": "ПЯСЪЦИ", "p": [153, 184, 151, 112, 38, 24] },
	{ "s": "ПЯСЪЧЕН", "p": [177] },
	{ "s": "ПЯСЪЧНА", "p": [177] },
	{ "s": "ПЯСЪЧНИ", "p": [176] },
	{ "s": "ПЯСЪЧНО", "p": [205, 142, 122, 109] }
]