[
	{ "fileName": "0xu0030.json", "first": "0", "last": "0БИЧ" },
	{ "fileName": "0xu0031.json", "first": "1", "last": "1959" },
	{ "fileName": "0xu0032.json", "first": "2", "last": "29.12.2009" },
	{ "fileName": "0xu0033.json", "first": "3", "last": "3Х4" },
	{ "fileName": "0xu0034.json", "first": "4", "last": "450" },
	{ "fileName": "0xu0035.json", "first": "5", "last": "56" },
	{ "fileName": "0xu0036.json", "first": "6", "last": "60" },
	{ "fileName": "0xu0037.json", "first": "7", "last": "750" },
	{ "fileName": "0xu0038.json", "first": "8", "last": "8.08.08" },
	{ "fileName": "0xu0039.json", "first": "9", "last": "99" },
	{ "fileName": "0xu0041.json", "first": "A", "last": "AЗ" },
	{ "fileName": "0xu0042.json", "first": "BABY", "last": "BY-PRODUCTS" },
	{ "fileName": "0xu0043.json", "first": "C", "last": "CUTTING" },
	{ "fileName": "0xu0044.json", "first": "D", "last": "DYING" },
	{ "fileName": "0xu0045.json", "first": "E", "last": "EСТЕТИЧНО" },
	{ "fileName": "0xu0046.json", "first": "F", "last": "FULL" },
	{ "fileName": "0xu0047.json", "first": "GAINING", "last": "GSMИТЕ" },
	{ "fileName": "0xu0048.json", "first": "HAD", "last": "HUSKY" },
	{ "fileName": "0xu0049.json", "first": "I", "last": "I’LL" },
	{ "fileName": "0xu004a.json", "first": "JURY", "last": "JUST" },
	{ "fileName": "0xu004b.json", "first": "KAK", "last": "KNOWS" },
	{ "fileName": "0xu004c.json", "first": "LABYRINTHS", "last": "LUNG" },
	{ "fileName": "0xu004d.json", "first": "M", "last": "MЪЖЪТ" },
	{ "fileName": "0xu004e.json", "first": "N", "last": "NUMBER" },
	{ "fileName": "0xu004f.json", "first": "OCEAN", "last": "OЧИТЕ" },
	{ "fileName": "0xu0050.json", "first": "PACKAGE", "last": "PRODUCTS" },
	{ "fileName": "0xu0051.json", "first": "QUAKING", "last": "QUITTE" },
	{ "fileName": "0xu0052.json", "first": "RACE", "last": "ROTTING" },
	{ "fileName": "0xu0053.json", "first": "S", "last": "SWIM" },
	{ "fileName": "0xu0054.json", "first": "T", "last": "TОГАВА" },
	{ "fileName": "0xu0055.json", "first": "UNBORN", "last": "US" },
	{ "fileName": "0xu0056.json", "first": "V", "last": "VULTURES" },
	{ "fileName": "0xu0057.json", "first": "WAKING", "last": "WRONG" },
	{ "fileName": "0xu0058.json", "first": "X2", "last": "X2" },
	{ "fileName": "0xu0059.json", "first": "YO", "last": "YOU’LL" },
	{ "fileName": "0xu005a.json", "first": "ZABAWNO", "last": "ZABAWNO" },
	{ "fileName": "0xu00d9.json", "first": "Ù", "last": "Ù" },
	{ "fileName": "0xu00da.json", "first": "Ú", "last": "Ú" },
	{ "fileName": "0xu040d.json", "first": "Ѝ", "last": "Ѝ" },
	{ "fileName": "0xu0410.json", "first": "А", "last": "АХМЕД" },
	{ "fileName": "0xu0411.json", "first": "Б", "last": "БЯХМЕ" },
	{ "fileName": "0xu0412.json", "first": "В", "last": "ВЯТЪРЪТ" },
	{ "fileName": "0xu0413.json", "first": "Г", "last": "ГЪСТОСЛУЗЕСТА" },
	{ "fileName": "0xu0414.json", "first": "Д", "last": "ДЯСНО" },
	{ "fileName": "0xu0415.json", "first": "Е", "last": "ЕЯКУЛИРАЛ" },
	{ "fileName": "0xu0416.json", "first": "Ж", "last": "ЖЪЛТО" },
	{ "fileName": "0xu0417.json", "first": "ЗÁКРЕПИ", "last": "ЗЪРНА" },
	{ "fileName": "0xu0418.json", "first": "И", "last": "ИЩЕЦА" },
	{ "fileName": "0xu0419.json", "first": "Й", "last": "ЙОАНЕН" },
	{ "fileName": "0xu041a.json", "first": "К", "last": "К’ЪВ" },
	{ "fileName": "0xu041b.json", "first": "ЛАБИЛНА", "last": "ЛЯТО" },
	{ "fileName": "0xu041c.json", "first": "М", "last": "МЯСТОТО" },
	{ "fileName": "0xu041d.json", "first": "НА", "last": "НЯМОТО" },
	{ "fileName": "0xu041e.json", "first": "О", "last": "ОЩЕТИ" },
	{ "fileName": "0xu041f.json", "first": "П", "last": "ПЯСЪЧНО" },
	{ "fileName": "0xu0420.json", "first": "РÓБОТОПОДОБНИ", "last": "РЯЗКО" },
	{ "fileName": "0xu0421.json", "first": "С", "last": "СЯНКАТА" },
	{ "fileName": "0xu0422.json", "first": "Т", "last": "Т’ВА" },
	{ "fileName": "0xu0423.json", "first": "У", "last": "УШИТЕ" },
	{ "fileName": "0xu0424.json", "first": "ФАКТ", "last": "ФЪРЛЯМ" },
	{ "fileName": "0xu0425.json", "first": "Х", "last": "ХЪС" },
	{ "fileName": "0xu0426.json", "first": "ЦАПА", "last": "ЦЯЛОТО" },
	{ "fileName": "0xu0427.json", "first": "ЧАДЪР", "last": "ЧУЧЕЛОТО" },
	{ "fileName": "0xu0428.json", "first": "ША", "last": "ШУТОВЕ" },
	{ "fileName": "0xu0429.json", "first": "ЩАМПА", "last": "ЩЯХМЕ" },
	{ "fileName": "0xu042a.json", "first": "Ъ́", "last": "ЪГЪЛА" },
	{ "fileName": "0xu042e.json", "first": "Ю́", "last": "ЮРИДИЧЕСКАТА" },
	{ "fileName": "0xu042f.json", "first": "Я", "last": "ЯХНАЛИ" }
]